"","sew1","pass2","ret3","red4","grn5","blu6","pur7","yel8","cer9","wes10","sew11","sewa","passa","reta","reda","grna","blua","pura","yela","cera","wesa","pass","ret","red","grn","blu","pur","yel","cer","wes","sew","passt","rett","redt","grnt","blut","purt","yelt","cert","west","sew14","pass14","ret14","red14","grn14","blu14","pur14","yel14","cer14","wes14"
"1",99.5583173577486,"word",-0.879107183139112,0.349256759742275,1.42277848441154,245,1,"pec",1,4575.71503470954,100.674487992507,101.520774453329,"word",0.706313749291676,0.395520464982837,0.152141852304339,637,1,"pec",1,4923.02842308131,"word",0.978912157734486,0.704127333592623,8.62960836384445,90,1,"pec",1,4819.47549124373,99.2873725014283,"word",0.485710170159217,0.461793779861182,8.18488412769511,573,1,"pec",1,5076.47067064348,100.249063493132,"word",1.10649945878813,0.359125379472971,9.75331288762391,31,1,"pec",1,5024.9098905307
"2",100.156589884632,"word",-0.730363857871846,0.833638807293028,1.91568540642038,755,2,"pec",1,5166.35734559756,100.082791065562,99.1363408246918,"word",0.887155361369127,0.186486788559705,7.48475742293522,926,2,"pec",1,5156.99958235989,"word",0.503344550011427,0.26785886567086,5.48425783170387,546,2,"pec",1,5121.34996962179,99.2678733576059,"word",1.5690372997889,0.147102715214714,5.86438020691276,565,2,"pec",1,4971.69050871189,101.031195793227,"word",-0.153328146136042,0.826848775381222,8.70860904222354,774,2,"pec",1,4957.40075651127
"3",99.0639359546564,"word",0.163565633481309,0.344053061446175,5.22845113649964,761,3,"pec",1,5227.93122457141,99.4086101195999,98.8570434180871,"word",0.835696903384377,0.759846436558291,4.21489965170622,513,3,"pec",1,5036.1666023508,"word",0.696471241664182,0.859643721720204,7.66336470609531,522,3,"pec",1,5138.76127535249,100.235422352832,"word",-0.427532251227836,0.661036960780621,8.23071625549346,609,3,"pec",1,5038.12286853928,100.813002276626,"word",-0.814595197012989,0.277833535568789,5.85990262916312,530,3,"pec",1,5274.34865152399
"4",99.4424886793574,"word",-0.585287483077741,0.858929557492957,7.39317384315655,82,4,"pec",1,4945.85645900757,100.501035625869,98.4904194842256,"word",1.19963785903197,0.189461446134374,5.23588822223246,251,4,"pec",1,5193.193030478,"word",-0.0580113073113762,0.34514805325307,1.97068488458171,497,4,"pec",1,5019.70638127353,99.0555271482765,"word",0.0946997579661724,0.941720091272146,0.739298746921122,994,4,"pec",1,4612.42577517487,99.3009429608336,"word",0.109570459735257,0.32706456631422,2.54072703188285,601,4,"pec",1,5480.15203404588
"5",98.6451279165959,"word",-1.29066236238989,0.895336316665635,6.84002945432439,318,5,"pec",1,5349.54925534976,98.4503458138445,100.123958632384,"word",-0.861403159015295,0.600346629275009,6.72811939148232,975,5,"pec",1,4820.08435417405,"word",-0.937997553923259,0.261276427656412,2.27095940848812,700,5,"pec",1,4885.65745475078,101.570342046518,"word",-1.06218446533907,0.824804133269936,6.21004338609055,678,5,"pec",1,5071.21771140403,99.4989917166787,"word",-0.458124493709902,0.437572284368798,0.18487035529688,51,5,"pec",1,4932.80554123857
"6",99.013337725277,"word",0.324984787089323,0.789247486973181,1.35934243910015,465,6,"pec",1,4847.46662126938,100.476887883899,99.767325790751,"word",-0.19006760816301,0.926954706432298,3.02590829087421,387,6,"pec",1,4878.34654757913,"word",0.486358696341114,0.760397657752037,7.33498495537788,798,6,"pec",1,5010.57842696509,101.270881619386,"word",-0.305732209221592,0.419626870192587,0.208799142856151,79,6,"pec",1,5113.76714003024,98.8614265126585,"word",0.229234809816847,0.840437597129494,7.55045291502029,15,6,"pec",1,4881.54189518765
"7",99.0035171969852,"word",0.503887510150552,0.259805881185457,5.69903518306091,115,7,"pec",1,5029.67362158568,100.456444855844,101.094923137098,"word",-0.852421886537551,0.101815669098869,9.60190137382597,969,7,"pec",1,5035.52120254796,"word",0.287788265212941,0.841994818067178,2.36614205641672,463,7,"pec",1,5329.05538085788,101.238894045634,"word",2.7759040913007,0.118968196446076,9.28443730343133,781,7,"pec",1,4921.04012493645,98.4142883124153,"word",-1.36665002186082,0.257553681964055,7.33481226023287,90,7,"pec",1,4999.66358511678
"8",99.5315089572384,"word",1.49392506070427,0.741378884296864,7.57198474369943,962,8,"pec",1,4685.50046807706,98.1147982490118,98.6825778347022,"word",-0.694114282570669,0.565767618827522,2.59408428799361,995,8,"pec",1,4880.24966904243,"word",0.747112397053732,0.263662398094311,0.438901877496392,668,8,"pec",1,5034.46250459853,100.9606253829,"word",1.22048775178497,0.333032316761091,4.62772600352764,220,8,"pec",1,5066.08594997651,99.8082931857195,"word",-0.91966045580836,0.15276918746531,1.78141679381952,258,8,"pec",1,4991.71264270379
"9",100.308340417328,"word",-0.677037967199102,0.415361566469073,2.42450169986114,664,9,"pec",1,5072.83500792095,100.811226659699,99.7417108649895,"word",2.15709046852031,0.837149417959154,0.646376181393862,880,9,"pec",1,4954.38787880343,"word",0.276772641603738,0.44340951833874,6.53248101007193,976,9,"pec",1,4908.57801134071,101.368860198112,"word",-0.36889454492434,0.288778472226113,5.80042706336826,964,9,"pec",1,5216.33835872353,98.7642472137768,"word",-1.19131193207368,0.449324279325083,7.6060613966547,27,9,"pec",1,5246.54929734549
"10",101.902467450597,"word",-0.0913111596118387,0.743215235415846,7.758126584813,864,10,"pec",1,5208.81402763341,100.793829139516,98.5209285946004,"word",0.309898287116115,0.218337061116472,5.8400030946359,645,10,"pec",1,4876.42656448527,"word",0.499092697091482,0.692333210492507,3.74565071891993,186,10,"pec",1,4967.88347592911,100.372423654904,"word",1.43249633524431,0.262394824298099,3.88666893355548,723,10,"pec",1,5207.21788041532,99.5706599535849,"word",0.906902066996511,0.428463143762201,6.57746086828411,824,10,"pec",1,5157.13349575402
"11",99.2616569518837,"word",1.0527909224793,0.740953300148249,2.68223460065201,336,11,"pec",1,5056.08646086889,98.4865362954866,101.487988803048,"word",-0.163182513189745,0.735579872969538,3.84018750162795,804,11,"pec",1,5345.89604737818,"word",-1.73145573868208,0.747942638816312,0.574243131559342,753,11,"pec",1,5058.45544668176,98.6492120802128,"word",1.03519431916818,0.885272156214342,9.07061783596873,784,11,"pec",1,4779.62256067251,100.172087984065,"word",-0.919524415628435,0.985526445088908,3.49614076782018,497,11,"pec",1,5082.99981907303
"12",98.4944869269277,"word",-0.657413909250433,0.26458289171569,4.85781115712598,741,12,"pec",1,4597.80039390015,98.5842185224862,98.5473908747731,"word",-0.271665213817032,0.300347999902442,8.00819466821849,593,12,"pec",1,4882.99860074664,"word",0.768052958821835,0.618760084034875,0.714198597706854,78,12,"pec",1,5512.71561981594,100.325556145133,"word",-1.08296658138583,0.471475499216467,9.40799708012491,324,12,"pec",1,4695.72568380463,99.0014521551426,"word",-0.295765069850229,0.629203408258036,7.94229716528207,279,12,"pec",1,4939.27436342254
"13",99.6408799503699,"word",-0.778621935238925,0.458545472240075,1.04499146575108,307,13,"pec",1,5231.38441532344,102.036087535657,103.083234547886,"word",0.180923326356195,0.61303527187556,0.214158580638468,950,13,"pec",1,4927.71597019925,"word",0.930820377489988,0.169296029722318,5.72733303764835,592,13,"pec",1,5156.1259815188,99.3078695014864,"word",-0.21669174112638,0.273308320203796,8.42141573084518,818,13,"pec",1,5364.35867705399,98.0948740746243,"word",-0.0344908612645245,0.698391459183767,2.57772386772558,588,13,"pec",1,4820.89317060608
"14",101.073004183754,"word",1.33402215120777,0.0375607393216342,8.79857716849074,699,14,"pec",1,5411.16750470158,100.289324890639,100.413166227858,"word",-0.298671736717521,0.136624397244304,2.60212645400316,229,14,"pec",1,4773.11162763018,"word",-0.795418244399524,0.127000268315896,1.52757204137743,242,14,"pec",1,5051.20811385278,96.6250810525122,"word",-1.63900038872936,0.69793690321967,3.72827291721478,802,14,"pec",1,5059.07915531327,99.4632213486522,"word",-1.11451491660663,0.344141591340303,9.6844680304639,445,14,"pec",1,5088.90776595454
"15",99.9201246559141,"word",-0.779282277103228,0.362730407854542,5.59871152974665,179,15,"pec",1,5230.33255780752,101.456238783473,99.2269738880118,"word",0.580434425199777,0.236063295276836,1.86960241524503,204,15,"pec",1,4737.77595402293,"word",-0.257929721043398,0.123674858128652,7.72060601506382,297,15,"pec",1,5009.1176692164,99.3006967833337,"word",0.811187716854526,0.345918755745515,9.97628779150546,1,15,"pec",1,4673.75052780446,100.412558864458,"word",-1.34412186590251,0.648498960770667,5.85586034459993,783,15,"pec",1,4857.06427314207
"16",102.133258600466,"word",2.25824637675959,0.877890852279961,3.04607731290162,135,16,"pec",1,4959.67273715948,100.12683899211,100.452095602595,"word",1.79097903250969,0.626255959039554,1.28455141792074,246,16,"pec",1,4699.16884322265,"word",0.268987434403056,0.665020494023338,9.64670086046681,623,16,"pec",1,4942.16736378199,102.083115818312,"word",-0.900105621022572,0.819157916586846,2.22834167769179,937,16,"pec",1,4823.00636800646,100.44602579297,"word",1.3412652428457,0.957357797306031,1.96492080809548,837,16,"pec",1,4709.46764876446
"17",100.710034357023,"word",1.07840676581384,0.26504595624283,4.21238411450759,259,17,"pec",1,4927.04665202285,100.574463269237,101.306680714738,"word",0.404887469779744,0.888745472067967,8.10112881474197,60,17,"pec",1,4515.38854802841,"word",-0.904020984498538,0.996685029473156,2.07387699279934,884,17,"pec",1,5068.98084368044,99.5323183520245,"word",0.901774691661919,0.0245535282883793,6.79741868749261,698,17,"pec",1,4926.94007381744,100.689980293511,"word",-0.203893769882188,0.620153489755467,7.83114873804152,299,17,"pec",1,5159.42835497194
"18",101.566484356029,"word",0.399036493763341,0.152817257214338,8.93548743566498,786,18,"pec",1,4678.37990212753,100.515347500544,100.609284563445,"word",0.687186300547198,0.406758509809151,7.93713433202356,468,18,"pec",1,5096.93991113408,"word",-0.920445932887767,0.865583220031112,7.8211582149379,127,18,"pec",1,5129.46278726681,101.271411763315,"word",-0.606859025669727,0.582244763150811,3.3661013096571,417,18,"pec",1,5201.21724672579,101.598517756784,"word",1.78865149929771,0.403626466635615,9.23896266613156,19,18,"pec",1,5037.52219845912
"19",100.0681082448,"word",1.04045456094032,0.386136562330648,0.0896719307638705,218,19,"pec",1,4786.7114059192,98.7513402386099,100.465041293567,"word",-0.594064733163227,0.525910059688613,4.43682147655636,916,19,"pec",1,4917.29296737352,"word",-0.806608013406223,0.854643809143454,6.13083553500473,245,19,"pec",1,5178.84766074265,99.6599004993746,"word",0.256154936418001,0.436576429288834,7.69423784688115,346,19,"pec",1,4645.60086774249,101.314212474257,"word",1.19809130366555,0.6807900685817,5.40840200381353,100,19,"pec",1,5462.56715412461
"20",100.252010718124,"word",2.06624316887571,0.0384937257040292,7.02890350017697,827,20,"pec",1,5014.93327838404,100.876512058127,99.4251516990908,"word",-0.25625540880029,0.608946536667645,3.0495225219056,311,20,"pec",1,5271.52765527907,"word",-0.240354534223869,0.728326631709933,8.7798517360352,212,20,"pec",1,5192.63306953573,101.4925848509,"word",0.872410386061428,0.297637604409829,2.47361128451303,580,20,"pec",1,5046.72559429109,101.951911094594,"word",-0.967990556199927,0.195006121648476,2.90885651018471,504,20,"pec",1,5184.84218257957
"21",100.810245057304,"word",2.19754373511842,0.536759870592505,4.32311362586915,153,21,"pec",1,4660.95099197861,99.5997939108274,97.8046859142192,"word",-0.342555469489911,0.871417131042108,8.06170857744291,30,21,"pec",1,5088.97896514096,"word",1.01366232087864,0.468395619420335,9.05081419972703,125,21,"pec",1,5122.57255807453,99.5671460016589,"word",-1.25233943454371,0.963988124392927,9.75806538946927,336,21,"pec",1,4883.32899615156,99.5530876132032,"word",-1.23300185670238,0.288795146392658,0.943741647060961,269,21,"pec",1,5131.67457209957
"22",99.0689459493647,"word",1.4297445388815,0.999504032311961,4.8406447796151,846,22,"pec",1,5142.99093369006,100.317000507981,100.621684683244,"word",-0.208523601351369,0.705398528836668,8.97660912713036,945,22,"pec",1,4678.4053688049,"word",-0.342901483116967,0.0156092876568437,6.456275859382,885,22,"pec",1,5391.62040406252,99.0495032057665,"word",-1.40859482303905,0.735804451163858,8.47112260526046,367,22,"pec",1,4951.11129055085,99.4829185664247,"word",0.397565744180966,0.747961209155619,6.63621655665338,771,22,"pec",1,5164.62053597708
"23",100.068321525922,"word",-1.30155793145078,0.648276807973161,8.99731100071222,724,23,"pec",1,5003.78240805103,100.163186882981,100.379957285154,"word",-0.199243431818851,0.725339936325327,2.77135497191921,738,23,"pec",1,5316.32598033421,"word",0.372985454779677,0.789885925129056,7.5825960887596,965,23,"pec",1,4968.07906744484,100.733508857816,"word",-1.0876481086709,0.901083428645507,3.34708099486306,279,23,"pec",1,4962.86215815586,99.1603047281432,"word",0.823907163944599,0.450347089441493,3.33362348843366,425,23,"pec",1,5311.0773338396
"24",99.5693739984532,"word",0.794268644350439,0.953797888243571,9.16508371708915,320,24,"pec",1,5046.32520135363,100.864389912323,99.8189782533333,"word",-0.0543001786963718,0.438322744565085,9.02294513070956,433,24,"pec",1,4901.85206609065,"word",-0.160246070572137,0.871386382263154,8.50298377452418,605,24,"pec",1,4863.38097300463,99.3287358597376,"word",-1.35349751080547,0.792537080589682,9.09255234058946,544,24,"pec",1,5035.77843573413,99.7217764676252,"word",-0.606751732956561,0.882709732977673,7.48787862481549,317,24,"pec",1,5228.73295527476
"25",100.792946174001,"word",0.570868853234885,0.919820111477748,1.83098680805415,685,25,"pec",1,5080.16928571635,100.372304806938,101.01670819248,"word",-0.456195682025957,0.801555511774495,5.13928231550381,542,25,"pec",1,4798.75421897125,"word",-0.121005320003757,0.924116249894723,2.53486425150186,289,25,"pec",1,5010.22249415126,99.4067310403432,"word",0.539920194737324,0.711301381001249,5.91208946891129,913,25,"pec",1,5067.59910347474,98.7247474096745,"word",0.620051194992818,0.97834749543108,6.7938360827975,864,25,"pec",1,4811.41248109501
"26",100.930172700796,"word",0.340477170948221,0.824474399443716,0.196103218477219,539,26,"pec",1,4942.65221808245,100.452536969208,99.2109686741218,"word",0.527243271001533,0.978520230157301,2.17952815815806,425,26,"pec",1,4920.22578852093,"word",0.442919291116573,0.108265899820253,2.38070796476677,725,26,"pec",1,4994.28859426042,100.056427068436,"word",1.74821639254191,0.993480199249461,8.50109539460391,496,26,"pec",1,5094.28787068825,99.7749424027498,"word",-0.585100847355798,0.657232330646366,6.30808386253193,881,26,"pec",1,4975.41487824234
"27",100.715165094829,"word",1.19401597716164,0.699131500907242,6.28020191565156,581,27,"pec",1,4481.98716005815,100.969811768249,100.502471555765,"word",-1.03826631839154,0.245798570802435,8.28818514244631,299,27,"pec",1,4977.29961665067,"word",-0.764423696475814,0.0718892405275255,0.330846039578319,266,27,"pec",1,4622.7040601618,97.8439300451944,"word",0.779852979868933,0.521432659355924,5.45919191325083,437,27,"pec",1,5127.89037352747,100.591006851073,"word",-0.925936124494922,0.611098180292174,5.04769294755533,944,27,"pec",1,5100.63955351404
"28",100.19725450663,"word",1.1457163721073,0.184319234918803,7.55420268978924,546,28,"pec",1,4683.1332916143,101.000194479387,98.9114738188027,"word",0.360197016929713,0.745998698519543,1.62432332988828,539,28,"pec",1,5030.46883643879,"word",2.05260551554532,0.500926370033994,8.02825718652457,312,28,"pec",1,4990.15651500036,101.18378617013,"word",-0.804464385404343,0.449684953317046,2.79771152185276,475,28,"pec",1,4989.44322937997,98.1056260449459,"word",0.596701379331201,0.895685870200396,4.2129999678582,740,28,"pec",1,4936.24953934302
"29",99.1770938113991,"word",-1.21513270572185,0.0300149633549154,3.97045811638236,696,29,"pec",1,5030.98980964751,97.8920982070016,100.413517107555,"word",1.21066038729426,0.154967016773298,1.47747106617317,859,29,"pec",1,5119.34834406943,"word",-0.78034337898858,0.769289847463369,5.15982076060027,442,29,"pec",1,5259.98344407921,99.2431203492721,"word",-0.32866440263465,0.995691665448248,1.27360304351896,304,29,"pec",1,5158.78814352489,99.2705980412329,"word",1.53892661945853,0.415570675162598,5.70138123352081,425,29,"pec",1,5112.58385658408
"30",98.8484289843576,"word",-0.25300833659791,0.208636346273124,6.84013328980654,57,30,"pec",1,4968.6072839034,101.018405330242,100.634921451548,"word",1.15160836949757,0.986468007555231,2.07900596316904,994,30,"pec",1,5252.66277825109,"word",0.196244189083652,0.422672400716692,1.31613394943997,924,30,"pec",1,4831.33335928816,100.411571228662,"word",0.0259566332342034,0.226671648677438,6.09555958304554,363,30,"pec",1,5270.05626957507,101.088250750713,"word",0.607944438564384,0.770322474185377,4.94974526809528,108,30,"pec",1,4952.74028514274
"31",101.236919708193,"word",0.165697723701378,0.855494098970667,1.30629138788208,245,31,"pec",1,5198.505162385,101.356433314997,99.5723205475403,"word",0.0347044696779325,0.923347310628742,9.62497420841828,719,31,"pec",1,4861.61227501663,"word",-1.76138499611251,0.647868505911902,0.172302830033004,879,31,"pec",1,4956.48624242774,100.955929149364,"word",-0.355868119508313,0.865875147050247,4.62611234281212,169,31,"pec",1,4684.96349080468,100.082856448585,"word",2.15438517308021,0.285135541576892,2.13028758764267,686,31,"pec",1,4893.44821728018
"32",100.013444651754,"word",-1.05468464392239,0.59667221759446,0.539467956405133,298,32,"pec",1,5188.61071061482,97.6502246833209,100.291257063427,"word",0.598919504453354,0.307901262538508,3.26303058303893,672,32,"pec",1,4921.44332318456,"word",0.250306614620735,0.269937685225159,7.6750931260176,289,32,"pec",1,5124.49217828705,99.6272687472109,"word",0.484316644490117,0.347192216664553,6.09400835819542,134,32,"pec",1,5157.40661022706,99.1347611627338,"word",2.28777188728984,0.405708641977981,0.0938360206782818,783,32,"pec",1,5149.01964577225
"33",100.699517478191,"word",0.493906206137161,0.904780578101054,1.26537142787129,573,33,"pec",1,5377.68414356675,100.675041419668,99.1856499254831,"word",0.287200239387786,0.636003305437043,5.1699068187736,466,33,"pec",1,5114.94740593533,"word",-1.08034841164271,0.257552099181339,4.65756833087653,243,33,"pec",1,5275.47389536873,99.9433943051856,"word",-1.03167615506046,0.0234918070491403,6.09796408563852,311,33,"pec",1,4969.32592465663,99.2318838198908,"word",0.479431144137599,0.079284894047305,4.51631091767922,305,33,"pec",1,5276.47130096203
"34",101.108419182886,"word",0.28850551605035,0.0719144984614104,3.26388973044232,556,34,"pec",1,5511.89071782355,99.2337523890034,100.817909733695,"word",-1.80880004506256,0.518673155689612,9.22974477289245,55,34,"pec",1,5184.05199945374,"word",-0.333657174281462,0.127403559396043,7.6641635899432,939,34,"pec",1,5127.33145784667,100.214931144987,"word",0.309138169578335,0.89081465289928,5.69506835890934,538,34,"pec",1,4984.10786284449,99.3206142099642,"word",-1.3422396527014,0.835334353614599,5.09592178976163,776,34,"pec",1,5147.92059752705
"35",99.4288400339105,"word",-0.167878456250405,0.179091278463602,5.17084112158045,593,35,"pec",1,4572.89119524444,101.116901616689,100.858232193568,"word",-0.211201734996304,0.777948165312409,1.11658981535584,456,35,"pec",1,4966.39708257326,"word",0.476281640408825,0.589574596844614,9.29255719063804,714,35,"pec",1,4975.45049415513,101.180545785326,"word",0.577164247930018,0.291381522547454,8.33350162487477,127,35,"pec",1,4800.4938429887,100.555463967177,"word",0.473934792013096,0.368539618095383,7.68061609240249,847,35,"pec",1,4796.6001629714
"36",99.7942872624508,"word",0.6738856503242,0.922495506005362,5.23830434773117,486,36,"pec",1,4956.02368615017,98.7704752150048,102.734949374108,"word",0.600672017166732,0.238170242635533,9.46529516018927,730,36,"pec",1,5015.39841108471,"word",-0.660193611349118,0.923950484488159,7.24769569467753,756,36,"pec",1,4937.91957257031,99.0943261001374,"word",1.92398285097652,0.982257055584341,8.3844437636435,644,36,"pec",1,4785.06711100126,98.7058498617474,"word",-2.08102718577006,0.229818689636886,0.0695371883921325,691,36,"pec",1,5195.90162791747
"37",100.832301413412,"word",1.63460365968504,0.342596438946202,4.0062440210022,319,37,"pec",1,5008.23394334374,99.2567018815847,99.6843866704822,"word",-2.00666421336263,0.437066815095022,7.34212676761672,241,37,"pec",1,5245.5627066708,"word",0.106223111930145,0.104510190431029,0.238924950826913,483,37,"pec",1,5016.40083921412,100.125464314395,"word",-0.597770777298803,0.295773546211421,3.400013896171,34,37,"pec",1,4809.53457095548,99.2282832133074,"word",-0.415508236294431,0.295068294042721,7.851146904286,719,37,"pec",1,5300.38535339415
"38",102.165273852119,"word",-1.79499219626452,0.917136982781813,4.36333490302786,183,38,"pec",1,5051.14753678647,100.385888691048,98.8992287603869,"word",0.293618849598086,0.306527971290052,4.800918281544,683,38,"pec",1,5028.26612991166,"word",2.27011695838498,0.266095931176096,5.32715691486374,972,38,"pec",1,5322.40850719227,97.7905645802635,"word",0.85106950361342,0.971613890025765,9.39644603524357,730,38,"pec",1,4962.99077416874,99.1332355860824,"word",-0.241266945562058,0.801111143548042,8.837612378411,855,38,"pec",1,4843.12778730566
"39",99.128009593742,"word",-0.495040411026876,0.793899518670514,3.69798952015117,595,39,"pec",1,5013.25165689357,99.3535778658497,98.9721438171448,"word",1.23620360965891,0.667556753149256,4.43835227750242,353,39,"pec",1,4741.39783428952,"word",0.741183456273004,0.202645558631048,0.203415190335363,400,39,"pec",1,5047.25481229729,100.999142545441,"word",0.204756552175895,0.942670674761757,9.91600314853713,781,39,"pec",1,5215.12118376321,99.586374086911,"word",-0.716876797089329,0.751306384569034,4.77317496435717,869,39,"pec",1,5366.42719771293
"40",100.144961687539,"word",0.773750942248052,0.629178375471383,9.04096662299708,263,40,"pec",1,5069.76542025548,99.4727244404825,99.9347298344436,"word",-1.55235777853373,0.340393687365577,7.22089073853567,804,40,"pec",1,5136.22315967047,"word",0.725633066373145,0.682251021498814,7.0270137861371,79,40,"pec",1,4966.03701294261,99.1042615856314,"word",-0.518243872033947,0.767119834665209,5.99644800415263,71,40,"pec",1,5288.13119332331,100.030962047163,"word",0.956752722416251,0.555918354773894,4.24442797433585,589,40,"pec",1,4967.7806828416
"41",100.121634393419,"word",-0.609581548431641,0.79991292161867,1.75432351883501,494,41,"pec",1,5178.03132022811,100.679043250128,98.7642303742984,"word",-0.467236352478525,0.53825884941034,4.15749304695055,990,41,"pec",1,4777.2992700624,"word",-0.425646205393399,0.898746601305902,3.88962771976367,371,41,"pec",1,4777.4341037895,99.6930527446008,"word",0.701343047680168,0.0405047803651541,6.96568328654394,70,41,"pec",1,5089.69791361522,98.6408008827664,"word",-0.832617682092503,0.446326196426526,9.94453703286126,971,41,"pec",1,4742.22027120914
"42",99.34561425205,"word",-1.1665257941448,0.772992634447291,3.83301175199449,874,42,"pec",1,5202.49164913741,99.0542884384772,100.246629474979,"word",0.69961351763069,0.670050649670884,6.43374632112682,485,42,"pec",1,5169.81229705278,"word",0.256030385492084,0.574463141616434,9.92409370141104,201,42,"pec",1,4930.62307728953,100.110519951393,"word",0.0808202340299307,0.520239934092388,7.25279370555654,591,42,"pec",1,4725.40146997947,100.724582512165,"word",-0.539235347645213,0.997655278537422,8.9062625868246,845,42,"pec",1,4990.2330430562
"43",99.1574025870168,"word",0.0694506299281486,0.465409634169191,2.20876823645085,46,43,"pec",1,5167.36391932973,100.151767348528,101.084889547983,"word",-0.293778476885357,0.409564669011161,8.93028223654255,886,43,"pec",1,5218.69216031774,"word",-0.122208697811853,0.789407473988831,3.12702200608328,48,43,"pec",1,4598.18119009089,99.1306033770839,"word",1.30144454323072,0.190908423392102,7.4619728513062,948,43,"pec",1,5161.5197135622,98.7155629153707,"word",-0.209900209959454,0.253420050023124,9.02680007275194,882,43,"pec",1,5023.57907995399
"44",99.6524769074437,"word",0.469354888596461,0.4446732243523,4.94950871681795,715,44,"pec",1,5364.8493719132,102.66151030734,98.6028136112835,"word",1.11361822591228,0.680718912743032,4.47606941219419,392,44,"pec",1,4669.84477360381,"word",0.398882763648771,0.783092189813033,2.74269652087241,423,44,"pec",1,4802.18594588229,99.5280316855791,"word",0.0502500192179312,0.416507621994242,0.804837392643094,316,44,"pec",1,4947.71706069291,102.073864441887,"word",-0.425561395563843,0.854351280257106,2.62149017537013,510,44,"pec",1,5360.545061249
"45",100.850949407621,"word",-0.217543408926655,0.976128052920103,9.01578122051433,499,45,"pec",1,5304.28193401257,99.3298799053957,99.0126938766011,"word",0.0062326634419567,0.945354831870645,5.19361636135727,730,45,"pec",1,4740.1187276144,"word",-1.0917799301656,0.8485826656688,4.69356150832027,343,45,"pec",1,5055.73009360876,99.016533286163,"word",-1.43009679025479,0.212498805718496,4.85574455698952,804,45,"pec",1,4860.11013977739,99.2174094623325,"word",1.05918597822733,0.340056813322008,9.1896526585333,575,45,"pec",1,5021.37098171699
"46",99.3634593533602,"word",0.9101761585007,0.576822665752843,9.5969899604097,285,46,"pec",1,5138.33720327256,100.996569351014,100.819275133386,"word",0.217017696682566,0.422226015711203,4.44628942525014,853,46,"pec",1,5040.2795996501,"word",-0.400700776996439,0.708848639624193,5.46435697004199,902,46,"pec",1,5201.89976544321,99.8182438715472,"word",-0.604673260761897,0.0851136744022369,4.37462191330269,780,46,"pec",1,4782.48599558094,100.427451957389,"word",0.0976267151311732,0.292792643653229,1.22194467112422,269,46,"pec",1,5367.48763001624
"47",101.342592987313,"word",1.51049175211563,0.436211397638544,6.03257434209809,816,47,"pec",1,5093.35553568103,98.9507429537702,98.4812640280068,"word",-0.245908436638784,0.598710232647136,3.33418513415381,841,47,"pec",1,5174.60697154688,"word",-1.34312389623761,0.112804797943681,8.7669750652276,786,47,"pec",1,5148.70135821313,98.7287931830624,"word",0.245916438959505,0.57700208062306,3.60922697465867,482,47,"pec",1,5251.84608787544,98.0495482665866,"word",-1.06107421280299,0.671579556306824,7.44725214317441,853,47,"pec",1,5403.07163059922
"48",100.549193007103,"word",0.40686956703824,0.806242479011416,4.84094245126471,686,48,"pec",1,4602.18858045187,99.681714472475,98.5678022750472,"word",-0.960150317507127,0.892707468010485,3.71339948615059,532,48,"pec",1,4742.74275217948,"word",-1.08645954560468,0.416247970890254,6.43456011544913,555,48,"pec",1,5138.98045121799,97.4929449999597,"word",-0.607303281518236,0.48392342729494,9.91953210206702,827,48,"pec",1,5075.36724639251,99.1100693367855,"word",-0.613711311269531,0.651480112690479,8.46835430245847,448,48,"pec",1,5108.65290962104
"49",99.7544191201201,"word",-0.833613235776395,0.101677481783554,0.37075289292261,626,49,"pec",1,4967.10175295592,98.8534605408663,99.9439384562242,"word",-1.09286557271938,0.89679371425882,9.06798131298274,270,49,"pec",1,4706.75324281571,"word",0.568433006418448,0.241763307712972,8.12869342276827,955,49,"pec",1,4990.70605986355,98.949262987017,"word",-0.0309881480310931,0.794093017000705,5.35306456498802,387,49,"pec",1,5011.82048614922,101.246070338349,"word",-2.49427869188009,0.873171056155115,5.01251518260688,965,49,"pec",1,4783.65863476419
"50",99.9256294741503,"word",0.103145633873621,0.322172985645011,1.42997125396505,666,50,"pec",1,5102.17942933525,99.1901951128678,98.6679773772397,"word",-0.847692923715492,0.787432661745697,9.03029177105054,900,50,"pec",1,5312.1919168069,"word",1.00311911409282,0.0484763304702938,7.99508732743561,10,50,"pec",1,4589.58906362118,99.2334609712386,"word",1.40199146213972,0.700449784519151,5.1218848535791,280,50,"pec",1,5136.47763451389,101.390145368475,"word",0.037514487728777,0.671173932496458,3.06369848549366,483,50,"pec",1,4692.74523260017
"51",100.386890886816,"word",1.06162497280785,0.428756933193654,3.56208330253139,109,51,"pec",1,5218.95470005767,101.445706798333,100.294162079422,"word",-1.47604154828956,0.801799769513309,8.51246672216803,880,51,"pec",1,5041.790748183,"word",-0.0883948558111382,0.302237363299355,3.12759113032371,485,51,"pec",1,5161.55387901847,100.710792824274,"word",1.66559046122821,0.798918860731646,2.01200543902814,904,51,"pec",1,5187.63214446085,98.3570584245744,"word",-0.240092028107787,0.316226796479896,9.54918887000531,397,51,"pec",1,5010.14577955993
"52",98.2835657904445,"word",0.102358870693876,0.647163233952597,6.05405129957944,333,52,"pec",1,5253.19476380338,101.11199671444,99.0271853703161,"word",0.526178440153928,0.0209423031192273,4.5989693631418,579,52,"pec",1,4749.90510158728,"word",-1.95473672610982,0.0630414809565991,9.38654883764684,142,52,"pec",1,4634.37879441837,100.837709105878,"word",0.0894719630406888,0.0651475717313588,9.15557648520917,567,52,"pec",1,4840.37771071257,98.9769640067267,"word",0.339124219004716,0.915788335027173,9.0683097904548,696,52,"pec",1,4918.61688266556
"53",100.471007030536,"word",0.617044633935391,0.0467122893314809,9.20339802512899,788,53,"pec",1,5075.74525078649,100.297045957233,100.058998254982,"word",-0.535127903476677,0.954561612335965,5.31976660247892,74,53,"pec",1,4672.21787908457,"word",-0.213351962366183,0.242095851106569,1.61611422896385,675,53,"pec",1,4886.53550911248,100.240585810351,"word",0.041295455714054,0.359554146183655,2.77004638221115,153,53,"pec",1,4805.6265630526,98.8617622356709,"word",-1.29230608951055,0.734018220799044,6.46887440234423,528,53,"pec",1,5065.63593128281
"54",98.9625311416498,"word",-0.476296172348355,0.275746002327651,2.84980652388185,793,54,"pec",1,5161.88010200272,100.25109857556,99.5894156954935,"word",1.11937857170451,0.23258087830618,1.39187376247719,996,54,"pec",1,4881.84566941291,"word",0.762427133463059,0.971472274046391,5.08499868912622,716,54,"pec",1,4873.28090653421,99.3004477426355,"word",-0.968426151184148,0.66527676070109,8.30260825576261,177,54,"pec",1,4927.77157612714,100.075727565905,"word",-1.78789559131316,0.014766565291211,7.96211436856538,59,54,"pec",1,5423.88204078226
"55",100.486215619961,"word",-0.303602588699601,0.211109727853909,5.18239409895614,39,55,"pec",1,4946.87927774236,98.6485638651469,100.027213137795,"word",0.507321141543508,0.384760630317032,6.10756739508361,763,55,"pec",1,4879.26959826478,"word",1.73527035420816,0.286628263536841,0.531127664726228,830,55,"pec",1,4567.10705666201,100.302143622604,"word",1.2336693697783,0.967920000432059,7.25206279428676,39,55,"pec",1,5171.07129099852,100.499100197552,"word",1.11319161700148,0.366875134408474,3.34045496769249,527,55,"pec",1,5043.76655380415
"56",101.583975296489,"word",0.113471171469494,0.495934046804905,0.999939546454698,370,56,"pec",1,4722.7130551912,100.002180981467,99.1568049852658,"word",-0.0386501171168333,0.462023796979338,2.38108051707968,476,56,"pec",1,4758.73154271547,"word",0.189733709127783,0.106545295799151,6.03220333578065,970,56,"pec",1,4986.44520670755,100.398184967331,"word",0.410146145670142,0.782506787916645,0.24527913890779,955,56,"pec",1,5144.9700272427,100.009134292329,"word",-0.577888640822915,0.963295342167839,0.265222045127302,281,56,"pec",1,5238.64756294106
"57",100.238188021918,"word",-0.42423373113431,0.216065112501383,6.66360462317243,296,57,"pec",1,4977.02854158898,99.5469515977839,100.563255514882,"word",0.60182604980084,0.633460404351354,1.28530459711328,679,57,"pec",1,5031.49292618438,"word",0.890114246379866,0.663275335449725,1.41887146281078,921,57,"pec",1,4904.81679248568,98.9546632142994,"word",0.476520557674513,0.830015084240586,8.42660872731358,264,57,"pec",1,4753.07650459659,99.8983220126301,"word",0.0155983105306632,0.586538474541157,0.25678944773972,165,57,"pec",1,5212.30948529367
"58",99.7090611426232,"word",2.19240688645087,0.43688967381604,9.43145748460665,620,58,"pec",1,5438.01424439692,101.009154260167,99.7748946942603,"word",0.948997913991842,0.284913895884529,3.73071364592761,355,58,"pec",1,4929.40700591102,"word",0.181565070793524,0.90559150534682,9.17076337849721,894,58,"pec",1,4702.43081959285,99.824379221608,"word",0.16845372932786,0.674908813787624,7.87897229194641,149,58,"pec",1,5181.3721532785,99.6528116001378,"word",0.155604926040322,0.740958359790966,2.32702432200313,728,58,"pec",1,5008.57013233938
"59",100.453395082662,"word",-0.728809632432498,0.553713302128017,2.4900682317093,292,59,"pec",1,5187.02224158607,99.7626932289242,101.228400604985,"word",0.184226374051677,0.366547252750024,4.4766230485402,90,59,"pec",1,4961.16554492926,"word",0.609956570272229,0.956695366417989,1.00814094301313,189,59,"pec",1,4865.64469508083,100.807517884791,"word",0.556981058754047,0.0844069072045386,4.90251951152459,715,59,"pec",1,5165.13242026277,99.7106277661791,"word",0.815329683758125,0.420519391307607,6.32829409092665,956,59,"pec",1,5107.96474482794
"60",100.223017120853,"word",1.49258659800582,0.211751877330244,3.63559016026556,126,60,"pec",1,5351.96135118799,99.5405125015521,100.379440444402,"word",0.487029914063082,0.741572845727205,1.08282455941662,281,60,"pec",1,5099.56998212902,"word",0.835659954142651,0.327001258963719,5.72818432468921,495,60,"pec",1,5146.12303106922,101.090411235139,"word",-0.253742777799218,0.976370703894645,2.42896352661774,813,60,"pec",1,4969.34930820646,99.6936443789047,"word",-0.00475722842835506,0.517545179929584,4.86269064480439,800,60,"pec",1,4959.38920547986
"61",100.446652322867,"word",-1.16891353021166,0.326690851012245,8.02949863253161,885,61,"pec",1,4735.59700771242,99.1753504660555,98.8611797723434,"word",-2.16845236689955,0.908787192078307,0.856075957417488,413,61,"pec",1,5163.93143961091,"word",0.248411268204729,0.328656032914296,8.30257668625563,966,61,"pec",1,4934.32511969078,101.858419489847,"word",0.689297821487355,0.0771837527863681,3.61463401466608,598,61,"pec",1,4724.09698442534,100.852031302086,"word",-0.0857193084220445,0.373160208342597,4.11054062424228,337,61,"pec",1,5231.51563178342
"62",97.643096370563,"word",1.67252389469512,0.206037728115916,3.0345721822232,230,62,"pec",1,4815.52647432506,99.253681326231,101.938440108129,"word",0.397756087094337,0.704433219972998,6.92421278683469,765,62,"pec",1,5065.72605368934,"word",-0.822691278933912,0.798583621159196,4.3104224326089,319,62,"pec",1,5095.87610411727,101.827277555271,"word",0.277647150504632,0.972913658246398,3.87838480295613,596,62,"pec",1,4975.63889113674,100.042222033324,"word",0.621490140123664,0.216343796811998,4.44574698340148,31,62,"pec",1,4811.16511294599
"63",99.9148054729563,"word",-0.789659254355028,0.726024287752807,9.57359657622874,301,63,"pec",1,5370.75634817803,100.231626385844,101.184245512937,"word",0.345584851529736,0.667960487306118,7.24650889169425,837,63,"pec",1,5222.28893330172,"word",-1.0860841826242,0.84211822040379,5.23810400394723,165,63,"pec",1,5081.82591090421,99.8571916869832,"word",-1.85560866970513,0.591812421102077,4.42301707342267,715,63,"pec",1,5084.33230920647,99.1900747339565,"word",-0.698576618268373,0.840021428186446,0.00634839991107583,914,63,"pec",1,4874.97464793264
"64",99.5716666573351,"word",-1.04712964711616,0.0816635498777032,0.860273793805391,570,64,"pec",1,4855.05410727854,99.6432132145746,100.541628053152,"word",0.0230218143244877,0.23606336931698,9.6818298776634,87,64,"pec",1,5067.16175510896,"word",-0.389841044669712,0.75758012663573,2.60036333696917,233,64,"pec",1,5082.62645452787,101.208218371272,"word",0.194687492459499,0.0782754414249212,7.40454996237531,148,64,"pec",1,4935.30271097323,97.9015118388344,"word",0.623196325372051,0.909887286601588,4.36400706879795,516,64,"pec",1,5044.74267102296
"65",99.0477368687642,"word",-0.777687462536332,0.30487139779143,4.26179266301915,264,65,"pec",1,4971.56388327151,99.6579929140789,99.7197751653523,"word",0.393369766741522,0.584302642149851,3.22069240035489,386,65,"pec",1,4979.77090686838,"word",0.0655566369175834,0.258201511343941,0.834138363134116,547,65,"pec",1,4953.00464322534,98.0517191353434,"word",-0.97084692615328,0.459111101925373,4.17235031956807,560,65,"pec",1,5117.21167687902,101.099976628982,"word",0.314586118989638,0.874554804293439,5.30739881563932,947,65,"pec",1,4839.23371811604
"66",99.8175546910399,"word",2.33967762544854,0.905124508310109,7.03405781881884,176,66,"pec",1,4800.51426203704,100.081102120852,99.6021614489951,"word",0.0451117727997804,0.298717882018536,2.34106433577836,373,66,"pec",1,4673.44059535977,"word",0.543560280571494,0.578024155227467,4.97795455856249,121,66,"pec",1,5072.71595996075,101.092880241976,"word",-0.298098726854822,0.491251832339913,9.76927208481357,866,66,"pec",1,4541.77749639287,99.8004899294796,"word",0.0978485005219863,0.511550732189789,3.01468874560669,95,66,"pec",1,4591.99807717949
"67",99.6799244149426,"word",-0.760754013903913,0.224131250288337,0.38941522827372,723,67,"pec",1,5137.96138174758,98.146712226964,101.156416369741,"word",0.912455345970804,0.97346582566388,8.95150388358161,291,67,"pec",1,4779.86457514368,"word",-0.421850250925887,0.13857069122605,0.935897238086909,187,67,"pec",1,5411.05094226264,98.9548522603754,"word",-1.99560458063435,0.77273625228554,0.403768266551197,196,67,"pec",1,4553.6760307833,99.194681236488,"word",0.95409875786663,0.511974840657786,3.62821688409895,911,67,"pec",1,5138.17181310516
"68",100.61545850194,"word",0.161048459585041,0.453482814365998,6.88615175429732,204,68,"pec",1,5018.96429242481,100.101666870206,98.743027923757,"word",0.687012767708584,0.903451287886128,3.5268968809396,64,68,"pec",1,5322.83892209455,"word",0.0520760262360068,0.345643658423796,5.53240531357005,419,68,"pec",1,5017.58853363763,98.6624341116373,"word",-1.13600273171283,0.29272523871623,1.79385052993894,410,68,"pec",1,5072.25822907004,99.183570492965,"word",0.606172280161472,0.418763149995357,4.33251333422959,2,68,"pec",1,5016.3513878923
"69",99.8614894199461,"word",0.556375149365843,0.319553212961182,7.72885688580573,120,69,"pec",1,5002.20121753709,97.907062640525,99.4936737055659,"word",0.166592287855104,0.217935024062172,9.9869380122982,902,69,"pec",1,5077.56223066154,"word",-1.10461481791643,0.0437694997526705,7.29641363490373,965,69,"pec",1,4877.38130204481,99.8167171938957,"word",0.294981430557444,0.130226590204984,5.29696982121095,699,69,"pec",1,4950.4277234889,100.402095077811,"word",0.884418046242888,0.99801761447452,1.03468877961859,936,69,"pec",1,4971.71644418814
"70",99.4913027765438,"word",-2.34340277531084,0.26266104541719,0.525360484607518,592,70,"pec",1,4955.30185028973,101.966971910519,98.9067861857853,"word",-0.94800228264942,0.0446687007788569,8.65285808686167,647,70,"pec",1,5096.20869057619,"word",0.00580799711798698,0.442829775623977,9.56620418932289,855,70,"pec",1,4917.78112842838,100.566474418169,"word",-0.236413759707982,0.274350147461519,8.63899798132479,807,70,"pec",1,4937.38176467452,98.1200766084808,"word",-1.09503187203981,0.507452090503648,7.07642403664067,737,70,"pec",1,5423.66720666378
"71",100.624952114938,"word",0.522029221419921,0.482627133373171,7.08630273118615,919,71,"pec",1,5149.45937143716,102.038772317621,98.7761081767741,"word",0.684838388953107,0.2385674926918,4.46958684828132,965,71,"pec",1,5078.96333211191,"word",-0.30892780456535,0.907030220143497,8.05934917880222,532,71,"pec",1,5025.03607755205,100.479998626448,"word",-1.58057868382608,0.1696413657628,5.31416572397575,213,71,"pec",1,5177.27187618134,100.197423739067,"word",1.45518288719753,0.483780916780233,4.29469855967909,575,71,"pec",1,4722.04014929125
"72",100.816323228552,"word",0.150068423739498,0.655066080624238,8.49929688265547,333,72,"pec",1,5298.83266486954,99.0171084491209,99.894392877808,"word",0.466734631148302,0.930279718246311,0.771216496359557,77,72,"pec",1,5142.01700718751,"word",1.75309370329911,0.257613141322508,6.57571585848927,982,72,"pec",1,5006.19537571406,99.9938004799665,"word",-1.91543998380979,0.531778814038262,5.11136888060719,981,72,"pec",1,4994.56057895485,99.4137266435394,"word",-0.829750809204684,0.736713250633329,1.23892710777,383,72,"pec",1,5337.6379532435
"73",99.9116642026351,"word",0.728788711614587,0.313430322799832,6.20801249984652,697,73,"pec",1,5018.22842691638,99.2551650111903,98.4367305782019,"word",1.0593595785167,0.571132412413135,3.26605049660429,693,73,"pec",1,4955.42936839052,"word",-1.12126042549294,0.656603352632374,1.77712488453835,295,73,"pec",1,5400.55267129552,100.112282383738,"word",-0.294137043423054,0.170829915441573,0.321192636620253,355,73,"pec",1,5066.08333042295,99.4198219631515,"word",-0.165343646495344,0.354597408790141,4.05298719648272,954,73,"pec",1,4996.81468105543
"74",98.8028370477987,"word",-0.0574855869309707,0.423864950891584,8.53067313786596,220,74,"pec",1,5386.03755665408,99.9999799551116,99.988295234722,"word",-1.66425768388508,0.843388078268617,1.37043479597196,55,74,"pec",1,4918.47134130855,"word",-0.0903693864488769,0.389131046365947,3.08506014058366,587,74,"pec",1,4914.04031995238,100.324267486665,"word",0.0211185573590672,0.0831303393933922,7.65996556030586,810,74,"pec",1,4777.23388669217,101.374339991814,"word",-0.433614467681781,0.251675275852904,7.50122337602079,597,74,"pec",1,4940.72803804951
"75",100.740238173662,"word",-0.856497811384183,0.950615597423166,1.26987438416108,417,75,"pec",1,5244.97526759506,99.6540509030742,98.6686493838255,"word",-0.290353145215527,0.208191816462204,1.37166578322649,641,75,"pec",1,5173.85471072584,"word",1.28601286519957,0.495476212119684,1.68479476356879,864,75,"pec",1,5217.33181822975,101.388300738064,"word",-1.58628888359095,0.440974636701867,5.83229346200824,438,75,"pec",1,4694.88379471266,101.494453217703,"word",1.40703749941087,0.123941067140549,3.81104453001171,165,75,"pec",1,4694.79114989345
"76",99.2982499067915,"word",0.250068939500315,0.0162600830662996,4.5806527719833,38,76,"pec",1,5445.39315385364,100.226996226821,100.447610731499,"word",0.720075382119802,0.796256256988272,1.63096197647974,792,76,"pec",1,4733.80701414579,"word",1.16573677058198,0.925610690144822,4.79947753017768,44,76,"pec",1,5422.24511454126,101.93131862677,"word",0.161169725422171,0.395939820446074,7.39141379948705,644,76,"pec",1,5214.39988823906,99.3324513350013,"word",0.517676635746728,0.0215549953281879,5.21777591202408,327,76,"pec",1,5047.7424214926
"77",102.492428934601,"word",1.6014295086609,0.892494121799245,9.54543956555426,596,77,"pec",1,5141.20693528976,99.938274921562,102.039362689823,"word",-1.15431691730583,0.0825587373692542,9.60491857724264,855,77,"pec",1,5270.40193118819,"word",1.43923369298813,0.452323632081971,0.347410680260509,296,77,"pec",1,5099.6698199831,101.175860628861,"word",0.446332864313681,0.226208646316081,7.78349200962111,613,77,"pec",1,5399.61122628216,99.9475419530421,"word",1.42108710804553,0.310344626195729,4.90417337743565,228,77,"pec",1,4982.08843628246
"78",99.2959770241579,"word",-0.0708175816955109,0.11364125739783,7.91612418368459,893,78,"pec",1,5197.84918243626,99.1628221195846,101.437753917136,"word",-0.128642455112281,0.689220706932247,4.14182999636978,948,78,"pec",1,4956.90937909062,"word",-0.74792228509205,0.143269176827744,0.653688369784504,77,78,"pec",1,4995.75844261535,100.119387353733,"word",-1.24002225713499,0.493524298304692,3.67002744460478,946,78,"pec",1,5144.87552652348,100.304259848135,"word",0.155140531035768,0.912658604793251,6.09337321016937,816,78,"pec",1,4883.30659511779
"79",99.6281229535128,"word",0.254102267310498,0.265498526161537,1.80290208663791,672,79,"pec",1,4884.47849861368,100.711827760465,100.528455004509,"word",-0.790989813973279,0.269277922576293,1.95119542535394,56,79,"pec",1,5047.41104316367,"word",-0.446222679599378,0.621590393129736,9.67182981781662,634,79,"pec",1,5052.58041971219,99.251195107634,"word",-0.309430025351927,0.769201826769859,6.02783363312483,431,79,"pec",1,4759.61009532015,99.5225281426174,"word",0.88162602922116,0.790553412400186,1.97889061877504,535,79,"pec",1,5161.79083113483
"80",101.12558011428,"word",-0.424790681961035,0.209305039839819,1.0507345572114,634,80,"pec",1,4755.77431983496,99.9815907297207,99.0513309878666,"word",-1.07399417493502,0.641484692925587,9.35897581279278,234,80,"pec",1,5064.24845999156,"word",1.0543080730311,0.496708017773926,9.99424814479426,824,80,"pec",1,4976.64579487481,99.4990825029831,"word",-1.69130088843547,0.221335818758234,1.33496592054144,729,80,"pec",1,5021.40012723976,99.3944679673414,"word",-0.3327910308235,0.1731599397026,0.0386085011996329,141,80,"pec",1,4993.10479085651
"81",100.802801319137,"word",0.26492195146464,0.316363472724333,5.57368239155039,369,81,"pec",1,5134.21097300964,100.564625443953,99.0582550907393,"word",-0.0252211164534779,0.349126864457503,1.54524725629017,791,81,"pec",1,5059.18709488804,"word",0.225218781081911,0.896067618159577,5.32814754871652,848,81,"pec",1,4741.4235812717,99.7431024794037,"word",0.461475749625427,0.032185114454478,7.75286774616688,237,81,"pec",1,4672.39497656721,100.772928526435,"word",-0.121750312852697,0.122766201151535,6.57454834552482,126,81,"pec",1,5068.71938963618
"82",99.8285671060205,"word",-0.875314300794378,0.493554219603539,5.38570733740926,288,82,"pec",1,4778.10381860281,98.9557660569156,100.167912373515,"word",0.235493689729141,0.745409440016374,7.99239296698943,908,82,"pec",1,5015.48454593883,"word",1.61701961582375,0.992216921644285,1.0937285865657,530,82,"pec",1,5037.72764434802,99.0631144650866,"word",-0.189762039910935,0.014626941177994,6.19111682288349,844,82,"pec",1,5243.50847892845,101.214554968791,"word",0.170057025158727,0.708808621857315,7.77516944799572,886,82,"pec",1,5510.84912987273
"83",100.410966127328,"word",-0.121009478280092,0.854408527025953,3.8229350023903,762,83,"pec",1,5083.50206380261,100.640552957117,98.5280775805866,"word",0.04096262913222,0.656488143606111,7.61565231950954,185,83,"pec",1,5470.82322798001,"word",-0.301210131963319,0.956979620503262,5.55172302061692,241,83,"pec",1,4760.82589594252,100.311922066298,"word",-0.904948897159188,0.977389068808407,2.88001047680154,124,83,"pec",1,4836.64971153433,99.100493763173,"word",-0.818252470636467,0.0359644412528723,3.23774995282292,538,83,"pec",1,4886.05457101639
"84",99.5962903944518,"word",-0.997705965759575,0.259389732731506,1.82981460588053,225,84,"pec",1,5040.46804301569,99.0482184628851,99.7211838892224,"word",-0.0231549290217061,0.792542587034404,2.15472021140158,510,84,"pec",1,5044.68043223585,"word",-0.243292221838419,0.236386537086219,6.04392348323017,681,84,"pec",1,4882.12651456399,99.5226416161174,"word",0.0427255179613912,0.36575584532693,6.80062261642888,154,84,"pec",1,5044.65101852804,99.3896396677617,"word",0.903780419685733,0.138201318914071,3.28453664667904,705,84,"pec",1,4836.74324919137
"85",100.399064529459,"word",-0.829992010255444,0.376092127291486,9.64890093775466,876,85,"pec",1,4876.11395395977,99.196028024103,100.133327412126,"word",-0.518797953015784,0.0630826069973409,9.50974135659635,211,85,"pec",1,5340.71521152518,"word",0.825371382315651,0.820753622567281,7.21085440600291,600,85,"pec",1,5050.88995376299,100.015855784354,"word",0.745121796913187,0.649791985750198,4.71842759521678,701,85,"pec",1,5081.64190464834,99.3105359783916,"word",0.30018581815774,0.133372377604246,3.26803085859865,27,85,"pec",1,5012.24251740651
"86",99.4163133151805,"word",-0.923214995675429,0.176678663585335,0.856602212879807,796,86,"pec",1,5036.29923305882,99.5129442796848,100.908908821437,"word",-2.81725856439931,0.902175586903468,8.10387862846255,283,86,"pec",1,4917.88425831161,"word",-1.02518387890872,0.740917795337737,5.70111805805936,488,86,"pec",1,4830.08995955682,99.1933085181443,"word",-1.01186470778454,0.618108151480556,9.99862492084503,173,86,"pec",1,4993.0456076372,99.8601385501877,"word",0.860017189636938,0.504108805209398,7.24547609919682,765,86,"pec",1,5183.28284482246
"87",97.9356495407491,"word",-1.12273114975872,0.224332878598943,9.53174332622439,508,87,"pec",1,4919.31281257424,100.533655247481,99.6553841224429,"word",0.829930284209849,0.360560973407701,4.82287420425564,719,87,"pec",1,5149.27352376249,"word",-1.19806045847381,0.138801302062348,1.28094320883974,349,87,"pec",1,5070.94700791367,100.750505298086,"word",-0.0938999158956722,0.0778731575701386,8.17909105913714,466,87,"pec",1,5111.86897010969,100.50014169184,"word",-0.55504463758903,0.755998440552503,0.555336370598525,558,87,"pec",1,4575.34543361485
"88",101.316555122524,"word",-0.0414110439822894,0.633445326704532,8.11162982368842,75,88,"pec",1,5305.18172687268,100.171139106463,100.305745877964,"word",0.534534599541518,0.396818875102326,4.96788506628945,119,88,"pec",1,4577.81723368112,"word",-1.47504412701553,0.998559104045853,3.06646878831089,294,88,"pec",1,4919.67595424259,101.903237685388,"word",0.186289721972407,0.182066091801971,3.89256360242143,474,88,"pec",1,5134.4475204101,101.427836751385,"word",0.449824867483615,0.0154961773660034,1.83021531440318,231,88,"pec",1,4681.37521550039
"89",100.062838862946,"word",0.563401433303235,0.372339758556336,7.49547073617578,574,89,"pec",1,5074.5791042425,98.2371621302224,99.4266714569285,"word",-1.79215125433973,0.641839350806549,6.99317535152659,987,89,"pec",1,5097.9319816517,"word",0.99294315705952,0.629956708755344,1.08056430937722,965,89,"pec",1,5023.94520938658,98.9668850587117,"word",0.101250569516141,0.386130683356896,1.09448083909228,322,89,"pec",1,4836.25009464129,101.682042685214,"word",0.0850772497639469,0.655358976917341,0.588478054851294,416,89,"pec",1,4868.9075534255
"90",99.9572455074159,"word",0.0983257672272811,0.0810348528902978,0.19988598767668,393,90,"pec",1,4729.15060178556,102.169364313433,100.845294087846,"word",0.0527797732895862,0.43354532471858,6.49400638183579,42,90,"pec",1,5208.73536776081,"word",0.0450380248609849,0.734625737182796,7.93279458768666,260,90,"pec",1,5024.32659732727,100.677572783379,"word",1.682661298909,0.659960110206157,2.18530292157084,307,90,"pec",1,5009.36562841053,100.727578358957,"word",0.585949611572228,0.473879173398018,3.57932195067406,326,90,"pec",1,4959.10989797715
"91",100.94841350886,"word",-0.0640073919998361,0.919116050703451,6.85345020610839,631,91,"pec",1,5177.59360290096,99.8832600575011,100.351286756848,"word",0.970285643988721,0.936314488295466,1.80705076782033,212,91,"pec",1,5090.29805498865,"word",-0.0593956053312485,0.625763795338571,8.37392722722143,137,91,"pec",1,5113.81985359822,98.7835537481267,"word",-0.684558929413242,0.69853986823,0.126906186342239,335,91,"pec",1,5017.20331941285,101.398192886581,"word",0.797074572065876,0.401312778936699,9.57741099409759,592,91,"pec",1,5147.12519806159
"92",99.9441658045913,"word",0.687845470562785,0.959826932754368,1.45462326239794,134,92,"pec",1,4870.67043195164,98.6964868376837,100.337440950756,"word",0.0364728438163819,0.106943935155869,6.73534773057327,729,92,"pec",1,4639.84079813955,"word",-1.60504534968989,0.00228588958270848,6.82799204718322,177,92,"pec",1,5317.46350935143,98.6954356336143,"word",2.49574632940504,0.943947065854445,9.00630835210904,3,92,"pec",1,5007.55312795514,100.37769417351,"word",-0.721629970904461,0.8149388814345,6.41933619277552,316,92,"pec",1,5385.76334776336
"93",99.8360914562835,"word",-0.822454049363197,0.471423381241038,7.04806645400822,229,93,"pec",1,5355.70852202271,100.080099946324,100.301881566348,"word",0.999817471708005,0.0260912755038589,6.33900491753593,986,93,"pec",1,5257.81426858831,"word",-0.324180591307096,0.536381193902344,8.93665954703465,158,93,"pec",1,4977.07696931818,100.041529029299,"word",0.840254122988023,0.120162397157401,4.19897048734128,478,93,"pec",1,4907.65249763977,101.226733070343,"word",1.76584889706408,0.578820151044056,8.8095809915103,820,93,"pec",1,5184.78133584878
"94",100.929353018791,"word",-0.698037869131316,0.556398793123662,1.72650391701609,801,94,"pec",1,4918.79939139873,98.7566752125029,102.548262391793,"word",0.342625609381575,0.743430829839781,3.32911755191162,176,94,"pec",1,4913.69996337993,"word",-1.81180383422659,0.462144636083394,6.5219544689171,719,94,"pec",1,4832.14838133758,100.96249826846,"word",0.995460723543657,0.673566970974207,2.24784074351192,53,94,"pec",1,4887.19664419232,99.4638653710367,"word",-0.93705099968796,0.769294714322314,1.72534263692796,61,94,"pec",1,4687.12825657398
"95",101.361654668447,"word",-1.26688329120271,0.500801426824182,9.45608309237286,778,95,"pec",1,5183.77470472121,100.756921251023,101.108551767229,"word",-1.50727173012857,0.171146628214046,6.43667364027351,924,95,"pec",1,5250.81188213533,"word",0.881204658895499,0.0863588859792799,2.45915758190677,101,95,"pec",1,5202.77955358782,99.5974383888319,"word",-1.24418658278888,0.990988288307562,4.9918083450757,631,95,"pec",1,4932.33844164628,100.146881083263,"word",-0.664948040762055,0.717525150859728,7.3322166246362,421,95,"pec",1,5059.49748780408
"96",100.141314867824,"word",-0.948002631440021,0.592264035483822,0.0578497396782041,910,96,"pec",1,5047.91877579091,100.138216849198,100.272807948912,"word",-1.31905063246908,0.686870022211224,7.54434922710061,463,96,"pec",1,5102.23834770505,"word",0.971239740193767,0.352728248341009,4.08552462700754,184,96,"pec",1,4815.37381598334,96.5508303759482,"word",1.40579955185652,0.0455368359107524,7.08555147284642,685,96,"pec",1,5185.1405000209,101.732699775456,"word",-0.712845553909928,0.00625215610489249,9.62186879478395,698,96,"pec",1,4869.22440979164
"97",101.400421605257,"word",1.49692615404838,0.95346194319427,2.74828873109072,862,97,"pec",1,4946.3075639705,97.2451976769327,100.069891493318,"word",0.062152430483486,0.970436626579612,8.53741615777835,187,97,"pec",1,5293.88807515484,"word",-1.20691294587397,0.125156541354954,3.97837836761028,2,97,"pec",1,4906.80491983705,99.534672733954,"word",-0.942377814094922,0.598503173561767,5.52107013761997,132,97,"pec",1,4607.68253854219,98.6937381797564,"word",-1.82323446260774,0.665008152835071,6.52494677575305,970,97,"pec",1,5134.3800809939
"98",99.5137588941201,"word",1.13366536074831,0.346508187707514,1.9179417937994,191,98,"pec",1,5251.96735897308,101.643411102106,100.144748177281,"word",0.498306426125826,0.686763925477862,0.281823687255383,257,98,"pec",1,5011.24210421354,"word",-0.203188648492376,0.431874104309827,0.215377314016223,279,98,"pec",1,4891.19833258234,97.0370004617189,"word",0.384003520223304,0.343038684688509,1.30055634304881,969,98,"pec",1,4956.97638072162,98.8485875072064,"word",-0.0893838127100341,0.758306578034535,8.70044523617253,177,98,"pec",1,5212.73181358331
"99",98.5991979750392,"word",1.12920566429711,0.209186717169359,1.90008148783818,715,99,"pec",1,5112.19145523351,98.8032113664784,100.810497825922,"word",-0.366594139125443,0.355546583421528,7.6640166179277,133,99,"pec",1,4824.64651826545,"word",-0.173579249949048,0.767255763057619,0.186277569737285,193,99,"pec",1,4827.78978231913,100.025651405135,"word",-1.64420317553419,0.175971207441762,4.54284251201898,756,99,"pec",1,5156.90041063508,99.9069522052788,"word",0.221502161137135,0.98535727802664,2.93074235320091,969,99,"pec",1,5157.997376624
"100",98.6263889227391,"word",-0.80873664957553,0.185748038347811,6.25324288150296,521,100,"pec",1,4754.3173167931,100.543941398575,99.2798995757016,"word",0.412693769385058,0.995105978567153,3.97048742743209,364,100,"pec",1,4886.37623673484,"word",-2.28004988697962,0.470945189939812,9.84671979444101,761,100,"pec",1,5153.07581614477,100.274737365189,"word",0.311517332903754,0.676262707682326,8.8887944095768,339,100,"pec",1,4751.56801192717,99.0467951327264,"word",-1.03485453143371,0.32719755009748,6.71254636021331,667,100,"pec",1,4762.85020867386
"101",101.892629106217,"word",0.0772859086107484,0.6154195133131,3.00797161180526,962,101,"pec",1,5000.90214877614,100.296709323732,99.397200503094,"word",-0.411313661971453,0.418776219710708,6.07660953886807,927,101,"pec",1,5173.25165951339,"word",-0.151081000677054,0.557010206161067,9.5347914728336,889,101,"pec",1,4919.54461881316,100.619303299518,"word",-0.13767712254041,0.565931441495195,6.25734278932214,958,101,"pec",1,5006.70409106755,99.7218577463515,"word",1.58935106327909,0.40322863869369,1.80159550393,500,101,"pec",1,5110.25974550742
"102",99.1218892460446,"word",-0.908043943437014,0.503787293564528,1.14088168367743,738,102,"pec",1,4673.37063898963,100.45746284846,99.6605606435156,"word",0.0354516054965993,0.171610637567937,7.41408985806629,695,102,"pec",1,4897.4288856523,"word",2.33529329836669,0.315900977002457,6.09106399351731,764,102,"pec",1,4854.71392498028,99.7493341676641,"word",-1.62632342638714,0.110021271277219,5.55705600650981,268,102,"pec",1,4926.85221270431,99.0096378506276,"word",-3.56099640990432,0.0373689869884402,5.00029991846532,79,102,"pec",1,5442.82367896636
"103",98.7670737505704,"word",0.633550357269359,0.918021069839597,6.68334417976439,393,103,"pec",1,5104.60315892497,101.009325790261,101.73716041047,"word",0.35681051861879,0.544612110126764,3.41441126773134,351,103,"pec",1,5011.27804950343,"word",1.43133088713143,0.0314078365918249,1.203113112133,278,103,"pec",1,5106.30894271158,99.5645366043882,"word",-0.232685580223223,0.255355375818908,5.67648109979928,109,103,"pec",1,5352.8637639438,99.4161286418232,"word",-1.93062823603233,0.238517299061641,2.21725437091663,534,103,"pec",1,4920.14567126974
"104",99.561690942479,"word",-0.928125713488437,0.0299832685850561,5.98153577186167,514,104,"pec",1,4886.4537418867,99.4664582439751,101.84407310963,"word",-0.0848752335084501,0.0702719909604639,3.94969672663137,899,104,"pec",1,4649.86763574291,"word",-1.37047877428978,0.465680113295093,6.22308922000229,805,104,"pec",1,4665.59550263017,100.883024553787,"word",-1.16864205486312,0.912509575719014,6.80483426433057,159,104,"pec",1,4924.40835729997,99.9040300968168,"word",0.597248940732363,0.549779081251472,1.39922097325325,624,104,"pec",1,4757.49953914112
"105",100.058525726212,"word",-1.02346798983592,0.969177412101999,8.90623122919351,699,105,"pec",1,5077.45680212326,99.877503660843,99.1423111134419,"word",0.0664925585435661,0.25430098362267,2.81724217580631,98,105,"pec",1,4871.62784060965,"word",1.14186928950529,0.687348717125133,2.73585431743413,683,105,"pec",1,5484.50568388869,100.444274804494,"word",0.380747222011772,0.54446043423377,7.45549311861396,984,105,"pec",1,5156.10288229703,99.6711955634131,"word",0.635867662824945,0.118415565462783,0.141925492789596,591,105,"pec",1,5065.3514247098
"106",99.9778281033921,"word",-0.318656761908297,0.512734968680888,0.315311581362039,602,106,"pec",1,5119.34004038205,99.1618163500015,100.872044774303,"word",-0.341676887884903,0.657026919070631,4.54963127849624,573,106,"pec",1,4959.72108287975,"word",-0.546558728265132,0.287609214894474,4.10453703487292,588,106,"pec",1,4766.89441338776,101.443271847373,"word",-0.599042611824553,0.958585027139634,9.47350928559899,933,106,"pec",1,4897.05046860615,101.408542639619,"word",-0.471051556635212,0.0493913530372083,5.85861342959106,786,106,"pec",1,4718.86175709182
"107",99.2096143083334,"word",-1.46985630622996,0.160774804418907,7.31561119901016,710,107,"pec",1,4869.10384397691,100.610346890487,100.741527465408,"word",0.82630770639039,0.895113810896873,7.69247979391366,708,107,"pec",1,4789.78522403132,"word",0.0462843133194913,0.637292646570131,8.85782366851345,279,107,"pec",1,4824.93303811961,98.5699474057683,"word",-0.433617338831909,0.028774801408872,9.6113198180683,997,107,"pec",1,5235.53924531051,99.721675790453,"word",1.73677553146238,0.477337252581492,6.73402086831629,957,107,"pec",1,5299.12835061954
"108",101.136184572588,"word",-0.626286499528162,0.764831717591733,2.59883512277156,902,108,"pec",1,5124.888218924,98.8029531255051,99.8986980684894,"word",0.262002796492124,0.561137994518504,2.75396201526746,960,108,"pec",1,4976.38246249711,"word",1.27097763045632,0.645062128547579,8.16960748285055,359,108,"pec",1,5158.14431194716,100.516604071347,"word",0.12741202341338,0.469829358626157,7.66065617091954,796,108,"pec",1,4645.93160810276,98.7221639426491,"word",-0.216627020372077,0.530215602833778,2.90613509947434,569,108,"pec",1,4884.99557784222
"109",100.281586514836,"word",0.0216879896132865,0.902913804166019,8.38649224257097,329,109,"pec",1,4392.93040589177,103.140778276286,100.862941847729,"word",-1.81854993577641,0.0118282693438232,7.7714834921062,358,109,"pec",1,4973.45188713506,"word",0.331758571187758,0.0176089289598167,6.14800523268059,676,109,"pec",1,5189.70907388976,98.366904737437,"word",0.617217900366643,0.883144899969921,2.46419831411913,533,109,"pec",1,4957.47592535987,101.525649267476,"word",-0.969860117267715,0.931846803287044,2.9414928285405,410,109,"pec",1,5197.87081840782
"110",99.9628853299078,"word",0.0343664064475344,0.793587147956714,6.6901774588041,878,110,"pec",1,5119.88327891878,99.8964299383341,101.653999487117,"word",1.4370599981088,0.643148311879486,5.56789978174493,440,110,"pec",1,5091.93965711151,"word",-0.812829771961032,0.340735560981557,3.60065499087796,352,110,"pec",1,5200.08151601322,99.0626984395001,"word",1.46135419236091,0.897070618346334,4.91812276188284,252,110,"pec",1,4529.46206970029,99.9310370786769,"word",1.187543892853,0.0840931395068765,5.18586722202599,369,110,"pec",1,4960.12957401889
"111",99.2647541734245,"word",1.76244920930406,0.793689362471923,1.78091058973223,951,111,"pec",1,4767.69265088405,102.842711039322,100.424493615686,"word",0.594349891484342,0.613553687697276,9.50772774172947,242,111,"pec",1,4753.94120277125,"word",-0.699263281406818,0.642022165702656,5.29749207664281,452,111,"pec",1,4919.96652306977,98.9236209918879,"word",0.547717878584594,0.687382351839915,1.0726581257768,579,111,"pec",1,5148.0654703655,100.099010921523,"word",-0.579985666539065,0.48684653849341,2.51255579991266,180,111,"pec",1,4713.50616917288
"112",101.212376253798,"word",-1.48076141833019,0.0823576508555561,4.50156196486205,655,112,"pec",1,5233.81220267745,100.881863545258,99.9071264967916,"word",-0.631740951924886,0.426605222048238,6.24493855284527,139,112,"pec",1,5513.93978467818,"word",1.83233356990977,0.702914733206853,7.37583361566067,964,112,"pec",1,5057.99910792672,101.292814983425,"word",0.398813626253952,0.143265010789037,7.90190754458308,146,112,"pec",1,4819.22536143572,98.8358163229968,"word",-0.738009842811731,0.83383754407987,6.68653308646753,508,112,"pec",1,5232.0645006579
"113",99.9269791815705,"word",-0.29884285497897,0.479020504746586,2.93771813623607,321,113,"pec",1,4955.18415663936,100.044778622945,99.9591038698917,"word",-0.0823984072584499,0.478288024431095,8.08369133854285,276,113,"pec",1,5079.49581355285,"word",0.217916370315085,0.337989654159173,3.33072355249897,74,113,"pec",1,4774.39664621058,100.023188956654,"word",0.997987771386469,0.125399633543566,3.84513126220554,112,113,"pec",1,5183.96517273012,100.675983355289,"word",1.37979883153805,0.655215393286198,5.90865584090352,939,113,"pec",1,5029.61515780121
"114",100.560770768875,"word",-0.365253208122924,0.302846399601549,8.2503807800822,756,114,"pec",1,5154.6890646554,100.262027843643,99.6089034511939,"word",-0.251093968619379,0.179602222749963,0.0639075483195484,758,114,"pec",1,4690.24045704992,"word",1.97772715641804,0.440341970650479,1.92995860707015,80,114,"pec",1,4998.03451726542,101.028346315618,"word",0.678149250701337,0.839397938689217,4.42426007241011,435,114,"pec",1,5033.37533905965,99.8354645184443,"word",1.69950182347643,0.389951352728531,1.98595085414127,581,114,"pec",1,5040.50149685603
"115",99.6155558267156,"word",-1.19384024611929,0.976285306503996,1.56850747065619,263,115,"pec",1,4948.55588450829,100.407970030935,99.236078430513,"word",-0.168621119994845,0.637457124888897,7.67570722382516,474,115,"pec",1,5305.63300667855,"word",-0.728703640886785,0.526779080973938,4.43118475843221,417,115,"pec",1,4947.5959753529,98.9737788472812,"word",-0.191377271928927,0.0231306271161884,8.17043264629319,285,115,"pec",1,4997.89594903771,101.200677338636,"word",1.99433462086004,0.0216062797699124,9.7828694130294,359,115,"pec",1,4982.19489928233
"116",99.715250692708,"word",0.737839976082781,0.782265771646053,7.09212156943977,357,116,"pec",1,4862.95704410595,100.212032438634,99.8786486999234,"word",0.485486070818899,0.196188143687323,1.70499018160626,30,116,"pec",1,4770.79429866871,"word",-1.66190021854456,0.299503722926602,1.32886349689215,656,116,"pec",1,4869.32457149607,99.1474533970256,"word",0.837648474531437,0.497401984874159,6.65693208808079,566,116,"pec",1,4885.4276188585,99.3344984949519,"word",-1.96047656589677,0.700906706508249,4.21817944617942,597,116,"pec",1,5279.7812059682
"117",99.2614867738608,"word",0.840809608529284,0.984579378506169,3.7296495703049,483,117,"pec",1,4997.98939977893,100.2792555293,100.0129667225,"word",-0.560651176219288,0.143346909666434,9.39089121762663,88,117,"pec",1,5061.14534875848,"word",-0.485609735063009,0.97264862828888,8.24435238027945,778,117,"pec",1,5050.86982497585,99.3701569644876,"word",0.259836039131019,0.197753170505166,7.39067706977949,555,117,"pec",1,5091.00860902734,101.007018579044,"word",2.12672231154542,0.0378496220801026,1.94294836372137,618,117,"pec",1,5095.32480254618
"118",100.330044708311,"word",-0.346564096740733,0.795246884925291,5.17707474995404,463,118,"pec",1,5034.9734482154,100.968991031777,99.125622550635,"word",-0.0614158910837037,0.265144262695685,1.76841245032847,426,118,"pec",1,4929.31651066543,"word",2.4558828525985,0.584225667407736,6.0982071980834,823,118,"pec",1,4609.15466306421,98.9624493652663,"word",0.746145953020382,0.183422096539289,1.52752198977396,94,118,"pec",1,5036.3683165565,99.5180255343163,"word",-0.177357941455862,0.375442505348474,2.88715188158676,174,118,"pec",1,4893.88249940195
"119",98.8773112784241,"word",0.780250580976422,0.914441759465262,5.15024839900434,798,119,"pec",1,5209.00672918899,100.669682313946,101.413889446328,"word",1.55186389875843,0.362803219119087,8.70878983056173,931,119,"pec",1,5186.4839886249,"word",-0.967811055835179,0.183006864273921,5.87347773136571,993,119,"pec",1,5068.172338355,101.461931286069,"word",0.00626248821108467,0.693218994652852,2.04110538121313,102,119,"pec",1,4858.48010499719,99.1343407379382,"word",0.904204570178745,0.695679999887943,6.60515031777322,267,119,"pec",1,5338.90268069911
"120",99.6985363516545,"word",-0.939102773006766,0.960237297229469,8.61383951734751,717,120,"pec",1,4950.65977616707,99.5585544706091,100.329406092896,"word",-2.08230804067054,0.00621624477207661,6.77443770924583,164,120,"pec",1,4940.98494056462,"word",-0.856267706576672,0.90551124070771,8.17747418070212,412,120,"pec",1,5080.27433112141,98.3242193478257,"word",0.43794483473226,0.775529806502163,6.77486907690763,417,120,"pec",1,4698.65392507243,101.288483094685,"word",-0.973706228588069,0.978433572454378,6.41817062394693,844,120,"pec",1,5023.24550424376
"121",99.9681973741243,"word",0.706437777275881,0.0440221165772527,4.06900868983939,706,121,"pec",1,5304.26558063533,101.045165780606,100.402605582399,"word",2.51101457521628,0.341146940365434,2.83473034156486,854,121,"pec",1,5099.6351349921,"word",-0.937737293943815,0.911107872147113,9.25626180367544,217,121,"pec",1,4925.76495088596,101.032049786988,"word",0.800796361973709,0.171190246939659,7.68166749505326,763,121,"pec",1,4916.86252628842,101.457035197905,"word",-0.813746554893092,0.339998895535246,5.25436328956857,13,121,"pec",1,4858.38774471302
"122",98.9242057981301,"word",0.882324539153136,0.282113672001287,5.31411043833941,880,122,"pec",1,4824.79917958919,100.317648436017,100.884224083558,"word",-2.059258105487,0.878003713442013,4.73554572090507,432,122,"pec",1,5015.47565201127,"word",-0.861054431634965,0.961436273995787,2.10044736741111,457,122,"pec",1,4511.76882644802,100.221732980429,"word",-0.287385543444927,0.543671300401911,3.79921079846099,243,122,"pec",1,5278.91577829386,100.164456916403,"word",1.130329026892,0.0767877530306578,8.72416718862951,816,122,"pec",1,4973.10220497196
"123",100.238744724809,"word",2.36825933246116,0.993640121305361,3.83986010914668,393,123,"pec",1,5037.5959170415,100.545237186301,99.5310089154504,"word",0.120128886060641,0.103747086599469,6.78015328012407,82,123,"pec",1,5336.42871068575,"word",0.151016111351975,0.366209739819169,1.99875310529023,341,123,"pec",1,4903.09079928519,99.5883391629355,"word",-0.234294401128545,0.0710090063512325,0.903032571077347,425,123,"pec",1,5231.29892346749,98.986124670113,"word",0.274040260382591,0.276093313470483,0.447575836442411,496,123,"pec",1,4701.0444486083
"124",98.7622290502744,"word",-0.280171808522807,0.843260913388804,0.230630403384566,90,124,"pec",1,5095.29868908077,98.6240959523493,101.370975506536,"word",0.352392609222833,0.931968001415953,6.5850385162048,522,124,"pec",1,5143.47065402224,"word",-1.57559982592888,0.566432069521397,4.66277811676264,269,124,"pec",1,5183.16269198307,98.5750132711392,"word",-1.18531328910542,0.301035565556958,6.90517988055944,304,124,"pec",1,4714.93530006835,100.987852494404,"word",0.225669508279083,0.129185798810795,3.20344391278923,497,124,"pec",1,4961.01351108606
"125",99.9199407993937,"word",0.36847338186478,0.0370336419437081,6.05752738658339,549,125,"pec",1,5207.94285921643,100.257317404776,100.301004352916,"word",0.403492627995835,0.287967264419422,6.08529970282689,351,125,"pec",1,4691.4878050332,"word",-0.867438897718125,0.600224930560216,9.785462168511,689,125,"pec",1,5322.65495720502,100.084800181598,"word",0.0781176939070356,0.15444928756915,3.71749065117911,527,125,"pec",1,4878.94722291749,100.506687711606,"word",-0.346072652159318,0.755110207013786,8.80489454139024,704,125,"pec",1,5411.2015612108
"126",99.6864032426012,"word",0.602165657430979,0.0549311195500195,2.8994150669314,271,126,"pec",1,4919.94207700366,99.7690198180322,100.979415935783,"word",0.179069474979226,0.496651879278943,8.17988524213433,919,126,"pec",1,5208.50231407314,"word",-0.68104218358986,0.187814293662086,4.03864331077784,651,126,"pec",1,5102.0649454698,100.521829084365,"word",0.759026847657034,0.613991197198629,5.83510505966842,493,126,"pec",1,4775.79262626506,102.065977480482,"word",0.348569670119449,0.125134696718305,1.41022849828005,40,126,"pec",1,4553.34097773186
"127",99.3807369304926,"word",-0.459375774792964,0.402523201424628,9.38446675660089,505,127,"pec",1,4973.51203576749,99.9871471498272,98.2766526025643,"word",-0.824547993082301,0.234944606665522,9.2498916038312,293,127,"pec",1,4846.1717827144,"word",-1.30210653125145,0.765480956761166,1.84246111195534,193,127,"pec",1,4836.76739330104,100.769376134553,"word",0.668102469296059,0.870256549445912,3.68679878069088,377,127,"pec",1,4970.41225918489,99.4851465540792,"word",0.252684780548212,0.0542073319666088,8.46292508300394,368,127,"pec",1,4928.28275172958
"128",99.9401394025603,"word",0.166030866610966,0.502970568602905,2.57543264189735,227,128,"pec",1,4769.39216595917,100.395477791052,101.779532740438,"word",1.26498727914525,0.28749743825756,5.07486859336495,753,128,"pec",1,5375.96318997946,"word",1.91617085856266,0.66620885883458,5.02089157467708,544,128,"pec",1,5274.4086763361,100.173005693244,"word",-0.024794459761015,0.895738898776472,5.59359110658988,695,128,"pec",1,5147.92977556714,100.504371929453,"word",1.09500969375856,0.488809934817255,6.99597341706976,182,128,"pec",1,4877.52902401375
"129",101.791364302788,"word",-1.71089846493329,0.590099765686318,0.716329833958298,253,129,"pec",1,4968.08268273602,100.468458931117,101.370392761547,"word",-0.867856366484636,0.502750107785687,4.56799150910228,691,129,"pec",1,4885.60580780487,"word",-0.908121504792124,0.519782138522714,9.37653444707394,732,129,"pec",1,4807.81183880457,100.0130233114,"word",1.0957237798501,0.719261337770149,7.64976416015998,73,129,"pec",1,5062.21813341374,99.0989604938041,"word",0.655237571776494,0.0157538806088269,0.20281464792788,682,129,"pec",1,4677.92580055902
"130",100.139278894315,"word",-0.560793976228765,0.893676160601899,4.23333341721445,370,130,"pec",1,5247.62343421163,98.8408938998884,101.58913823288,"word",-0.119543020241616,0.537570973159745,7.28478301782161,163,130,"pec",1,4935.99360040303,"word",-0.855578859104538,0.709202970378101,0.855251729954034,688,130,"pec",1,4887.09451723056,101.590974495085,"word",-1.03525745479029,0.663880662061274,5.23389904061332,299,130,"pec",1,5087.67734014899,100.063339327301,"word",0.153502809398616,0.767492937622592,6.10061321407557,128,130,"pec",1,4795.81704051125
"131",100.250351599028,"word",0.963056464395488,0.398701374419034,7.75247264187783,514,131,"pec",1,4935.33446658789,98.2912925512513,100.636706644755,"word",-1.72765921561801,0.152094291290268,0.145612468477339,192,131,"pec",1,5002.45276851538,"word",2.33090659697441,0.0221777437254786,7.96805643709376,614,131,"pec",1,5118.60911914179,100.070141198904,"word",0.0878319156850007,0.833219482563436,2.02453141566366,921,131,"pec",1,4958.88835400808,100.738479642401,"word",-0.671245586422694,0.448210935341194,1.9769203546457,516,131,"pec",1,4743.6229404051
"132",97.463617840753,"word",1.36373296659175,0.552397629013285,0.992128241341561,208,132,"pec",1,5028.74811467908,99.3899143017924,100.522679337082,"word",0.618043047483166,0.900706814602017,5.57791002793238,213,132,"pec",1,4772.97432148824,"word",0.350270948710482,0.252623312175274,5.66846479661763,307,132,"pec",1,5029.06603495012,101.675115944527,"word",-0.338287174175058,0.248007135698572,4.43085443694144,368,132,"pec",1,4925.14866772571,99.6562612463544,"word",0.463604985922851,0.25535568757914,7.66823580255732,794,132,"pec",1,5057.87753387867
"133",99.9190927997488,"word",0.816344533031168,0.181782096624374,7.28508098982275,54,133,"pec",1,4878.34140242486,99.0407734333622,99.6814070626731,"word",0.139548063511115,0.738892067223787,3.07482338277623,250,133,"pec",1,4922.26225406208,"word",0.575403429750527,0.044195129070431,6.30967652890831,503,133,"pec",1,5211.46678152521,100.312347642702,"word",-0.574892290921238,0.484410766744986,0.460058345925063,345,133,"pec",1,4878.58097851888,100.503714786376,"word",0.328376610272684,0.790987269021571,4.46901014773175,490,133,"pec",1,4975.44889511513
"134",100.512422874075,"word",-0.105260633861183,0.183194127632305,4.77860303595662,973,134,"pec",1,4754.64051987988,99.3589932420973,100.463646150974,"word",0.31537566388282,0.920715398387983,9.59211046341807,996,134,"pec",1,5147.42781413604,"word",0.118367649920069,0.513176947599277,1.73393646953627,786,134,"pec",1,4826.65399258651,99.9058632591775,"word",1.22415390193917,0.841620555846021,4.99239584198222,253,134,"pec",1,5085.88813369739,102.492581196756,"word",-0.814387801560038,0.375993563327938,0.927623989991844,150,134,"pec",1,4686.91441706007
"135",99.7002190551015,"word",-0.329172652290832,0.668362817727029,9.55918131163344,202,135,"pec",1,4958.8766163433,101.005462499078,101.568224416303,"word",0.442661057077564,0.538252654718235,0.967396246269345,878,135,"pec",1,5185.11508237651,"word",1.43065926042314,0.648432205896825,7.38850781228393,243,135,"pec",1,5150.2101531669,99.4123288016603,"word",0.313753557762339,0.0549236398655921,5.50751189701259,102,135,"pec",1,5059.06698406319,99.7945259370174,"word",1.55280368732955,0.999726825160906,2.16441088356078,370,135,"pec",1,5021.51677629241
"136",100.655727625419,"word",0.871397708517973,0.859339492861181,1.29268246470019,93,136,"pec",1,5162.52516572678,100.279205507208,100.250978614053,"word",-0.160781982592129,0.255194181576371,8.81311794975773,93,136,"pec",1,4797.1840522514,"word",-0.0818289732435975,0.831269501009956,5.05162420216948,548,136,"pec",1,4966.38678130397,100.012769967435,"word",-0.942868908583259,0.635785804595798,1.6766866389662,443,136,"pec",1,4771.22211450485,100.95172384343,"word",-0.276555968375874,0.114477706374601,6.43695204518735,179,136,"pec",1,4866.79310496346
"137",99.7876270905332,"word",0.42344550914496,0.612530375365168,4.33721921872348,975,137,"pec",1,4937.10297380889,98.8536806803246,100.036910560144,"word",0.075805089072596,0.612301604822278,9.52920945128426,864,137,"pec",1,5282.95421241054,"word",-0.490962235255294,0.441224987851456,4.54615119611844,889,137,"pec",1,4945.09731141436,99.4746130335956,"word",-0.799543089531125,0.988613019231707,0.0907957064919174,404,137,"pec",1,5225.89460297137,99.2158754373081,"word",0.230527781200008,0.139796001370996,6.69020864414051,50,137,"pec",1,4825.82293279328
"138",98.6784813591073,"word",-0.483940984054776,0.466177183901891,3.62807907862589,706,138,"pec",1,5154.41543630541,100.76121800052,101.551708918435,"word",-0.611347240078697,0.044637811370194,4.4965252536349,433,138,"pec",1,5283.50462438107,"word",-1.75151015886047,0.213248112704605,5.3641907335259,291,138,"pec",1,5091.26472225199,100.678513058988,"word",-1.00579567162933,0.482016657013446,4.10146951209754,491,138,"pec",1,4690.43295935219,97.3288776756037,"word",-1.57519617096288,0.110083975596353,6.27744364086539,59,138,"pec",1,4917.0539499157
"139",100.84407748689,"word",-1.76166754072196,0.503394305240363,6.99793969513848,612,139,"pec",1,5131.75885428815,101.704719514145,99.0252475880025,"word",-0.393039663049478,0.651203909656033,3.19741517072544,813,139,"pec",1,5101.64911921456,"word",0.441010191575099,0.205036931438372,2.24833422340453,838,139,"pec",1,5459.01964875528,98.7263363892863,"word",0.956788804808497,0.784375102026388,0.936254125554115,967,139,"pec",1,5189.16832755268,98.8956490296623,"word",-0.852387432292367,0.567111856304109,7.98243266064674,17,139,"pec",1,5169.9174941451
"140",100.766580843544,"word",-0.131256059077983,0.876224643317983,8.23597946204245,529,140,"pec",1,4854.25995057154,100.713300759595,101.167233878936,"word",-0.756791126731907,0.159359632758424,2.42380141746253,640,140,"pec",1,4896.869520544,"word",0.685783448879143,0.160863202996552,4.57804985111579,865,140,"pec",1,4808.74586995089,99.7689496200385,"word",0.173921940202501,0.458842447726056,1.37043813476339,788,140,"pec",1,4606.14093121353,102.174081749075,"word",-1.58531944893214,0.833205412374809,0.877456311136484,830,140,"pec",1,4784.51913697918
"141",101.015329248562,"word",-0.160155173074902,0.242809931980446,1.34833567542955,900,141,"pec",1,5149.70309535622,100.589374425916,98.9163776496442,"word",0.0561032659709578,0.623297245940194,9.84335698885843,178,141,"pec",1,4884.65540254125,"word",-0.467929667820341,0.483065216802061,2.02645826851949,676,141,"pec",1,4915.11844378616,100.36416539716,"word",0.216913522728793,0.875128429848701,4.77763446280733,901,141,"pec",1,5116.92550901669,99.2053985567647,"word",-0.332925537229811,0.582484980346635,5.00772326719016,908,141,"pec",1,5175.99934899451
"142",99.0305456051362,"word",-1.49178552784816,0.444408107083291,2.729726806283,39,142,"pec",1,5095.77795508545,99.001921127379,99.7013905291298,"word",1.00342992597804,0.555900373030454,0.889917616732419,509,142,"pec",1,4934.06785205112,"word",-1.31528558582982,0.583783291745931,0.331557698082179,628,142,"pec",1,5230.19467080801,101.529249893964,"word",-0.182819921271384,0.373161193914711,0.581981660798192,621,142,"pec",1,4793.86962645698,100.613203898296,"word",-1.09771023007668,0.459506848827004,7.95177719788626,419,142,"pec",1,4917.86649628664
"143",99.0595531972844,"word",-1.75770173965673,0.403655673144385,3.33839543396607,356,143,"pec",1,4992.86045881782,99.4646421138821,101.498056187313,"word",1.24523248926507,0.92949815467,6.04470359859988,431,143,"pec",1,5586.15237535032,"word",0.908544548517739,0.95004096836783,4.91452251095325,992,143,"pec",1,5189.82850843766,99.3444817458039,"word",2.00019739575628,0.134174711769447,7.93719858629629,439,143,"pec",1,4680.29706566233,99.2227281245038,"word",0.486512537818945,0.45447958051227,9.74528674501926,170,143,"pec",1,5345.62503035177
"144",99.9913541676385,"word",-1.53924920914012,0.0750351760070771,6.18475601542741,302,144,"pec",1,5006.27790008784,98.2169018733057,98.8183549150858,"word",-0.0289956908867217,0.19411859777756,3.99000109639019,378,144,"pec",1,4874.97013843985,"word",-1.11027212219525,0.383398942649364,6.41351216938347,68,144,"pec",1,4987.53380635764,100.466803618546,"word",0.550509140777068,0.632291197311133,2.54166651051491,826,144,"pec",1,5140.608669809,98.5423515390716,"word",0.4674789740283,0.29484843253158,4.00706268381327,282,144,"pec",1,5346.01753122877
"145",100.989935057416,"word",0.492091541016828,0.279554597102106,7.92300364701077,356,145,"pec",1,5107.56261557388,99.1536080859829,100.318153748016,"word",1.64640227195424,0.498560586711392,2.49293071450666,795,145,"pec",1,4923.15097386195,"word",-0.371279368460673,0.995989422081038,6.10084016108885,776,145,"pec",1,5035.02820043495,100.459466718741,"word",-3.4776256770826,0.336355099221691,4.80658419895917,816,145,"pec",1,5033.94829885751,100.176293560893,"word",0.947326545964389,0.511496530147269,6.14577129948884,909,145,"pec",1,4417.16918772048
"146",97.1638944565717,"word",0.0716911327881473,0.903619324788451,9.83909236267209,855,146,"pec",1,4882.43926975353,101.785685784767,100.482694495183,"word",1.38325832562904,0.491366049274802,7.1659464482218,641,146,"pec",1,5133.83181001605,"word",0.0378639209807721,0.943434558575973,6.48149498272687,126,146,"pec",1,4986.17401343703,101.275358880922,"word",1.41863911242621,0.537174907280132,0.042652937117964,769,146,"pec",1,5286.99364548336,100.074916467703,"word",0.024954592744489,0.223101144190878,4.96612248709425,211,146,"pec",1,4777.07405216908
"147",99.7877773871611,"word",0.136921520680509,0.232669969554991,2.67778116744012,957,147,"pec",1,4954.74999259046,101.931260130302,98.2402725129563,"word",-0.657403173071684,0.776821464067325,2.04810516443104,195,147,"pec",1,4915.02735399449,"word",-0.603041635570286,0.106283175759017,7.98405594658107,821,147,"pec",1,4915.1475818144,99.2509577417545,"word",-0.701003896438938,0.745844137854874,9.77311492664739,673,147,"pec",1,5261.43686511525,100.275364702051,"word",-0.308904586387356,0.850350566441193,3.85559956077486,658,147,"pec",1,5414.09467269862
"148",98.9203920758225,"word",-0.850859202146085,0.162755743600428,3.06094055762514,722,148,"pec",1,4945.16537374957,100.062727281072,100.495140693733,"word",1.40616816955025,0.638881304766983,7.7762275794521,802,148,"pec",1,4996.69956325315,"word",-0.418470020261227,0.869755907217041,9.49791945284232,340,148,"pec",1,4728.57389322923,101.366178256397,"word",-0.262721440203325,0.275789513485506,6.80140258278698,263,148,"pec",1,4850.77988296647,98.4042312387406,"word",0.75577735492024,0.352396455127746,9.43230230361223,564,148,"pec",1,5172.45230786278
"149",98.3911504474534,"word",-1.14992128000322,0.410714077530429,2.5408910214901,258,149,"pec",1,4811.09621963778,100.708110243068,100.566278639096,"word",-1.43901118400773,0.531826066784561,9.75882224971429,991,149,"pec",1,4814.74387827063,"word",1.42283578921707,0.268043799558654,8.80399803863838,467,149,"pec",1,5392.77555214539,100.747477508627,"word",2.7988477134089,0.922049507731572,4.38385694054887,456,149,"pec",1,4886.36392327666,99.3884651124559,"word",-0.869896137392808,0.818089778767899,7.53036551177502,861,149,"pec",1,4778.55578872697
"150",99.7183939991864,"word",-1.5979227388584,0.531390707707033,2.67854729434475,67,150,"pec",1,4728.23507879105,100.724702396197,99.9054579731554,"word",0.91757553791155,0.924660653807223,1.97487752186134,359,150,"pec",1,4969.44568858646,"word",0.917800786882235,0.579455804545432,2.80837486498058,638,150,"pec",1,5047.39634891108,101.034934821113,"word",0.68654384260225,0.594170529628173,3.4623504569754,622,150,"pec",1,4733.32074090351,99.1826530481717,"word",-1.25471837899719,0.254641152452677,8.44977761851624,591,150,"pec",1,4959.17718571536
"151",100.220304545094,"word",1.07486049993366,0.179459617007524,1.38359310338274,489,151,"pec",1,5063.29498667771,102.273990105249,100.435095065206,"word",0.880144736281471,0.884870540350676,1.30143409362063,539,151,"pec",1,4728.52375378732,"word",0.480737443085988,0.101862220559269,6.83975424151868,35,151,"pec",1,4788.97133184987,99.5519085711623,"word",0.015901893688836,0.0266463826410472,1.71993932453915,416,151,"pec",1,4910.21145990932,100.692109759319,"word",0.123718697528595,0.516016311943531,5.67462007515132,635,151,"pec",1,4980.62508194105
"152",98.4628103447097,"word",-1.51894669052978,0.150797370122746,2.44623443577439,262,152,"pec",1,4900.8755804441,100.403561566361,101.549335389709,"word",1.64039005494069,0.371095715556294,6.07589419931173,324,152,"pec",1,4831.86239334204,"word",0.353702786588505,0.224283604416996,1.77723670611158,729,152,"pec",1,5248.32288813279,100.46328076747,"word",-0.121732328286463,0.744743321789429,4.10532352281734,529,152,"pec",1,4809.43527989814,100.037389418828,"word",-0.518067889746345,0.843446070328355,0.308830121066421,976,152,"pec",1,5206.9088348186
"153",101.140277820206,"word",0.0813072729552076,0.200654490618035,8.55261840857565,764,153,"pec",1,5029.31847522083,99.2546211383548,99.1844086842441,"word",-0.636596881106908,0.487218178575858,3.1989804119803,756,153,"pec",1,4622.60103973472,"word",1.0064978064623,0.884587716311216,6.40709361759946,837,153,"pec",1,5071.75414703657,102.397906532999,"word",0.906372870872566,0.742019158089533,9.56237997161224,734,153,"pec",1,4871.39724510952,98.877511215919,"word",0.345084458408445,0.530672708060592,9.41558358026668,38,153,"pec",1,5053.68950231238
"154",99.2171314873215,"word",1.34424514676,0.321135009406134,7.0777855347842,920,154,"pec",1,4977.43917065297,99.5403086130701,99.0647542831787,"word",-0.265950414458746,0.824319427832961,6.84305608738214,119,154,"pec",1,4905.498783774,"word",0.569472650313487,0.451623940374702,6.38025657273829,539,154,"pec",1,5180.31928984099,100.288675339759,"word",-1.38485075788726,0.985453661065549,8.52671336848289,215,154,"pec",1,5009.38129841568,100.526820607862,"word",-1.64269621309453,0.0659884579945356,2.28011329192668,941,154,"pec",1,5248.96269823243
"155",99.5910558889108,"word",0.456126480796372,0.272104142000899,3.08681641472504,846,155,"pec",1,5072.69085336807,99.7674706533118,100.263479220252,"word",1.11253359847274,0.170157259097323,1.99391735717654,932,155,"pec",1,4846.82887834704,"word",0.99219180523031,0.703816269058734,5.83151013357565,67,155,"pec",1,5216.75157668869,99.9926019515249,"word",-1.00976247969733,0.638340150471777,9.55238029593602,140,155,"pec",1,5063.40387942041,100.211584009276,"word",-1.07607367502768,0.584361601155251,2.76587273459882,209,155,"pec",1,5198.15311871445
"156",99.904368135853,"word",-0.231041132700983,0.768859278643504,3.29859593417495,568,156,"pec",1,5298.05483451652,102.050487114764,101.879291166809,"word",0.563920579207802,0.0154128305148333,9.86947240540758,287,156,"pec",1,4878.70042653067,"word",1.855875442148,0.312191174132749,0.817052491474897,378,156,"pec",1,4862.96159815677,98.8585163285231,"word",0.682585923899542,0.110431553330272,7.17446865979582,980,156,"pec",1,5338.70117019551,99.8130812084182,"word",-0.0479546324943872,0.158844759920612,8.00104864407331,305,156,"pec",1,4601.25902044359
"157",100.294207963201,"word",-0.913176706267138,0.352345899445936,8.16081103403121,33,157,"pec",1,5022.0867303992,101.652992976228,99.6897808684999,"word",-0.884327485294085,0.860220310976729,5.83560760365799,929,157,"pec",1,5355.28386140593,"word",0.711634521359662,0.231336430646479,0.0045591127127409,695,157,"pec",1,5128.89635203078,100.897301945322,"word",-1.39723179303119,0.363002065801993,6.15615620976314,767,157,"pec",1,4772.45035982113,99.870019599432,"word",1.91985724578812,0.13524719607085,8.03160021547228,230,157,"pec",1,5025.94111166099
"158",101.178322864971,"word",1.08922240159436,0.75646714726463,2.31938388664275,198,158,"pec",1,5008.88476661592,103.273047225852,100.228867320711,"word",0.134047768035971,0.968692266149446,1.49447091156617,25,158,"pec",1,4882.05080721049,"word",0.691994353161083,0.0364395380020142,1.66464359965175,909,158,"pec",1,5203.47334991003,98.4881517340876,"word",1.28407357564169,0.754359871614724,9.51769548701122,60,158,"pec",1,4649.92041998357,99.3676230228876,"word",2.00951202924865,0.246034168405458,6.15612139226869,186,158,"pec",1,4885.58373869325
"159",100.205960582934,"word",-0.0940366885022632,0.800780202727765,4.81858838349581,693,159,"pec",1,4957.57046351857,99.5965160286999,99.6712430103136,"word",1.01746451649305,0.67739025875926,1.91796075785533,889,159,"pec",1,5211.58189317876,"word",-0.878517153726585,0.778469933196902,6.68883834034204,173,159,"pec",1,4928.59438751898,100.071590571281,"word",0.0389414523635895,0.613990644225851,6.82387052103877,160,159,"pec",1,4867.04572661281,99.6786409362026,"word",2.57351427741022,0.831760247703642,1.85577427968383,257,159,"pec",1,4985.60674673638
"160",100.690046877683,"word",0.581586439990746,0.476446949876845,0.389712620526552,856,160,"pec",1,4413.79030378188,100.128538817484,98.7263621615566,"word",1.23431659903364,0.257153662620112,9.23796052113175,813,160,"pec",1,5013.79550564977,"word",2.1064147659909,0.25726100243628,8.54890992399305,257,160,"pec",1,5138.99445113156,99.5286420433429,"word",0.356686540180652,0.5182716823183,4.79511965764686,810,160,"pec",1,5019.39524779156,99.8794599326254,"word",-1.02227781653546,0.399594335118309,7.46666978579015,14,160,"pec",1,4988.6245840107
"161",99.2717906040049,"word",0.992209655028654,0.693332286085933,0.804390066768974,915,161,"pec",1,5130.79228044575,97.6706803834366,100.70024749526,"word",-1.26216174683733,0.0688750799745321,2.2632756899111,102,161,"pec",1,5069.94932165738,"word",1.14532578738531,0.980834204005077,2.08989900071174,929,161,"pec",1,4661.80192276742,98.413103984816,"word",-1.57628369911129,0.730171024333686,1.12202170770615,287,161,"pec",1,5140.30154376074,99.8184376916519,"word",-0.751693057521716,0.202331585809588,2.99413548782468,984,161,"pec",1,5456.64219331068
"162",101.165571464045,"word",-0.57807801228246,0.0243285107426345,0.221532764844596,453,162,"pec",1,4899.72698638072,98.0024344002708,99.0331716342698,"word",1.64411838493531,0.391039204085246,1.70083558419719,587,162,"pec",1,5283.88018375101,"word",0.914922308809509,0.436496505048126,9.38034911174327,99,162,"pec",1,4913.4001065814,100.616049519217,"word",0.808519646706551,0.0315483026206493,4.47734932415187,585,162,"pec",1,5133.94636241098,100.222274513661,"word",-0.701842968350272,0.94195165252313,5.88444558670744,759,162,"pec",1,4815.38410548056
"163",98.9246214212768,"word",-0.987430610551854,0.636304585728794,8.41754326131195,593,163,"pec",1,5009.34261984995,99.6782879918608,100.631494117627,"word",1.22175718054974,0.356273664161563,5.85510546574369,728,163,"pec",1,4826.65963306343,"word",0.349355830909807,0.621069777058437,9.26164282718673,549,163,"pec",1,4834.86545102863,100.480865238996,"word",-1.46724156462177,0.578076991019771,4.34478019131348,759,163,"pec",1,4988.76819096773,99.8795283469401,"word",-0.0373904285814644,0.869290963280946,3.25704321963713,684,163,"pec",1,4994.88824385749
"164",99.2909235681872,"word",-0.861591610899215,0.539352245628834,4.84251286834478,54,164,"pec",1,4835.36767755062,100.921005019698,100.576736552064,"word",1.07583708317119,0.0918386315461248,5.10632279096171,39,164,"pec",1,4742.76456415911,"word",0.320782048517368,0.961625007214025,7.17850528191775,576,164,"pec",1,5080.12501014613,100.055453202978,"word",-0.586737745268298,0.248956771334633,1.82969300076365,557,164,"pec",1,5318.4770571108,100.129239083148,"word",-0.460905889050927,0.784522448200732,7.17046363512054,418,164,"pec",1,4735.54611995283
"165",101.732889638461,"word",1.53399316456716,0.231841299450025,7.05205408157781,110,165,"pec",1,4861.71012622058,99.3300971029816,100.720440009481,"word",0.234527265706968,0.326402764767408,6.5730538056232,39,165,"pec",1,5302.3333832945,"word",-0.137805693058865,0.455466782441363,8.66936758626252,919,165,"pec",1,5046.76336890613,101.056946544654,"word",0.987745005426935,0.0444960840977728,4.26051911897957,857,165,"pec",1,5202.56972239272,102.266216159893,"word",-0.567146211475672,0.7690724353306,0.393806425854564,732,165,"pec",1,4997.55354181136
"166",98.9963481953698,"word",1.33344413789183,0.88850723975338,3.76025329111144,271,166,"pec",1,5032.27015202021,100.453977249527,99.4494789670635,"word",0.600710366727422,0.0560877700336277,1.5570653625764,488,166,"pec",1,4657.09233693707,"word",-0.275453633276132,0.573353803483769,1.63074960699305,916,166,"pec",1,5223.62148623895,102.950770856189,"word",0.317589489846798,0.302185136824846,1.69135431526229,653,166,"pec",1,5071.97715279683,98.4792626142327,"word",1.63678408720472,0.476550968596712,1.42694586887956,873,166,"pec",1,5343.40079237736
"167",102.267883952739,"word",-0.0840719607991517,0.0875255588907748,8.05534514831379,994,167,"pec",1,4963.26945688997,99.3546933102769,99.653626958272,"word",-0.661594127898279,0.280696635600179,1.04649134678766,63,167,"pec",1,4618.9971814434,"word",1.56128218388101,0.404997187433764,2.5689098238945,602,167,"pec",1,4808.96951073834,99.4746483134525,"word",-0.945297064548615,0.581278910627589,9.53976896358654,956,167,"pec",1,4717.09634236793,98.696787901236,"word",-0.149344483168138,0.654033183120191,7.3734056786634,379,167,"pec",1,4837.16129036161
"168",101.000921981922,"word",0.627412111410238,0.567906334996223,6.87980821123347,999,168,"pec",1,4869.60502351251,100.306985110787,100.732230590875,"word",0.471706044430716,0.878151806071401,7.48507990501821,867,168,"pec",1,4718.75060870256,"word",-1.53834926632547,0.0845642753411084,8.93068161793053,617,168,"pec",1,4986.32889412325,101.872091907248,"word",-0.87778787037412,0.673376081511378,5.28328779153526,376,168,"pec",1,5069.69370817567,99.7464262233605,"word",0.409051561321767,0.764088342897594,6.9752209330909,310,168,"pec",1,4968.52189776203
"169",98.7026449605843,"word",3.41411352727778,0.300419714301825,9.58526336122304,420,169,"pec",1,4750.3679165292,100.381711782708,101.12895549364,"word",0.595196831968361,0.944236975163221,3.33716759923846,765,169,"pec",1,5229.1704935018,"word",-1.24264480183034,0.804035007022321,0.166318744886667,972,169,"pec",1,4850.6319107998,99.8269998893286,"word",-1.28371845570293,0.81293877447024,0.0860756216570735,590,169,"pec",1,4998.02656855662,100.883853451205,"word",0.972313425552798,0.408484185347334,3.48016780102625,10,169,"pec",1,5177.66606935835
"170",99.3670410730832,"word",1.71860966202678,0.066582144703716,4.65800805250183,722,170,"pec",1,5027.07335998528,98.9255222877891,98.8803594173461,"word",-1.39588593418776,0.209242838900536,3.7273192871362,797,170,"pec",1,4943.41840870446,"word",1.29623314093827,0.233825977426022,1.12904293695465,644,170,"pec",1,4808.28786689201,101.210389929155,"word",1.00774047847409,0.0256074867211282,4.79763963492587,522,170,"pec",1,5111.63117821993,101.065913154104,"word",1.71472890541256,0.3304881779477,6.39310481958091,601,170,"pec",1,5354.72246596624
"171",99.5979872357569,"word",0.654899579391886,0.641740042483434,9.64586850255728,108,171,"pec",1,5197.24319953736,99.5157702047777,100.718161653362,"word",1.81355819847591,0.162446162197739,5.97899143816903,581,171,"pec",1,4653.0929648839,"word",-0.265046590753558,0.348697002744302,1.38836181955412,400,171,"pec",1,4916.74478176954,101.171771550722,"word",-0.143887800029572,0.4044503653422,8.95609012572095,778,171,"pec",1,4827.51129248712,101.464644936594,"word",0.476952778365606,0.137675655074418,6.91263017710298,140,171,"pec",1,4770.97298659478
"172",101.119388090718,"word",1.20823828989163,0.845206395024434,1.9759967410937,47,172,"pec",1,4962.4258835755,99.1406833101627,100.515531447931,"word",-1.49157471738966,0.14050105586648,0.558269184548408,506,172,"pec",1,5197.75815851052,"word",-0.111012791607752,0.743776339339092,8.32833300577477,507,172,"pec",1,4852.10112647859,100.720824759886,"word",-0.290672705578378,0.633833695901558,7.26155427517369,967,172,"pec",1,5057.3009933963,99.8039200699972,"word",1.30963728513214,0.229693907080218,4.74239272065461,409,172,"pec",1,4990.92005130259
"173",101.267551357714,"word",-0.479317974934989,0.172011258779094,8.37214497616515,374,173,"pec",1,4729.93121513522,100.806207439956,100.674361305163,"word",-0.746434852776869,0.49740692647174,3.39260315988213,345,173,"pec",1,5454.19588994686,"word",-0.319576878881656,0.364017750835046,4.61847786325961,765,173,"pec",1,5156.8921599219,100.237680226091,"word",-0.869661891499665,0.411981404293329,4.78721129242331,959,173,"pec",1,5056.59793284964,98.8867741762497,"word",1.83009787029137,0.0485872863791883,2.31227118056267,257,173,"pec",1,5157.64452030859
"174",98.0296696209092,"word",-2.50658082673465,0.387611906044185,5.2379112271592,426,174,"pec",1,5135.52774987746,99.773043977372,102.178633410822,"word",0.746473821506989,0.337866328191012,1.31479339674115,207,174,"pec",1,5070.01047283287,"word",0.521577002761375,0.397185786394402,6.55825047753751,693,174,"pec",1,4990.17109075519,99.2767005681824,"word",1.20930053522063,0.242104865144938,3.59880553325638,453,174,"pec",1,5216.80144935948,100.707172935608,"word",0.797817777068661,0.265384767903015,2.94780957512558,321,174,"pec",1,5255.09504558963
"175",99.3858121397864,"word",1.9212160406106,0.996862295782194,6.35768099920824,386,175,"pec",1,5095.82624343264,98.1529373134972,99.8780999392535,"word",-0.411012301713551,0.967069723410532,9.94927421212196,793,175,"pec",1,4840.97724715253,"word",-0.137420279891909,0.834764306433499,6.77091145189479,990,175,"pec",1,5455.1764668003,98.7617773526829,"word",-1.0160898342386,0.9908838190604,5.05175968864933,142,175,"pec",1,4658.18999755413,98.7700060672889,"word",0.914328986477428,0.660542791709304,3.69575242511928,533,175,"pec",1,5005.93114231252
"176",100.960938876039,"word",-1.91844186124716,0.106660218909383,0.342692784033716,248,176,"pec",1,5108.34846365884,98.5549674990554,101.090593509284,"word",-1.40830976945003,0.525871726917103,0.583897093310952,690,176,"pec",1,4688.93738910193,"word",0.748518770331166,0.360476310132071,2.97018202487379,999,176,"pec",1,4776.09245811701,99.672224827001,"word",-0.428072213825018,0.712514716899022,6.55752021353692,920,176,"pec",1,4857.76541360192,99.6023587979976,"word",-0.419020181577113,0.16845651390031,5.24644294753671,893,176,"pec",1,4674.1015643338
"177",102.197032569313,"word",-0.471364082750886,0.145613146713004,7.86706847837195,94,177,"pec",1,5168.10942560985,98.4387486925314,100.166129466742,"word",-0.512082505605827,0.816214141435921,2.53142217407003,836,177,"pec",1,5068.40588622797,"word",0.85969348996889,0.327858231728896,4.59918688517064,632,177,"pec",1,5053.56895496847,100.598363762947,"word",0.451332396740639,0.0894613573327661,7.92383795371279,504,177,"pec",1,5007.63126242112,100.9430643604,"word",-1.67986116550612,0.944134482648224,9.30456157540902,753,177,"pec",1,4878.80998719032
"178",100.09036581364,"word",-0.0349362916478819,0.475366677856073,6.11454920610413,735,178,"pec",1,5277.65866968251,100.731438935674,99.7719167516682,"word",-0.409320020360279,0.478746359003708,3.17868436686695,235,178,"pec",1,4545.14718184269,"word",0.144567807115822,0.243758024880663,7.50753399915993,996,178,"pec",1,4978.71392213224,100.015561607157,"word",-1.06991259337571,0.366389062954113,5.57761694071814,346,178,"pec",1,4836.49703123633,101.203579840615,"word",-0.716841988624479,0.654311907012016,6.91403749631718,197,178,"pec",1,4935.29481701986
"179",101.236870428435,"word",0.874901407990456,0.962606959277764,3.67760327178985,756,179,"pec",1,4915.03762188733,101.695958949548,100.645304856042,"word",0.323070170286734,0.804577978560701,7.18615696998313,425,179,"pec",1,4768.46887394289,"word",0.932379440630042,0.535288727609441,5.31436786521226,991,179,"pec",1,5029.24004835878,99.6641131678668,"word",2.35614895432549,0.190373304998502,0.939379825722426,467,179,"pec",1,4903.07287302972,100.646123538665,"word",0.331609805731162,0.491400801576674,8.23773483512923,830,179,"pec",1,5014.92755807548
"180",99.7881111562501,"word",0.77908993695245,0.928100790828466,7.08733726292849,346,180,"pec",1,4807.22647016658,99.5408744173665,99.8847489851944,"word",-1.15790009474294,0.81234935298562,4.69409457873553,85,180,"pec",1,4825.64407952385,"word",-0.582103055143039,0.432923760265112,6.58927680691704,795,180,"pec",1,5176.74429418111,97.4789338137292,"word",-0.439225000511509,0.718914235942066,9.49359469814226,748,180,"pec",1,5017.97807916395,99.7498057967064,"word",0.988878758543994,0.609209794783965,6.55100539326668,250,180,"pec",1,5074.56736403328
"181",98.7133622752131,"word",-1.4620946598602,0.216479548253119,6.46919591352344,762,181,"pec",1,5107.47021494378,98.4276393946969,100.234482819172,"word",-0.0596399043221695,0.492010197835043,7.12165635544807,835,181,"pec",1,4878.90822075655,"word",1.35066476794377,0.494299682788551,8.82227931637317,184,181,"pec",1,4639.45185454829,98.8729173684201,"word",-1.69988058282532,0.282813517842442,8.19023338845,954,181,"pec",1,5067.13828541306,101.30854073294,"word",-0.579648906020846,0.25142141035758,0.0668609910644591,809,181,"pec",1,5006.19315945562
"182",99.5819310314611,"word",0.788738530041898,0.0319582791998982,6.00121820345521,346,182,"pec",1,4828.18243493988,100.974135214774,101.522919855879,"word",-0.362519813509405,0.131473940564319,4.91956611163914,330,182,"pec",1,5014.17657105799,"word",-0.0811759806172817,0.518147238297388,9.80506667634472,366,182,"pec",1,5159.46107430719,98.8618295232364,"word",-1.69243404109273,0.789918552851304,5.49265706911683,784,182,"pec",1,4646.09799878998,100.862750787891,"word",1.29991043621023,0.513261439744383,3.10997066320851,507,182,"pec",1,4970.09851487368
"183",99.9277732432973,"word",0.175853068568503,0.754725868115202,9.43398834671825,217,183,"pec",1,4857.73156890698,101.669905668536,100.581103006142,"word",0.725170979764754,0.807163059944287,8.88924752827734,893,183,"pec",1,5160.94044680727,"word",-0.557613377388061,0.747711292933673,7.69352718722075,297,183,"pec",1,5501.4894404868,100.886725610916,"word",1.04260860050567,0.953074963996187,5.64065391430631,53,183,"pec",1,5124.7876304318,100.846174128185,"word",-1.02724139384143,0.644248699070886,0.572811872698367,244,183,"pec",1,5035.7550694662
"184",97.7405880048618,"word",0.0421462871553349,0.577009951462969,1.54565523844212,843,184,"pec",1,4777.43395979265,99.4102042272814,98.8301159104922,"word",-0.386193363437762,0.630235539982095,0.377904300112277,686,184,"pec",1,5036.70907859244,"word",-0.0607906076380767,0.8185776444152,0.176196983084083,104,184,"pec",1,5142.84080511282,100.1992517463,"word",1.74351765395466,0.0291653075255454,7.74160227971151,240,184,"pec",1,5038.71677974192,99.1573168500444,"word",-0.722664386096857,0.796409853268415,3.62305744318292,517,184,"pec",1,4931.44961206954
"185",101.517641713311,"word",1.53253872941933,0.418781476328149,6.85602970886976,326,185,"pec",1,4934.53200871496,98.2644564807996,99.6375958630711,"word",-1.12595280653215,0.618163585197181,5.67096790065989,257,185,"pec",1,5149.50423848252,"word",0.71221461755424,0.563519138144329,3.14767911564559,949,185,"pec",1,4899.73348283058,99.1236735582556,"word",1.14868137654535,0.460226746276021,9.26797349238768,457,185,"pec",1,5236.80293389434,99.6642873755533,"word",1.02737205675515,0.710506508825347,5.28009907342494,516,185,"pec",1,4916.07004322471
"186",100.461187372739,"word",0.166940131790846,0.394112434703857,9.34490561950952,928,186,"pec",1,4941.62223108202,98.3262774463497,99.7608982927102,"word",2.37103184401761,0.83154863701202,5.22637179819867,336,186,"pec",1,4855.28965088359,"word",1.5009728232199,0.921285258373246,8.18016050383449,692,186,"pec",1,4821.05246226546,98.7226253014294,"word",0.77784440942822,0.396802906878293,5.21098019788042,433,186,"pec",1,5128.83221310097,101.175362282156,"word",-2.49376043951612,0.483334885211661,5.35710699157789,882,186,"pec",1,4989.73709284564
"187",100.489535845793,"word",0.201883417426635,0.274815499549732,9.41945842700079,393,187,"pec",1,4863.1365782369,101.042710295656,98.7153042182386,"word",0.105769365717132,0.995992030249909,8.72372783254832,499,187,"pec",1,4500.52102509444,"word",-1.44906523517444,0.772920368472114,5.03699619555846,811,187,"pec",1,4859.10158897119,100.820572154904,"word",-0.34001805318999,0.494654909940436,2.64147476991639,540,187,"pec",1,5149.20962714659,100.735640923074,"word",0.114149491681164,0.167179002426565,3.71456710388884,987,187,"pec",1,4919.02507390849
"188",99.3069451180088,"word",1.15483024294722,0.168240459635854,5.03135551232845,324,188,"pec",1,4870.59618886077,100.266664535608,100.626030151021,"word",-1.42058192465814,0.968448812607676,9.68446982093155,769,188,"pec",1,4851.21911034521,"word",0.855337301115549,0.551795237930492,2.4305441766046,145,188,"pec",1,5037.87483676816,99.8740279329497,"word",1.7675985481317,0.624006823636591,1.05046476237476,7,188,"pec",1,4864.33576927095,100.738967689149,"word",0.391991083662787,0.282649440923706,0.0328180962242186,244,188,"pec",1,5141.67928890484
"189",101.637705705233,"word",-0.719642214880489,0.36103566759266,5.7042168523185,122,189,"pec",1,4820.59986562697,99.2984555475824,99.4206923090398,"word",0.0885448020863247,0.498549425275996,9.0553166391328,468,189,"pec",1,4654.16050445131,"word",-1.98919888657992,0.494950401363894,4.57799015566707,74,189,"pec",1,5327.99097630782,101.244175457459,"word",-1.09810961839799,0.696148420451209,8.88646765146405,724,189,"pec",1,5052.61189258323,100.177013142259,"word",-0.0694028588856385,0.546036108862609,5.1749385590665,165,189,"pec",1,4877.90322943891
"190",99.2833527727008,"word",-0.370299632198913,0.278512016870081,3.43867747811601,726,190,"pec",1,5185.374286763,99.3565665740385,99.9002306030698,"word",-1.21657129785154,0.729992935899645,5.48646483570337,182,190,"pec",1,5141.77143234494,"word",1.26000787440617,0.408241699449718,9.28176515502855,489,190,"pec",1,4786.69469900018,98.7324843056975,"word",1.29963610324138,0.973773194709793,8.4384138463065,991,190,"pec",1,5097.11257850386,100.218676821049,"word",0.399192485056085,0.734821876045316,9.49782338691875,946,190,"pec",1,5023.61838942752
"191",100.687025127714,"word",-0.284912221236338,0.464062510756776,1.6144157294184,264,191,"pec",1,4715.7405451816,101.124028449033,101.096085889927,"word",-0.340838880777024,0.546904439572245,6.98045928962529,791,191,"pec",1,5169.67993882894,"word",0.342118309718518,0.684473374392837,1.60976749844849,558,191,"pec",1,5500.78903195204,99.0310814486198,"word",1.47654877580054,0.018823450896889,1.54164891457185,525,191,"pec",1,4824.03465878657,100.240512736251,"word",1.18327006763813,0.465713585494086,8.0913285841234,446,191,"pec",1,4912.60519820491
"192",99.8660181137619,"word",-0.130552740409233,0.287184984656051,9.3931505875662,20,192,"pec",1,5105.36518471424,100.126831154261,99.349662223268,"word",-0.985863720233304,0.93144199391827,9.33996894629672,299,192,"pec",1,5304.994381537,"word",-1.38493582362366,0.926965199876577,4.27801605779678,703,192,"pec",1,4905.9672561456,99.6143694894207,"word",-0.351888986624301,0.872877202928066,9.97709856834263,471,192,"pec",1,5340.18493384601,100.528992142797,"word",-1.66226632188611,0.203204006887972,1.61394805414602,209,192,"pec",1,4760.49637960985
"193",99.6181596841483,"word",-1.3831377641902,0.655952559318393,1.09059137059376,224,193,"pec",1,4889.76480032537,99.9334059610144,99.9320256196795,"word",-0.117013057925442,0.657610236667097,9.45107128005475,322,193,"pec",1,5193.40306982907,"word",0.308782556328786,0.932969484012574,9.03910164954141,997,193,"pec",1,5051.56890604982,100.287535094693,"word",0.877926886829199,0.287649285979569,5.36386232124642,663,193,"pec",1,4876.87851005613,100.049112259976,"word",-0.59196065890809,0.976877278881148,1.16587233729661,723,193,"pec",1,4807.52975318046
"194",99.8299309558697,"word",-1.32261733293574,0.994210407603532,5.36104878177866,424,194,"pec",1,4786.41232242754,99.2787682247833,99.3608773382451,"word",0.56290467017844,0.289342123549432,1.48895416874439,631,194,"pec",1,5078.30528958221,"word",-1.57556283232045,0.549542247783393,6.70424947980791,127,194,"pec",1,4997.58138551877,98.8025444485796,"word",2.06526518641432,0.549986970610917,5.81353821326047,378,194,"pec",1,5057.49128585911,99.7273221232699,"word",-0.372327773789662,0.166678212117404,9.00850776582956,981,194,"pec",1,4877.47726389451
"195",100.953689840292,"word",-3.66824944946693,0.418166595045477,3.06385106174275,26,195,"pec",1,5055.40731790711,99.9065185162026,100.295635484386,"word",-1.33243285560716,0.463075033854693,3.0490569001995,72,195,"pec",1,5038.7570582254,"word",-0.572518162057775,0.548682385357097,6.3559260754846,497,195,"pec",1,4877.3715145507,102.003957875798,"word",0.456551653102994,0.576502420939505,3.29223173204809,453,195,"pec",1,4954.21367356669,100.640429684356,"word",-0.268263219844756,0.0845720376819372,0.483868536539376,631,195,"pec",1,5007.69371862528
"196",98.2986318683363,"word",0.348261997380898,0.799963074969128,1.80581881664693,222,196,"pec",1,4999.423551849,99.8394918621389,98.0586469008516,"word",-0.804588687388462,0.432081538951024,5.58238531462848,899,196,"pec",1,5090.21054422491,"word",0.48597491357046,0.0669138559605926,3.57836856739596,529,196,"pec",1,4889.07731200452,101.685380274842,"word",-1.00712430334124,0.796136442804709,3.78416212741286,933,196,"pec",1,4931.83464778337,100.311842384872,"word",-0.983231114228482,0.219507041852921,4.87836664775386,274,196,"pec",1,4980.79483036271
"197",99.8883519739568,"word",-0.845185359172016,0.520150899188593,1.30944564240053,66,197,"pec",1,5081.39897801445,99.5125281934014,101.675151257822,"word",-0.145872047876322,0.421874118968844,8.34424512693658,650,197,"pec",1,4814.35331029352,"word",-0.580159805501803,0.499632212333381,0.583080479409546,310,197,"pec",1,4766.25046938721,98.4246453978005,"word",-0.947995328314382,0.0709373638965189,0.791825060732663,603,197,"pec",1,5272.39447191509,100.07922898204,"word",0.33808477593149,0.726196986855939,5.76907226582989,58,197,"pec",1,5137.27353347623
"198",100.582908643382,"word",0.679909255637228,0.162973967380822,5.35617351531982,586,198,"pec",1,4862.13186711564,99.2897206939352,100.702587786599,"word",-1.87486499110138,0.661817341577262,9.66918858699501,71,198,"pec",1,4932.19440551476,"word",-0.0719011267925722,0.996084081707522,6.83233259012923,21,198,"pec",1,5022.65881889369,100.802774998445,"word",-0.0304439235807469,0.520955390064046,7.03312647994608,648,198,"pec",1,5016.95293153328,101.190174670858,"word",0.684754934150983,0.491379311773926,3.59587500104681,638,198,"pec",1,4805.04329125496
"199",100.299961987611,"word",-0.80271667904606,0.618703287094831,9.75592212518677,520,199,"pec",1,5096.1165081275,101.781639105237,99.2664156303706,"word",0.220836376265509,0.0934737499337643,7.05697080353275,154,199,"pec",1,4930.53657564744,"word",-0.523685035404533,0.107301397249103,6.53898717369884,396,199,"pec",1,5431.18957635166,101.358589515546,"word",-0.179313757085717,0.757375821238384,5.63730476656929,969,199,"pec",1,5159.7466418835,99.9684464117638,"word",1.18186756998899,0.15728760114871,2.61304087936878,766,199,"pec",1,4760.35137347583
"200",99.8319349082334,"word",-1.74570532087363,0.64870386547409,3.39187728706747,620,200,"pec",1,4827.56721736406,100.385734647882,100.390350086525,"word",0.373034808864593,0.276674507185817,0.956616394687444,576,200,"pec",1,4963.77470754105,"word",1.00538815745061,0.486852148780599,8.45348983071744,283,200,"pec",1,4954.09783151731,99.1692260306786,"word",0.250999874310904,0.546946863410994,3.20149615639821,282,200,"pec",1,4788.22571907374,99.9761751937256,"word",0.406249446367747,0.893752090865746,8.39777250774205,84,200,"pec",1,5158.23344536237
"201",100.704587254091,"word",-0.353442722011483,0.786223174538463,8.37070395005867,209,201,"pec",1,4672.70060873123,102.439708073401,98.4605871936227,"word",0.0447614343492227,0.925833035260439,1.04659945471212,953,201,"pec",1,5288.89226662439,"word",-1.51403304804692,0.146972668357193,5.70846589049324,350,201,"pec",1,4989.12027583284,102.354786283566,"word",-1.36290153233746,0.282239586114883,9.19694031123072,820,201,"pec",1,5094.20874033337,101.798147191627,"word",-0.666536236201783,0.703111975919455,3.76192286144942,759,201,"pec",1,5057.38138121834
"202",98.9078802053637,"word",-0.575827209748847,0.873996320413426,7.9684099717997,242,202,"pec",1,4991.61164231049,100.941982561117,100.018211898949,"word",-0.848581996687759,0.0803122567012906,5.50604221411049,648,202,"pec",1,5058.33639307415,"word",0.46580088880101,0.623807853320614,3.89473036630079,419,202,"pec",1,5441.45835615441,99.3613592247524,"word",-0.08166454898194,0.873216080944985,4.43340019788593,366,202,"pec",1,5009.85162243403,100.192506552699,"word",0.903154911231847,0.561950364382938,1.92615463165566,382,202,"pec",1,4801.86460530893
"203",99.6074595682175,"word",-2.37405292080528,0.610557972453535,2.73508961545303,295,203,"pec",1,5007.13797097975,98.484029874147,99.6135307243349,"word",0.395667709050684,0.381487441016361,6.91275619203225,957,203,"pec",1,5321.31098201301,"word",-0.260682834381909,0.242371693486348,5.57644981192425,84,203,"pec",1,4998.81295668844,99.8981870501948,"word",-0.25109585351727,0.706433285027742,9.93108235066757,499,203,"pec",1,5143.89715112083,99.6407698885018,"word",-0.320022687072281,0.409801680361852,0.630009032320231,180,203,"pec",1,5122.26971348416
"204",99.708379185965,"word",-0.886901075716163,0.259471101220697,2.2864160197787,107,204,"pec",1,5233.1155560523,99.4243130702034,101.02760301056,"word",-0.967970772946522,0.50481754494831,6.56301795039326,271,204,"pec",1,5503.31195284619,"word",1.27942568119905,0.94953671656549,0.610085360240191,948,204,"pec",1,4675.62345146796,100.023757320733,"word",-1.06577269124837,0.150897214189172,2.90270329453051,873,204,"pec",1,5090.24587756927,100.247625925229,"word",0.51849171006988,0.503805891145021,7.41376146906987,728,204,"pec",1,5114.16009740621
"205",100.150846953619,"word",0.331555813900582,0.877172748092562,0.0308754248544574,302,205,"pec",1,4860.70842610591,99.8383241781838,99.1506351380204,"word",1.55623888099813,0.209774034330621,6.16191821405664,539,205,"pec",1,5290.57445585446,"word",0.556284392239983,0.499826911836863,1.18583061965182,92,205,"pec",1,5122.32566312737,101.659418072367,"word",-0.918737971755224,0.349219523603097,7.47009346727282,453,205,"pec",1,4976.68205640828,100.900194404004,"word",-1.23338228386378,0.0820138356648386,6.29100892459974,96,205,"pec",1,4823.67000246431
"206",100.477377696738,"word",2.09481370329165,0.821579407667741,4.36471635941416,417,206,"pec",1,5119.323634119,98.3521174719628,101.005644654838,"word",2.02687260991562,0.791757407598197,6.53282640036196,264,206,"pec",1,4952.45038453466,"word",1.13296489544534,0.50730406283401,1.92066908115521,426,206,"pec",1,5117.91857373778,99.3777841745646,"word",0.404849615524726,0.133946751011536,0.52339642541483,456,206,"pec",1,5087.55612662922,100.630908334804,"word",0.800906178308022,0.313613679725677,2.0386238861829,281,206,"pec",1,5208.44055269329
"207",100.887571544472,"word",-0.593737497173905,0.435958026442677,4.67974815517664,581,207,"pec",1,5179.55712289198,100.513790395494,100.245692106402,"word",1.33689529339616,0.794795811409131,3.97787947207689,702,207,"pec",1,4943.09005141219,"word",-1.19526537731432,0.162075581727549,7.8614786779508,542,207,"pec",1,5011.44527296191,101.026583433634,"word",0.997809971877878,0.886988925049081,6.77376219071448,18,207,"pec",1,5147.41998323406,99.4558155011449,"word",-0.0194422919203122,0.308314371388406,3.2764178654179,457,207,"pec",1,5048.12601725148
"208",100.461329567349,"word",1.10511893836734,0.275060724001378,3.22841989574954,623,208,"pec",1,4832.38900240167,98.2526031223637,99.7925277314595,"word",-0.35542408672508,0.959291574079543,3.67412324994802,751,208,"pec",1,4708.99458916857,"word",-0.599812855624745,0.671361407265067,5.98676369292662,89,208,"pec",1,5010.35961525934,98.4661186892983,"word",0.160266507751299,0.296718694502488,5.68735814886168,120,208,"pec",1,5030.31678766612,101.599309190024,"word",-0.110556430735268,0.896627465263009,0.62367461854592,534,208,"pec",1,4988.23188654964
"209",101.077366488055,"word",-0.552637720075074,0.848611319670454,5.65181199461222,538,209,"pec",1,4867.10839143491,100.754819054028,100.726087223507,"word",0.281404644607959,0.915069981478155,8.23422059416771,369,209,"pec",1,4559.98046260091,"word",1.10083244828427,0.580466128420085,2.73937748512253,587,209,"pec",1,4898.9370830778,100.379015934216,"word",-1.31108046834446,0.624604511773214,5.24266306078061,825,209,"pec",1,4944.27913539068,101.68994384485,"word",-0.434756676972971,0.296494585927576,9.12052427185699,253,209,"pec",1,4998.50974562723
"210",99.7659419999357,"word",0.532867979673705,0.998921314021572,8.22209246689454,99,210,"pec",1,4795.10101273816,99.8781816704082,99.8719123357382,"word",0.381937983592708,0.42045841854997,6.48996669566259,353,210,"pec",1,4626.93610315145,"word",1.39377269532791,0.681928500998765,9.48399402434006,690,210,"pec",1,4889.64883142235,100.579547413429,"word",-0.72222689856292,0.922765658004209,0.349913220852613,63,210,"pec",1,5204.57236133287,100.67176999926,"word",1.4311051986306,0.926297662081197,4.22326754312962,445,210,"pec",1,4642.17954730027
"211",101.015214817458,"word",-0.949946043797311,0.0980764024425298,8.24913231655955,235,211,"pec",1,5129.57690169194,101.525022821917,100.821088868227,"word",0.227679152113097,0.939547512447461,1.46833106409758,190,211,"pec",1,5118.92868690217,"word",-0.727211334327293,0.534603198058903,6.9257541699335,561,211,"pec",1,4954.91117914713,99.8508473330838,"word",-2.26168037481704,0.773372777504846,0.302445041015744,379,211,"pec",1,5187.54375273154,100.257213266381,"word",-0.579997298221169,0.033203698694706,4.60306058172137,546,211,"pec",1,4679.01139448399
"212",98.7963409340943,"word",-0.717068164391832,0.87568642385304,8.7994127930142,358,212,"pec",1,5004.38248286488,98.6149057596134,100.964011080689,"word",-1.68443057238392,0.855939139612019,5.50571649102494,752,212,"pec",1,4889.92835943004,"word",-0.284742580921568,0.561353749362752,4.34331321157515,694,212,"pec",1,4676.51962524463,100.523943208445,"word",-0.0196497677001857,0.905506832292303,6.37356685940176,299,212,"pec",1,4709.29485849451,100.030806580357,"word",-0.264470415067592,0.718319090548903,2.46289855334908,204,212,"pec",1,4949.22133390611
"213",98.9709906602869,"word",-1.63035446487257,0.416171123739332,7.18675996176898,262,213,"pec",1,4808.07245907285,99.5979667833171,101.041480158257,"word",-0.213477354633725,0.95178554020822,7.73771464126185,631,213,"pec",1,4860.24054073837,"word",-0.540538147902293,0.651527947047725,0.0443314830772579,227,213,"pec",1,4834.51828264142,99.7546383513372,"word",0.49724238099369,0.864211828447878,0.0777457258664072,94,213,"pec",1,4585.82770467247,99.9057172351407,"word",0.498844026175206,0.634288619970903,8.97614321904257,977,213,"pec",1,4851.18016215596
"214",97.3494754038289,"word",0.543137544299768,0.48162492015399,6.00145873380825,206,214,"pec",1,5079.48696899466,99.7204095389051,98.4648831904518,"word",0.238285297039202,0.170518424361944,3.33474886836484,876,214,"pec",1,4655.44882624536,"word",-0.172077694238369,0.620621513342485,7.4079338577576,11,214,"pec",1,4725.23539824976,99.5493367299949,"word",-2.13995344895435,0.0397880729287863,2.91881010401994,145,214,"pec",1,4929.76996891249,99.5699598896502,"word",-1.70125282760989,0.831676763715222,9.50873337220401,395,214,"pec",1,4672.93624598432
"215",99.8080134632788,"word",-2.07176276167068,0.392538611544296,3.28402815153822,773,215,"pec",1,4990.98893245645,100.818940478559,101.591043727028,"word",-0.404068077283059,0.183718091575429,0.880591422319412,619,215,"pec",1,5162.50655959234,"word",-0.251679053944546,0.963132655713707,0.189626247156411,556,215,"pec",1,5060.58601831858,100.173720495972,"word",-0.155887851084334,0.570859517436475,8.62865489209071,467,215,"pec",1,4921.26079905507,100.878520848771,"word",-1.03497574018728,0.233646513195708,5.42993448209018,722,215,"pec",1,4996.18704588099
"216",100.669872554401,"word",-1.09428779798855,0.83126601902768,7.45868964353576,297,216,"pec",1,4790.76422394747,101.927643322883,100.322914629602,"word",-0.761828474439239,0.170092365471646,6.16074685007334,265,216,"pec",1,5292.99633192959,"word",-1.56596016122777,0.667416652897373,9.05508403899148,585,216,"pec",1,4919.56288255571,99.7140552009867,"word",-0.321961438603785,0.53108632308431,3.6307348869741,118,216,"pec",1,5041.92757934471,100.603920785578,"word",-0.206389096195311,0.378666823962703,8.04488969268277,311,216,"pec",1,5377.78114875395
"217",98.8322245013351,"word",0.117523749173424,0.300313368905336,0.628721641842276,840,217,"pec",1,4920.2157113645,100.102304472905,99.4592406324944,"word",-0.981196791463527,0.463977232109755,3.73238078085706,390,217,"pec",1,5042.75578170331,"word",-1.49564070864482,0.121001413324848,1.14006113959476,467,217,"pec",1,5075.28225563726,100.805323592434,"word",-1.96872541780435,0.00204139831475914,2.20144460210577,310,217,"pec",1,5012.76206284445,100.70775795227,"word",1.61782759470529,0.1664166636765,5.95337572973222,155,217,"pec",1,4698.71785942777
"218",99.7017908768808,"word",-0.896355628318154,0.979019166901708,2.55027786130086,545,218,"pec",1,4980.75090560882,100.739007988921,100.076569544878,"word",-0.898768535015235,0.934746842365712,5.48759756376967,588,218,"pec",1,4381.16273050216,"word",-0.934666243933092,0.122915602987632,9.19403673382476,949,218,"pec",1,4918.85202734074,99.8050766159668,"word",1.41035311961223,0.856613910524175,8.14731931081042,977,218,"pec",1,4751.85232549955,98.7726647446325,"word",1.11269700233337,0.23211271665059,9.39554458018392,655,218,"pec",1,5089.28871507566
"219",99.8593999422295,"word",0.155348375631824,0.14748567622155,3.06073830695823,834,219,"pec",1,4942.53631824488,99.4584919960716,101.189954615861,"word",0.030226469972398,0.69580279989168,0.0535088684409857,466,219,"pec",1,5079.01587645514,"word",-0.561550826148735,0.338346434058622,9.60053020622581,476,219,"pec",1,4899.88658848633,99.0700879381972,"word",-0.254529040289765,0.00691409036517143,7.78746655210853,890,219,"pec",1,4864.0170478202,100.817835322422,"word",0.196360154331827,0.380525585263968,1.37518647359684,367,219,"pec",1,5050.18795427089
"220",99.189959726158,"word",0.277280371791424,0.687216621823609,9.28118389099836,253,220,"pec",1,5093.15155802418,100.48602520621,101.574112530546,"word",-1.11578262436718,0.312295930460095,1.06780545320362,981,220,"pec",1,4926.30098830209,"word",0.193998163698472,0.336260753916577,1.91240187035874,849,220,"pec",1,4809.01579321556,99.3378324853271,"word",-0.0744565738167052,0.523620818043128,3.00165815278888,870,220,"pec",1,4906.84412093786,100.515152444361,"word",0.267054641478102,0.0382554640527815,1.23088679043576,514,220,"pec",1,4841.98597989936
"221",101.879586055036,"word",0.846561936369332,0.421394050354138,4.47918810881674,812,221,"pec",1,4919.8344559602,100.943494925924,98.9633526606606,"word",-0.724806159809038,0.475488161901012,5.75107790064067,828,221,"pec",1,4987.79160138845,"word",-2.23393272035198,0.915749225998297,7.2656928258948,231,221,"pec",1,4928.1827782569,101.803282234279,"word",-0.575435683622692,0.936423839302734,9.5141717302613,154,221,"pec",1,4607.70269458132,99.7630339810378,"word",-0.410043838211904,0.730001284740865,2.81574276275933,313,221,"pec",1,5009.57894835467
"222",98.7263577374186,"word",-0.839292699740942,0.278577212477103,1.81578978896141,102,222,"pec",1,4895.99909271459,98.7174090184893,100.19250962361,"word",1.01745851195031,0.422632456291467,8.76596373040229,107,222,"pec",1,4707.71008707378,"word",-1.67409480362776,0.120062361005694,3.27426484553143,812,222,"pec",1,4891.19229830985,100.356836619806,"word",0.0487926457166346,0.08030576701276,4.62361023761332,182,222,"pec",1,5061.42424553978,99.3383848715639,"word",-2.14594512264664,0.0314621289726347,8.20377752650529,228,222,"pec",1,4756.80455306093
"223",101.124117893382,"word",0.806179323447096,0.363096296787262,7.18883943511173,633,223,"pec",1,4844.11433909992,101.015449591208,97.3493243173711,"word",0.990626918998289,0.0538432442117482,4.58239090396091,195,223,"pec",1,4508.36941197068,"word",-0.562432342309832,0.126909551676363,1.75940599292517,565,223,"pec",1,5176.05211409009,98.7156245273054,"word",-1.54089009726327,0.179164098808542,2.47724394313991,851,223,"pec",1,5173.82455218875,100.243266704942,"word",-1.97490251406507,0.969982431735843,4.01577610755339,196,223,"pec",1,5170.69984824275
"224",100.73246545819,"word",-0.143325900586268,0.670824154512957,5.53295946447179,384,224,"pec",1,4887.64566449916,97.9273419826273,99.6480592104787,"word",0.648782709399614,0.600241116480902,2.35180213116109,504,224,"pec",1,4776.33431019202,"word",1.23256955585495,0.754740225151181,7.19587497180328,244,224,"pec",1,4976.29350179935,97.0456283513344,"word",0.0194970616529384,0.543736341875046,2.92883130954579,306,224,"pec",1,4569.15849827988,99.3877070401829,"word",-0.637361095707687,0.943333102623001,4.41658776719123,804,224,"pec",1,5096.128763891
"225",100.995102888037,"word",1.23473718920017,0.769259155727923,3.10594108654186,34,225,"pec",1,5286.86346798552,100.140152893198,98.6144067299955,"word",-0.70808868196071,0.603277659974992,5.78777250600979,825,225,"pec",1,5080.7404070777,"word",1.08946528635823,0.519803163362667,1.38128799386322,83,225,"pec",1,4772.31746863784,100.313223502126,"word",0.792260136137965,0.0433344435878098,3.68917668703943,958,225,"pec",1,5159.45329602045,99.0640827066936,"word",-0.171553819262698,0.137325248681009,1.08049248112366,456,225,"pec",1,5237.4602087393
"226",100.960834696748,"word",0.93643633973511,0.219943347154185,9.8966502957046,208,226,"pec",1,5072.23385278599,100.289898547818,98.8627148041918,"word",0.228699024646895,0.675520194461569,6.05841756565496,978,226,"pec",1,4776.74147885921,"word",-1.31340493784523,0.241333920508623,1.64556093281135,713,226,"pec",1,4881.46546004671,101.425725243438,"word",0.604422751244857,0.179686314426363,5.55272456957027,215,226,"pec",1,5170.27702885143,101.498174466262,"word",0.77996810722106,0.00658364640548825,8.05943086044863,868,226,"pec",1,4981.55393150977
"227",98.4575033696318,"word",-0.545680457679772,0.906695968704298,9.20083467615768,786,227,"pec",1,5208.58425677624,100.048270794294,101.352528751198,"word",-0.355019055076235,0.217505461070687,2.24935072474182,161,227,"pec",1,5295.47260033187,"word",1.33715506244956,0.947699067881331,3.37783090071753,181,227,"pec",1,5092.78907139838,99.6087850113977,"word",-0.170294656109837,0.825049692299217,0.850964391138405,88,227,"pec",1,5119.25190891312,100.475594182612,"word",1.91198239482753,0.77389191952534,5.75871372362599,759,227,"pec",1,5000.14508375559
"228",97.7457969239454,"word",0.438639533670977,0.269576250808313,3.35282272892073,367,228,"pec",1,4904.39903652817,100.09194363596,99.5679947312543,"word",0.200332742435085,0.481905994238332,2.50368578359485,435,228,"pec",1,4667.82417330864,"word",1.18444963647687,0.282649445580319,9.4374178443104,897,228,"pec",1,4884.91787471966,99.6900946460395,"word",0.0655529778747356,0.991419931640849,1.34635349735618,114,228,"pec",1,4962.57919601235,97.1785402611517,"word",0.462901008644702,0.766714200377464,9.12974369945005,673,228,"pec",1,4973.70205335062
"229",99.315288871071,"word",-0.217693310618146,0.89342476031743,4.73730505444109,899,229,"pec",1,5018.46712410844,99.0063071829942,99.395872619935,"word",0.539405383676511,0.455903130816296,7.14637773809955,616,229,"pec",1,4874.22095059112,"word",-0.0331025975765092,0.767874247394502,4.0554561605677,81,229,"pec",1,4576.69201686639,100.834161116326,"word",0.339072676304033,0.20707605406642,3.47669197246432,409,229,"pec",1,5028.91664390662,99.3586402858731,"word",0.0368856067561027,0.563804365927354,0.855188830755651,619,229,"pec",1,5185.41209808176
"230",99.5672077500044,"word",0.369048805963916,0.689154890133068,0.75063394382596,236,230,"pec",1,4801.32553114122,101.800227893597,100.163566132925,"word",-1.01909710009834,0.262518665986136,9.77709103841335,94,230,"pec",1,4999.20535342424,"word",-1.54947008929185,0.544922570930794,9.8396127531305,136,230,"pec",1,4925.65414212588,99.525226906201,"word",-0.858058442817088,0.0188764585182071,7.84403046360239,974,230,"pec",1,5131.90410600495,99.8117803908481,"word",-1.15001056647193,0.931328275240958,2.15973827755079,460,230,"pec",1,4849.9859201184
"231",99.2761215101607,"word",0.0310549142233636,0.542969754198566,5.16514300834388,142,231,"pec",1,4961.80330550989,99.2992014548207,98.4124550566601,"word",0.0567772706636209,0.103639316977933,0.38595236139372,287,231,"pec",1,4758.30071567071,"word",-0.816655853225554,0.10347125120461,3.16345481434837,966,231,"pec",1,5239.61025983713,99.9190800640444,"word",0.0205613126534947,0.174334550974891,1.0524522466585,923,231,"pec",1,5067.40156632756,101.063708412002,"word",1.83756944589296,0.247604899341241,9.97973860474303,709,231,"pec",1,4734.77011475205
"232",101.04605500728,"word",0.383987008547483,0.0217989021912217,5.9636088903062,305,232,"pec",1,4951.68195320473,99.8553322711641,101.256236088715,"word",-0.744554143944353,0.0327566503547132,0.757964667864144,919,232,"pec",1,5173.46405722627,"word",0.24678519567575,0.363459950312972,6.20128973154351,448,232,"pec",1,4958.7734423331,99.5781545917003,"word",-2.71238970754241,0.758599020540714,8.78079859307036,84,232,"pec",1,5240.1290538833,100.118011030996,"word",-0.309596931123514,0.71914569940418,7.92734414339066,879,232,"pec",1,5055.03937621062
"233",101.218873270073,"word",-0.00367125275637362,0.351056737126783,6.82032592594624,272,233,"pec",1,5310.71158181933,99.7279214824265,99.0528076032066,"word",-0.737037461724212,0.317037635715678,5.04822100047022,702,233,"pec",1,4906.54893299943,"word",0.787343701387786,0.693648861022666,4.89855859661475,451,233,"pec",1,5113.46323176799,102.159187467732,"word",-1.67227333189135,0.926643584156409,6.25456758309156,845,233,"pec",1,5174.46561816929,100.408225426669,"word",-0.449398943006546,0.28414636827074,8.00397211452946,199,233,"pec",1,4917.41928353721
"234",99.2581606660336,"word",0.347464059383059,0.5442041431088,2.43224643869326,437,234,"pec",1,5253.50934993574,99.6833476607281,99.1486846836207,"word",-0.702730717055791,0.114782814867795,9.11776009947062,354,234,"pec",1,4892.67781839855,"word",-1.08198820672069,0.972959409933537,8.37604419328272,948,234,"pec",1,5111.08035703835,100.527589732716,"word",0.0452693697535643,0.0498483881819993,1.92556134192273,294,234,"pec",1,5138.24454976081,100.622468943116,"word",-0.755182281302417,0.932719148695469,6.14053854951635,39,234,"pec",1,4986.19143413269
"235",99.9713369397191,"word",1.23139038620643,0.96114286291413,0.497661614790559,777,235,"pec",1,4790.85383536541,100.522409726272,100.232136731297,"word",-0.309066109679517,0.121917234035209,5.04628242924809,933,235,"pec",1,5062.63623198084,"word",-1.31518149466542,0.101184219354764,4.35112849343568,267,235,"pec",1,5291.63272699945,97.7500502019459,"word",-1.39095634492481,0.787984834285453,4.74005966680124,161,235,"pec",1,4870.96901857705,100.130309690492,"word",0.570141869234984,0.562402983661741,7.21679324982688,485,235,"pec",1,5344.76830825606
"236",100.02975694633,"word",-0.765253789088655,0.273780778748915,0.0620287656784058,28,236,"pec",1,5113.06800721036,99.7367383457442,100.363195954618,"word",1.39788227411683,0.26772874686867,7.01130793895572,678,236,"pec",1,4738.29978133423,"word",0.758540680273404,0.00579831725917757,8.69143553776667,346,236,"pec",1,5231.0236040091,100.191190254564,"word",0.782216909578098,0.929248808883131,8.93310698447749,322,236,"pec",1,4903.33120172862,99.9971966753532,"word",0.350826902389715,0.878319473238662,0.0906887208111584,349,236,"pec",1,4605.90216513471
"237",100.318445521059,"word",-0.0520610023994459,0.498024572618306,2.44684528559446,629,237,"pec",1,5073.02612110785,100.234306540002,100.990391386629,"word",-0.165022666300352,0.72347454354167,3.3266981318593,804,237,"pec",1,5317.01259501102,"word",0.335845099012764,0.312248599715531,2.69961144775152,227,237,"pec",1,4678.60047475672,99.2533343359978,"word",-0.267142723322606,0.904123108135536,6.36384066659957,572,237,"pec",1,5112.49038958812,98.2659797591699,"word",0.256007556060852,0.697935574222356,1.77631028229371,574,237,"pec",1,5261.29247201654
"238",99.6741203965628,"word",0.149403057057709,0.14268741523847,4.43212581798434,688,238,"pec",1,4756.08672161794,100.110949245887,99.9552651106658,"word",-0.364605732473391,0.0569906965829432,1.44727044505998,23,238,"pec",1,4694.25890225441,"word",-0.534751679081075,0.328871870646253,0.120235339272767,565,238,"pec",1,4851.27859393659,98.6971026730895,"word",0.759759366132772,0.758443821687251,1.7648374219425,508,238,"pec",1,4708.12647922397,100.666208813636,"word",0.0938412329163316,0.620343967573717,1.77402154542506,891,238,"pec",1,5110.17444730961
"239",99.3329502811863,"word",-0.865078834940484,0.811865576077253,6.17183191236109,568,239,"pec",1,5080.36491338734,100.474251080448,99.4894524177607,"word",0.736399252095067,0.713559209601954,9.10907992860302,720,239,"pec",1,5081.88591708315,"word",-0.812514413370977,0.237909941235557,3.73016007710248,400,239,"pec",1,5001.96058643696,102.545367339048,"word",-0.939948609050144,0.212784853065386,2.42859890917316,368,239,"pec",1,4479.7032047176,99.9014001982586,"word",1.8841611958943,0.863506174413487,1.88214829657227,865,239,"pec",1,4819.53761067464
"240",102.477032925939,"word",1.0736687538078,0.0918112380895764,1.73094683326781,997,240,"pec",1,5023.62515405411,99.9281408204982,99.7046693458433,"word",0.657632753026474,0.0549929349217564,2.98447595443577,265,240,"pec",1,5122.17706033472,"word",-0.453030651361731,0.205122971674427,6.67220928240567,480,240,"pec",1,5475.68896796205,99.7980449871536,"word",0.72389840446894,0.0600771578028798,1.42795336665586,4,240,"pec",1,4916.34048875165,100.054610274313,"word",-1.33374786865233,0.133441864512861,6.38088554376736,187,240,"pec",1,5034.49059099131
"241",101.726777505197,"word",1.0943093210373,0.670798821607605,3.32316907821223,647,241,"pec",1,4908.49267893898,98.3354928281065,98.7393889902693,"word",-0.285297943227569,0.465556794777513,3.0623963335529,799,241,"pec",1,4916.37389496528,"word",-0.0782059015357046,0.939235504483804,8.7538762204349,636,241,"pec",1,5017.54982616091,100.292531832175,"word",0.600708894749431,0.993302232818678,6.38960097450763,142,241,"pec",1,5416.93799680179,100.886917745624,"word",-0.861374322863991,0.793967973440886,1.01726211374626,180,241,"pec",1,5128.57710968598
"242",100.107392277201,"word",0.0610000819044781,0.774290755391121,8.7248100945726,62,242,"pec",1,5054.17216981278,101.287256740454,99.0551584609914,"word",0.427490283679817,0.699349508620799,1.7850624374114,504,242,"pec",1,4968.40115547774,"word",-1.09706025296319,0.983080974314362,1.99271093122661,548,242,"pec",1,4966.88559510852,100.077426219678,"word",-0.491580189299358,0.727649371372536,9.50533262686804,471,242,"pec",1,4901.15994761102,99.5598199990278,"word",-0.966596675526532,0.199282629648224,7.56009169155732,725,242,"pec",1,5032.1008424525
"243",99.9308062612727,"word",1.40474318301155,0.579874600749463,7.50952081521973,795,243,"pec",1,5310.62351939751,100.174720581691,99.5038476102283,"word",-0.497080519479289,0.67840982391499,3.93358276458457,915,243,"pec",1,5056.27290334655,"word",0.504352198583602,0.66118849418126,2.31546607799828,767,243,"pec",1,5009.57501851822,100.225143105306,"word",-0.548333926853857,0.529204768361524,6.59793496597558,36,243,"pec",1,4772.84141293718,101.056126309334,"word",0.102263540656769,0.868430849863216,8.038798305206,3,243,"pec",1,5221.34159591072
"244",100.337519979959,"word",-0.72620023708824,0.213679620763287,6.06803336646408,456,244,"pec",1,5268.90653505336,100.311233261702,100.40354053816,"word",-0.195953824245872,0.0936811859719455,8.61081913579255,461,244,"pec",1,4696.76849577865,"word",0.0761706249372369,0.614532435778528,4.29218730423599,880,244,"pec",1,5195.12455277438,100.411879115055,"word",-0.4897872244701,0.557688212022185,5.52892302162945,183,244,"pec",1,4948.35686893445,100.642764222076,"word",-1.75895321814516,0.947284514317289,6.97946189437062,453,244,"pec",1,4905.59106147801
"245",99.2141113988784,"word",-0.0383514732645379,0.527383538195863,8.11669985530898,547,245,"pec",1,4778.26360280632,101.479458156383,100.477883376142,"word",-0.153817636057587,0.778294011484832,9.92020305013284,585,245,"pec",1,4853.49522385776,"word",0.955231450664686,0.561489985557273,2.29804010596126,600,245,"pec",1,5021.92182144464,99.222099395469,"word",2.0624068350006,0.881854909006506,2.60543352924287,525,245,"pec",1,4776.08030435426,99.8321626323599,"word",-0.364023839033433,0.172365770675242,7.23650620086119,962,245,"pec",1,4517.65742527986
"246",100.164177607818,"word",0.394805579914268,0.413708169711754,7.47233983827755,358,246,"pec",1,5198.9484062201,101.145586620631,99.4846958338974,"word",-0.135010543069561,0.0729677737690508,2.77276025153697,455,246,"pec",1,5068.10749807149,"word",1.76118191589968,0.537650450831279,4.14154786150903,743,246,"pec",1,4921.73028647447,99.3349126108599,"word",1.29827717187793,0.979141515213996,3.04285064805299,56,246,"pec",1,4900.877771526,97.0444589652395,"word",2.18576429856562,0.752567073563114,4.22536609461531,480,246,"pec",1,5123.87670333415
"247",101.534685091303,"word",0.770436082573562,0.349127168534324,4.26319096703082,384,247,"pec",1,4931.75856051035,98.3026324987817,98.4706769943082,"word",0.946606981276327,0.766124082962051,7.51673868391663,594,247,"pec",1,5161.42340104607,"word",-0.625862408613652,0.538929747184739,4.29231404792517,862,247,"pec",1,4910.98572305071,99.0703487473815,"word",0.63624550993669,0.328412031522021,1.15712012862787,278,247,"pec",1,5271.71922613048,101.44491756581,"word",-0.0902667306559735,0.81306140567176,1.0475648753345,15,247,"pec",1,5183.02709268121
"248",99.3919127879849,"word",0.353772269409367,0.0458238727878779,0.975264545995742,11,248,"pec",1,5005.65207733345,99.8970238576346,102.170772901288,"word",-0.217635610161495,0.882940641837195,6.63183079101145,422,248,"pec",1,5122.90510772451,"word",0.52774432944809,0.10559092881158,4.33736569713801,402,248,"pec",1,5258.86611311175,99.2489378264565,"word",1.8009479972335,0.519524612929672,2.67942013218999,85,248,"pec",1,5074.29373053954,101.15824995237,"word",-1.58247332708263,0.281251713866368,8.4973942511715,446,248,"pec",1,4969.53027150078
"249",99.7435205351184,"word",-0.961293259003776,0.948508172528818,5.3344040713273,678,249,"pec",1,5136.99118401926,100.018597942856,99.4808073479984,"word",0.88877383992833,0.0997572273481637,1.82660195743665,920,249,"pec",1,4621.3886708112,"word",0.203190713582606,0.878938332898542,3.62299204804003,26,249,"pec",1,4649.00405186682,100.074866435184,"word",-0.46404665718253,0.49494356662035,0.126199263613671,999,249,"pec",1,4770.08372493901,99.3781760417471,"word",1.11612193152517,0.561420747544616,8.99890909669921,925,249,"pec",1,4518.58656565788
"250",101.661182292401,"word",-0.189495450365201,0.753688025521114,0.171013062354177,10,250,"pec",1,4804.23860176496,101.168928695764,101.401505084322,"word",-0.394275074712113,0.672619042219594,8.95704582333565,639,250,"pec",1,5215.11524375406,"word",-0.023746782032064,0.0968357322271913,1.93487703101709,111,250,"pec",1,5136.15872148327,99.9556250950162,"word",1.11030939522947,0.889173398027197,1.48225554497913,634,250,"pec",1,4911.94886623156,100.578115711589,"word",-2.08688523458645,0.988840680802241,7.16713752830401,255,250,"pec",1,4951.54864254843
"251",102.063298234783,"word",-0.728438007236584,0.527325510047376,8.21336340624839,20,251,"rec",1,5161.829210244,100.489837644713,100.12201826757,"word",0.4838194294879,0.431081153452396,3.02556101465598,504,251,"rec",1,4879.73084539301,"word",0.725423467882563,0.832047289004549,7.77857400942594,724,251,"rec",1,5095.00561713472,100.204099513408,"word",-1.62075121898606,0.19030685396865,2.36044990364462,367,251,"rec",1,5113.77346438662,100.526531172075,"word",0.2317714258645,0.875692953821272,5.5998742277734,790,251,"rec",1,4981.48020084933
"252",102.012392461548,"word",1.21175063527522,0.0806080349721014,0.134966548066586,328,252,"rec",1,4772.31478012779,98.8301677476485,100.495033171113,"word",0.298867851433796,0.621859749313444,1.83789974311367,823,252,"rec",1,5079.82094747146,"word",0.274108768753288,0.174860070692375,7.1055526426062,979,252,"rec",1,4609.23712020002,99.8381557483379,"word",-0.455570917780306,0.800626439042389,3.49031385965645,299,252,"rec",1,4838.19599046989,101.392672053467,"word",-0.900483492031594,0.835446817334741,2.39995976444334,788,252,"rec",1,5412.06604178665
"253",99.0773612734715,"word",-0.966665789467262,0.759143029572442,5.31949391122907,342,253,"rec",1,5221.4596949227,97.686678069916,99.2957702169514,"word",-1.07931642118428,0.437530746217817,0.143176475539804,768,253,"rec",1,4944.60021916212,"word",-1.06293522622633,0.809775529196486,8.91582059441134,679,253,"rec",1,4480.85606430222,99.313171337439,"word",-0.656613145318705,0.52036970667541,9.1287746024318,848,253,"rec",1,5268.55842931847,99.509841896643,"word",0.750497182933603,0.79133349051699,7.70921612158418,248,253,"rec",1,5195.2271242284
"254",98.7003555884788,"word",0.777623732484273,0.0447822664864361,2.92400714475662,674,254,"rec",1,5070.62794393912,100.40545862196,99.5506635290637,"word",0.679232946676918,0.389420352876186,8.68754633236676,504,254,"rec",1,5092.67820215953,"word",0.358812851965728,0.957400915212929,0.640905469190329,46,254,"rec",1,5038.05201241345,100.139170770954,"word",0.674765011267163,0.452602493111044,4.23156633041799,336,254,"rec",1,4816.00376939896,100.773762410937,"word",-1.32618534058409,0.522620143834502,2.07676844438538,852,254,"rec",1,5035.36989651093
"255",99.2490555240768,"word",0.033231079872229,0.144239561399445,6.22574788052589,952,255,"rec",1,5039.10890053281,99.5759776542499,99.0907109763375,"word",-0.821657460618608,0.55203547119163,4.59536296548322,188,255,"rec",1,4859.81493572188,"word",0.103349323459124,0.129374413518235,2.28600270114839,652,255,"rec",1,5050.87426946005,100.357286796676,"word",0.203785273835844,0.304563822224736,6.30145003786311,746,255,"rec",1,5009.88469048369,99.8871868874929,"word",-1.51670180531762,0.369495874270797,4.35109484940767,993,255,"rec",1,5115.92185761789
"256",98.5845313515771,"word",-0.242178329815044,0.474999555619434,8.10391456121579,256,256,"rec",1,4912.40522258291,100.857978829198,99.4967899098631,"word",1.4753033732469,0.805221762275323,4.04510089894757,746,256,"rec",1,5162.53413999356,"word",-1.16063492013685,0.791719736065716,3.00089363241568,51,256,"rec",1,4997.96173936974,97.9076267096146,"word",0.392254548137042,0.493683552136645,7.4441000749357,996,256,"rec",1,5130.05345712451,98.8939300185993,"word",-0.233756357651624,0.732584170531482,5.52328844089061,555,256,"rec",1,4563.90300354144
"257",99.4641906389907,"word",-0.682445306522782,0.569333089282736,8.81566160358489,184,257,"rec",1,4814.01708026039,99.3624645244606,101.593241868974,"word",0.562083147795674,0.849166522501037,0.896509608719498,443,257,"rec",1,5030.30609561867,"word",0.506656258026969,0.0735379522666335,0.112135596573353,101,257,"rec",1,5166.94378027004,100.572873326781,"word",-1.21223723575242,0.213948734803125,4.47791533311829,818,257,"rec",1,4965.80317241753,99.2005122143178,"word",1.04039216448824,0.043856751639396,1.23933117138222,187,257,"rec",1,5049.63557994415
"258",97.6306020774316,"word",2.43612561917836,0.998121984302998,8.73921498889104,414,258,"rec",1,5454.53468128923,99.7911356706474,98.6398139871548,"word",0.0766294463190196,0.544504671124741,8.16814392572269,132,258,"rec",1,4889.63944485343,"word",0.427538306182043,0.919108957052231,8.96945576416329,461,258,"rec",1,4447.43663836785,99.9128596498463,"word",0.0681664381245703,0.8331787167117,6.40485422452912,170,258,"rec",1,4970.43088859496,99.4589451212677,"word",-0.619497451359239,0.1293553954456,5.89277833467349,949,258,"rec",1,5408.99642763102
"259",98.6713343620447,"word",-0.524745232747471,0.952140202745795,7.04223218839616,317,259,"rec",1,4925.13987289695,99.1262926771358,101.999025213872,"word",-0.513209187894209,0.752951574744657,6.55171698890626,236,259,"rec",1,4846.66350382845,"word",1.29766222384444,0.0314719560556114,0.203476152382791,935,259,"rec",1,5357.80098339904,99.1696087288294,"word",-0.573234007587067,0.355771900853142,2.60801148368046,112,259,"rec",1,5042.61545764523,100.258493116254,"word",-1.62411036205203,0.421254880726337,0.759029388427734,206,259,"rec",1,4958.66139467218
"260",100.991871714134,"word",-1.01362867528112,0.318039063364267,2.15944186085835,12,260,"rec",1,4916.09040009538,101.310464248804,100.570124629617,"word",-0.115712497423059,0.346366062760353,6.63326267618686,227,260,"rec",1,5258.67632302602,"word",1.03206369598395,0.485232380218804,4.06259498093277,150,260,"rec",1,5215.93460983802,102.083423554473,"word",-0.986669105790422,0.989795856177807,8.39475898770615,258,260,"rec",1,4624.41565643279,99.5797795330906,"word",0.0314017186468907,0.345315715530887,7.47059345245361,915,260,"rec",1,4983.91926580624
"261",100.653385267429,"word",-2.22441199696619,0.145108564058319,6.28101178677753,786,261,"rec",1,4765.71786835226,99.6458627427161,99.4250009271203,"word",-0.251635470783976,0.882860356243327,7.92416814947501,932,261,"rec",1,5230.24224746559,"word",-1.23152156478187,0.909174375003204,1.46073695505038,564,261,"rec",1,4939.44127589596,100.277377696134,"word",0.348496272562535,0.583152250386775,4.75616322830319,950,261,"rec",1,5091.30597671961,100.198559980652,"word",0.628250524821615,0.694425610592589,1.96003640536219,978,261,"rec",1,4810.49121587177
"262",99.4624213977692,"word",-2.47080483889576,0.478968222625554,0.099390996620059,1,262,"rec",1,5208.76684628724,98.356675370014,99.767742428721,"word",1.4242055279036,0.119163413066417,4.01813073083758,334,262,"rec",1,4956.01040994318,"word",-0.492100310403948,0.0948075067717582,4.2719251406379,61,262,"rec",1,5250.25679079387,100.506698481102,"word",-0.340234262790635,0.0655040747951716,8.40345673030242,340,262,"rec",1,5231.9699634532,99.8236301160567,"word",-0.403427051094672,0.208156430860981,4.53184131532907,314,262,"rec",1,5048.38533899621
"263",101.284631661951,"word",-0.447595014561924,0.0276139474008232,1.32226479472592,928,263,"rec",1,5130.23646319448,99.1768708394597,99.7472543281087,"word",0.54292302158687,0.127252461155877,6.33304863236845,8,263,"rec",1,4754.19697918431,"word",0.312322065878034,0.450687121599913,7.7413410320878,262,263,"rec",1,4933.77047380513,100.141904335525,"word",0.829429863649367,0.894516220781952,4.23313958570361,32,263,"rec",1,5082.72080716499,99.266700026776,"word",0.329421318469627,0.0183154745027423,9.11231817444786,151,263,"rec",1,5075.48760526145
"264",99.364800766334,"word",0.0531470675018877,0.0804893590975553,1.14558800589293,574,264,"rec",1,4965.93162424364,100.408454619339,99.5513997416906,"word",2.21760182959693,0.819002027390525,0.648181156720966,671,264,"rec",1,4803.96147368688,"word",-1.75284641916396,0.353861381066963,3.80036150105298,583,264,"rec",1,4942.33148339937,99.4888052482448,"word",0.892109639715855,0.222695761825889,5.68212405545637,550,264,"rec",1,4554.4155314836,101.08110245717,"word",-0.991355368502399,0.973816763143986,8.85929874144495,876,264,"rec",1,5182.09232673541
"265",100.008379523731,"word",1.8047591693355,0.719362879637629,7.23909135907888,458,265,"rec",1,4940.91659036838,101.056538469318,99.383895364039,"word",-0.0531795859288495,0.771065525012091,8.72892951359972,713,265,"rec",1,5066.75049252528,"word",-0.358837312760383,0.853093954734504,3.89353112550452,492,265,"rec",1,4932.08137137229,101.505901411779,"word",0.768214483562794,0.803397603332996,4.75579485530034,422,265,"rec",1,5339.60649030735,99.0937726892446,"word",0.479985895852861,0.394108417676762,0.883733329828829,814,265,"rec",1,5294.37975109562
"266",100.095708547297,"word",1.69912272844601,0.535513968206942,1.26213259529322,180,266,"rec",1,5063.34399934815,99.8929480221265,97.4198158204684,"word",-0.295253680273606,0.460957710398361,9.81686883606017,701,266,"rec",1,4801.65244076279,"word",-0.150879655762326,0.929296575719491,9.97158425394446,353,266,"rec",1,4941.68763252215,101.117988449997,"word",0.149801138927446,0.508340019965544,2.94218551833183,959,266,"rec",1,4782.78808195351,100.857040147107,"word",-1.06723663410889,0.973516737343743,2.95164503855631,171,266,"rec",1,4774.02323477429
"267",99.3788715544828,"word",-0.706475678115618,0.723325614817441,1.93750055739656,30,267,"rec",1,5012.1529409644,99.7698264513603,98.5410453162724,"word",-0.0258469824913186,0.368406721157953,1.65020785760134,839,267,"rec",1,5465.4866619326,"word",1.18482644410744,0.250609128037468,4.0947750210762,114,267,"rec",1,4796.84314039018,98.7147126464464,"word",1.29916833188028,0.916642687516287,2.05716892145574,601,267,"rec",1,4943.04445830426,101.62687454543,"word",1.81341349325789,0.236293091438711,7.1753655700013,85,267,"rec",1,4808.24669133213
"268",100.002673813571,"word",-0.58360596865392,0.303074552677572,3.89968904899433,336,268,"rec",1,5349.34814516574,102.369373781535,101.536438974809,"word",-0.50424387766524,0.799067160347477,3.02609157050028,427,268,"rec",1,4974.18268413834,"word",0.167422766257892,0.371528834104538,6.01201297948137,73,268,"rec",1,5137.01209432121,100.61447027674,"word",-0.534387852053072,0.0706357988528907,8.33439168520272,917,268,"rec",1,5057.96737343921,99.7827903464102,"word",0.17456456555521,0.205795445013791,0.0307311164215207,407,268,"rec",1,5128.12337595099
"269",98.9625948564479,"word",1.28744273431254,0.334337410051376,6.48304390255362,449,269,"rec",1,4899.34519665899,99.7707272014816,99.7246679429046,"word",2.39693895361842,0.481829730793834,5.98845989210531,922,269,"rec",1,4930.98430770759,"word",-0.856864850213874,0.575136550003663,6.05360223213211,940,269,"rec",1,5174.58145141325,99.3343726182917,"word",1.39138663239172,0.773268643999472,6.46316638914868,933,269,"rec",1,5025.69893070332,100.643535790999,"word",-0.379066218279436,0.561281332746148,8.25861955992877,614,269,"rec",1,5268.9604545705
"270",100.393071799115,"word",1.03566795637817,0.312518104910851,4.33448774972931,422,270,"rec",1,5234.05279492678,99.8040082044838,101.338216842775,"word",0.424469141951301,0.625637302175164,1.34455739054829,284,270,"rec",1,5194.9451253698,"word",0.0661387103786885,0.497995893703774,5.14692367287353,655,270,"rec",1,4668.38266464835,100.16828107398,"word",0.236394196245636,0.107107222080231,1.92583766067401,595,270,"rec",1,4827.32513242288,100.482615942833,"word",1.08314812554936,0.23542979802005,5.68959222408012,81,270,"rec",1,4614.26517814178
"271",99.9233023941248,"word",-0.269682738657146,0.596791659016162,4.54930464271456,964,271,"rec",1,4722.95613376386,100.059301732708,99.2448696690515,"word",1.02820834119411,0.204868237255141,8.00040898146108,639,271,"rec",1,5097.82181572565,"word",0.174080918623721,0.142872987315059,9.40203716279939,948,271,"rec",1,4858.64281374798,100.708134044211,"word",-0.583207436917885,0.188351072138175,2.53963402705267,623,271,"rec",1,4847.95175425348,101.463750234775,"word",1.75969406977083,0.371844572247937,3.21394531056285,29,271,"rec",1,5125.32522829648
"272",100.351149138732,"word",0.460230197376522,0.284413386601955,4.47916345670819,620,272,"rec",1,5065.98697133184,99.7403666662804,100.076553548896,"word",0.202091470048987,0.523656593868509,3.97189250448719,335,272,"rec",1,5224.19882516774,"word",-2.00713842012097,0.196843924932182,8.69529168121517,440,272,"rec",1,5404.7986582899,98.4759443695876,"word",-0.14566599174119,0.928421042161062,9.13398931734264,84,272,"rec",1,5042.429212371,100.858558969466,"word",1.79681811622584,0.967127768788487,4.82615583110601,662,272,"rec",1,5222.66676032906
"273",98.0415300701624,"word",-0.0521679628283172,0.347965390654281,0.220157746225595,326,273,"rec",1,5190.73106515212,100.360429915961,99.2436059943066,"word",0.738629093049796,0.45686254510656,0.772059443406761,244,273,"rec",1,4692.40913740871,"word",-1.16159711925447,0.864915480604395,0.918277928140014,847,273,"rec",1,4808.44861861818,99.8426391521997,"word",-1.02625070178275,0.0732912782113999,3.31591919064522,679,273,"rec",1,5036.80059520789,101.417026459816,"word",3.68465373546897,0.0973209743387997,4.66745995916426,660,273,"rec",1,4645.62982171489
"274",99.3590215249954,"word",-1.20675450335151,0.711852923035622,4.67694307444617,888,274,"rec",1,5160.15711302769,101.383735158737,99.0978372847901,"word",0.457693018197795,0.731962895020843,0.400948151946068,842,274,"rec",1,4929.31636105334,"word",0.28305166469443,0.412094165803865,9.68457533745095,87,274,"rec",1,4961.37879148102,100.34963775092,"word",0.684755928467754,0.381768874591216,9.40664893714711,593,274,"rec",1,4740.30507990352,99.2249490357445,"word",1.21356886827143,0.0134178206790239,3.45967206871137,289,274,"rec",1,4965.27358930178
"275",100.395522179296,"word",-0.67504221379521,0.0124265656340867,8.49090130068362,270,275,"rec",1,4689.70430310983,98.902414915202,99.2814641295789,"word",1.01280027696416,0.925838848343119,7.09940377390012,151,275,"rec",1,5558.42985834376,"word",0.900758168109073,0.89694459293969,7.60252544190735,953,275,"rec",1,4868.59436346152,100.304215614109,"word",-0.708980341075437,0.966824805131182,0.577093595638871,178,275,"rec",1,5008.22138547317,98.5298814782656,"word",1.44200978989004,0.976367921801284,5.46675194986165,777,275,"rec",1,4962.94149698573
"276",100.49586651276,"word",-0.794497450365635,0.27414379408583,1.3978340732865,901,276,"rec",1,4928.2357200733,99.5223848771247,102.237913516025,"word",-0.343288335842543,0.642150067025796,2.5366402999498,366,276,"rec",1,4775.53952571461,"word",-0.797993904318583,0.21082463208586,6.49447029922158,710,276,"rec",1,4902.10995770451,100.615543372394,"word",-1.43508470400324,0.878609864972532,9.67827524058521,957,276,"rec",1,4486.93348540429,99.8868776278153,"word",0.330034666032105,0.176136928144842,6.48432868998498,445,276,"rec",1,4895.65007591071
"277",101.14837160125,"word",0.636320960334681,0.983131843619049,4.57141943275928,98,277,"rec",1,5205.08995879811,99.0555496363724,100.207483873034,"word",0.975693694991924,0.697853397810832,3.57722561107948,455,277,"rec",1,4998.39557908732,"word",0.535637505826631,0.948409616714343,3.53563337819651,148,277,"rec",1,5158.90618124489,98.1758095345279,"word",-0.373920560260338,0.730341943446547,2.797556896694,776,277,"rec",1,4898.0406652737,99.9802922477864,"word",1.1750961612466,0.827623254852369,6.19080547709018,241,277,"rec",1,4888.74142288902
"278",99.9261259114844,"word",-0.180608110295443,0.421137684490532,4.2792086279951,867,278,"rec",1,4797.8655276,100.556155743434,101.62152111222,"word",2.33095340084095,0.770455601392314,2.83314958913252,455,278,"rec",1,5016.41395766379,"word",0.492340813644853,0.869041432626545,9.2617203691043,810,278,"rec",1,5100.84023962892,99.4227950561809,"word",1.16164364290384,0.564978627488017,6.86396310804412,546,278,"rec",1,4951.24884353288,98.759602409824,"word",-0.367852897603288,0.935497931437567,3.98705103201792,236,278,"rec",1,5260.96172155097
"279",100.387238579755,"word",-2.30415761301829,0.0417289328761399,9.69902802491561,514,279,"rec",1,4835.78849429854,100.424731924073,100.70830599185,"word",0.596442170286056,0.706326040672138,1.44185430370271,825,279,"rec",1,4748.13617933182,"word",0.460646261217472,0.147337519330904,2.5549106951803,189,279,"rec",1,5066.74300418239,99.668372828061,"word",1.74650372236355,0.65421996335499,9.54896591138095,81,279,"rec",1,5058.28959216883,99.916339960862,"word",0.49649781407533,0.465247359825298,4.41980718402192,651,279,"rec",1,4730.29152204645
"280",100.48338931922,"word",-0.115349226683088,0.39494620449841,2.86795119522139,868,280,"rec",1,5402.52452909114,101.600543081363,101.142026722692,"word",0.759703483750051,0.26229336229153,7.0695325685665,323,280,"rec",1,5012.81932458792,"word",-0.650880144075857,0.779692072421312,7.32318388065323,837,280,"rec",1,4607.6045075315,98.842133139824,"word",1.85297009894725,0.937249987386167,4.1259819152765,937,280,"rec",1,5224.85556501742,98.3060842482885,"word",-0.747813352000213,0.398916474776343,0.478275618515909,391,280,"rec",1,5216.21100795628
"281",100.113764250553,"word",-0.130324752370745,0.443073990521953,2.47306992067024,33,281,"rec",1,4930.5142474945,99.6148728726028,100.204446263653,"word",1.02804048589325,0.675726722693071,6.90373406279832,348,281,"rec",1,4864.69562823263,"word",-0.37141114951957,0.178960583405569,6.32288991939276,221,281,"rec",1,5004.94495203478,98.748244899926,"word",0.12072708132911,0.894292789278552,5.92009271495044,79,281,"rec",1,5309.19608593803,100.705879611093,"word",-0.235994775976958,0.00361265591345727,1.59526480128989,249,281,"rec",1,4900.92796797418
"282",101.832009637029,"word",-0.267096267765163,0.174318300792947,0.616597153712064,702,282,"rec",1,4815.80597138733,101.702517233387,99.5923228042515,"word",0.182260858646534,0.186359686078504,8.86654762551188,49,282,"rec",1,4951.26256652379,"word",0.993032130031449,0.713700192514807,3.58566624578089,501,282,"rec",1,4676.70547815702,101.751701101549,"word",-0.683571885983869,0.793921307194978,2.60678245453164,141,282,"rec",1,4765.83328743872,99.6898388413117,"word",-1.05467684749607,0.240253632655367,4.36865228926763,522,282,"rec",1,4857.05347810335
"283",99.0841085822955,"word",-1.69895251105865,0.371462227776647,2.63872236013412,594,283,"rec",1,4901.97537523666,99.8428405517441,100.452752406085,"word",-0.0130037839342597,0.801112931454554,8.28560621477664,531,283,"rec",1,5073.94477622738,"word",-1.82772270488166,0.0825227277819067,3.02850408246741,116,283,"rec",1,4746.79760044004,99.6964958826935,"word",1.02956219242046,0.259213919518515,2.31465700315312,614,283,"rec",1,4877.52549364744,99.5282832929416,"word",0.708916366151687,0.260922382352874,5.99130312912166,31,283,"rec",1,5160.34190348968
"284",99.935701077895,"word",-0.0149596666493018,0.0762213347479701,3.88989859959111,87,284,"rec",1,4774.93429175826,101.39045049011,99.3479855014477,"word",0.720255965005457,0.906469914363697,7.40977542940527,409,284,"rec",1,4925.07690609693,"word",-0.462921188060526,0.0829841336235404,6.91736644599587,931,284,"rec",1,5040.28628917939,99.9389607980849,"word",-1.73618377003489,0.692132827127352,1.07834662077948,342,284,"rec",1,4968.4446782245,100.072728796004,"word",-0.802407860517234,0.324551287805662,5.42474910616875,88,284,"rec",1,5225.87170269356
"285",99.3619828451042,"word",-1.36771058331735,0.538141817552969,3.1745581724681,333,285,"rec",1,4960.38885668251,99.2048220998805,100.709914723646,"word",-1.75908500392636,0.146083992905915,1.5325991390273,391,285,"rec",1,4863.63312902396,"word",-0.344178054720092,0.612159083597362,2.74729793425649,11,285,"rec",1,4707.88287054552,99.691814881917,"word",-1.97415718399716,0.611928303260356,2.36749994568527,236,285,"rec",1,5114.68431456883,99.7753786048572,"word",-1.1537792404407,0.578908307710662,2.44622609810904,920,285,"rec",1,5095.80306614041
"286",101.165813745966,"word",0.581060010312315,0.0441156891174614,3.4021222172305,588,286,"rec",1,5273.63332686215,99.4482927984297,99.2905576076463,"word",-0.039096289316394,0.309461190365255,1.37183811049908,181,286,"rec",1,5088.15710215979,"word",-0.0525582955074016,0.554091087542474,8.23489909758791,643,286,"rec",1,5214.39479033941,100.106865274799,"word",-0.484437195365406,0.329205838032067,7.76833613170311,530,286,"rec",1,4884.72010966086,100.139813197602,"word",0.746422233371332,0.933459557592869,3.25434007681906,186,286,"rec",1,5204.4207025246
"287",101.498045732989,"word",0.81009489284049,0.247444201260805,6.16849754936993,166,287,"rec",1,4826.59669915639,98.3635264015221,100.908721142046,"word",-0.862147659909818,0.202611613087356,2.58566573727876,613,287,"rec",1,5225.49722992496,"word",1.96608149106211,0.753083384828642,5.7938083447516,535,287,"rec",1,4733.79460561415,98.3704172297429,"word",0.440728290965656,0.353406225563958,3.03021756932139,857,287,"rec",1,5059.79037133909,100.10083697196,"word",-0.0159564809879706,0.0442588459700346,6.98987333569676,63,287,"rec",1,4828.30797235335
"288",100.037900621092,"word",-0.602243738528154,0.494403482880443,4.04593340819702,953,288,"rec",1,4609.88549072314,100.317806778651,100.726463961866,"word",-0.524733661660335,0.447380244266242,4.45424122037366,975,288,"rec",1,4929.68906780081,"word",-1.98432973123412,0.91720875678584,6.01855594897643,646,288,"rec",1,4960.16236355624,100.195779530679,"word",0.921672772931758,0.399094273336232,2.39918608684093,205,288,"rec",1,5054.21936675648,99.6877575910408,"word",0.826573360829517,0.554140977328643,5.16945946961641,898,288,"rec",1,5152.89578141884
"289",100.027289347281,"word",-0.474110960675078,0.863125449977815,6.14903235808015,943,289,"rec",1,4869.89472047659,98.7240804187404,100.11092362758,"word",-0.551437069621716,0.19553004973568,0.815681843087077,577,289,"rec",1,4967.97134607053,"word",-1.40185939728838,0.592591317137703,4.14686699165031,401,289,"rec",1,4954.50704610702,100.073262809,"word",1.11349013715637,0.338224652223289,3.64729528082535,22,289,"rec",1,5126.49538985585,99.9050701161497,"word",1.56125258723429,0.223053520778194,2.4571144185029,434,289,"rec",1,4777.88121006482
"290",97.5651383150173,"word",-1.32226188580394,0.622837620321661,0.566364503465593,403,290,"rec",1,5099.52181338817,100.307064436326,99.6374195485932,"word",-0.298976720911258,0.733367058448493,1.8264379282482,105,290,"rec",1,5030.93595753672,"word",-1.00076516216904,0.914932289626449,5.36390783265233,555,290,"rec",1,4903.85315640814,99.8052962960656,"word",-2.54864724107403,0.965981371235102,7.44813247816637,441,290,"rec",1,5374.7961978603,98.6385626779735,"word",2.18950613075937,0.916919207433239,7.16356148477644,274,290,"rec",1,5045.23884318698
"291",99.6098914754365,"word",-2.7725695341324,0.101810832507908,5.52370545221493,190,291,"rec",1,5047.37497208134,98.7302628174247,100.324593314996,"word",1.79877242625413,0.00777450017631054,7.70574431400746,294,291,"rec",1,4997.49179322657,"word",-1.24114764665137,0.0803252914920449,3.28317618230358,522,291,"rec",1,4879.72200447996,97.5134028747865,"word",-0.468239140468142,0.144456356065348,7.71085025975481,669,291,"rec",1,5497.13707968052,100.323634422589,"word",0.591153311789832,0.244881628779694,7.5133642158471,757,291,"rec",1,4806.44174277823
"292",99.461486120556,"word",0.294560193094889,0.880604390054941,8.56000530999154,758,292,"rec",1,4903.44220075142,100.731949855601,100.768225128283,"word",0.853533327377681,0.210380229866132,8.55512535665184,150,292,"rec",1,4865.01290465167,"word",-0.149270682789724,0.486331113381311,6.88981267623603,717,292,"rec",1,5258.18539681866,98.1339805529817,"word",1.11506029803208,0.0407514667604119,9.21977776568383,555,292,"rec",1,5078.77568529999,98.8831115985173,"word",0.633842567079496,0.806421254761517,6.10592456767336,491,292,"rec",1,5135.63254855667
"293",99.5530520967625,"word",0.0217576613497818,0.116618237923831,1.06567671755329,16,293,"rec",1,4890.53698222468,102.168025299716,99.9279661102113,"word",-0.636251879603465,0.337622051127255,7.31989869615063,416,293,"rec",1,4751.37348981498,"word",-1.08428851733408,0.686137806624174,7.92908569099382,888,293,"rec",1,5224.92289552067,101.768451871414,"word",-0.589422160226201,0.259985693497583,1.15972487721592,339,293,"rec",1,5124.22949397113,99.0545862417488,"word",-0.422035588364898,0.426512385718524,9.19671123847365,152,293,"rec",1,5272.09295611627
"294",100.826728512453,"word",-1.22308593295142,0.927051892038435,6.9321878394112,439,294,"rec",1,5028.00568311113,99.8668291709723,100.226268954391,"word",1.21783085679768,0.608465550700203,8.70109593030065,671,294,"rec",1,4636.24802601203,"word",0.393886871836676,0.773534775245935,9.82724398141727,226,294,"rec",1,5112.66350999011,100.742458027175,"word",-1.36918978069154,0.282497823471203,6.96472648531199,252,294,"rec",1,4679.67341114308,98.7346230736871,"word",-0.46525382189038,0.681218391982839,1.73739473335445,301,294,"rec",1,5087.62667370885
"295",99.1365557288126,"word",-0.244638224316217,0.557767346035689,3.07538061868399,668,295,"rec",1,4868.86193609376,98.6439358743611,100.287630071371,"word",-0.502019733251642,0.83764225197956,6.91710953135043,877,295,"rec",1,4917.47516781763,"word",-0.0180866808832662,0.276634201174602,8.69144079973921,599,295,"rec",1,4904.88773495964,99.4446048215549,"word",0.246848309762644,0.069867184618488,1.64009951753542,167,295,"rec",1,5303.23281724654,101.485084865398,"word",-0.504459187309276,0.870412041200325,9.13721442688257,4,295,"rec",1,5153.04291721187
"296",101.313043885131,"word",0.457281604306339,0.863192486576736,0.133826420642436,672,296,"rec",1,5333.48700122105,99.8438400879651,100.70471159789,"word",-0.400824971552653,0.97827489185147,9.7695190529339,261,296,"rec",1,5183.57082686592,"word",0.152745626132548,0.287884496152401,6.10469493549317,644,296,"rec",1,5023.13724399074,100.489153806916,"word",0.578413223198471,0.0241492469795048,2.86126469960436,448,296,"rec",1,4791.78360657454,100.300463713898,"word",0.0223261536951136,0.717319583054632,4.65936827007681,435,296,"rec",1,5058.29218850456
"297",100.318800277827,"word",-1.59606209188673,0.26570333307609,9.81346766697243,196,297,"rec",1,4813.38087381445,100.178403270678,99.461859857951,"word",-1.11152967927049,0.844690789468586,5.00207308446988,588,297,"rec",1,4928.14625440979,"word",1.2623733537438,0.721044027479365,6.73766531283036,307,297,"rec",1,5258.27228348533,101.633144781853,"word",1.66381883211548,0.919476221315563,4.34796101413667,849,297,"rec",1,4838.27092536489,99.5044887660356,"word",-1.04186247044715,0.793147281277925,4.61765595013276,531,297,"rec",1,4913.05791145977
"298",100.162756567744,"word",0.642396768449621,0.951114448485896,6.06260610744357,349,298,"rec",1,5174.73852750822,101.695128288188,99.5962815264402,"word",1.42494792656688,0.300593173597008,9.74845004267991,324,298,"rec",1,4844.5856661143,"word",-0.083073425165919,0.247326749609783,6.30959945730865,560,298,"rec",1,5030.02414686733,100.538461733637,"word",-0.318047174161809,0.144099023193121,7.3516557761468,387,298,"rec",1,5434.16485352998,98.7427436815698,"word",0.620235810097343,0.279409400420263,7.8537900489755,436,298,"rec",1,4906.58115471977
"299",99.4314875057893,"word",0.272627405462744,0.361427027266473,5.11910179862753,920,299,"rec",1,4996.36960151184,100.768842336731,99.3928787883212,"word",1.75351712788873,0.708584719104692,9.12070653401315,184,299,"rec",1,4792.96626053363,"word",1.01701634461782,0.569931224221364,2.24202656885609,810,299,"rec",1,5223.07066495928,100.146783352156,"word",-1.33240964709003,0.188551940023899,4.08272895263508,751,299,"rec",1,5270.19022693299,99.2223173547981,"word",0.615367816526484,0.974742091726512,9.16721480432898,401,299,"rec",1,5453.01613685727
"300",98.4081727747737,"word",1.45197970726653,0.817746581509709,0.664743941742927,88,300,"rec",1,5266.41865375226,100.324928550373,97.6856987228096,"word",1.93808512142244,0.429664695635438,4.49571679346263,861,300,"rec",1,4919.26320558045,"word",-0.268660907150284,0.0424234718084335,5.69359980523586,387,300,"rec",1,4704.77809472052,100.279366496674,"word",0.58340060246457,0.677490576403216,0.535104777663946,240,300,"rec",1,4716.45626196957,100.926612477896,"word",-0.434127605194388,0.805343038402498,1.48003723239526,852,300,"rec",1,4863.49608557995
"301",99.6929253808197,"word",-0.201595471584126,0.576733206864446,2.66392541816458,294,301,"rec",1,5010.65279150911,99.1975468058352,101.142946567299,"word",0.039206135516118,0.205204983009025,9.72017359221354,873,301,"rec",1,4954.2825665528,"word",-0.48824098603809,0.969996069092304,8.0711650964804,319,301,"rec",1,5127.9028357945,100.132960128457,"word",2.69353543998625,0.49679783731699,5.71127657080069,756,301,"rec",1,4820.62305679428,99.9417915932773,"word",1.85261798908891,0.295681454474106,8.4182678675279,208,301,"rec",1,4991.33912762563
"302",100.04044411261,"word",1.80085209090095,0.52922608749941,9.96022416977212,279,302,"rec",1,4954.94313547686,100.712115505153,99.4072587843548,"word",1.87071619492469,0.392916812561452,7.77963505359367,562,302,"rec",1,5078.77723897651,"word",-2.6415951491293,0.647481937659904,5.0194904091768,752,302,"rec",1,5434.06450320537,100.821321127093,"word",-0.118723795154963,0.111413778038695,7.63282262952998,84,302,"rec",1,4950.44305372566,101.505973140199,"word",-1.10636734185413,0.494537612656131,1.88745244871825,608,302,"rec",1,5073.97492373415
"303",101.63988780909,"word",-0.818704259683655,0.753500190330669,3.29428004799411,931,303,"rec",1,5191.26309086953,100.102409472599,99.4773953902231,"word",-0.103932514356762,0.13512986828573,1.15334217902273,666,303,"rec",1,4838.34818213942,"word",-0.0669730342782851,0.22498674527742,6.9199823983945,354,303,"rec",1,4869.06645439858,99.9743090112113,"word",-1.82915630718404,0.379834149498492,8.22875731857494,263,303,"rec",1,5328.76459296442,100.008657741461,"word",-1.05970867995271,0.967371355975047,2.12689972715452,266,303,"rec",1,5255.38521300486
"304",100.936047849084,"word",0.0172658265326439,0.921218145638704,1.655963154044,730,304,"rec",1,5164.07136888461,102.746368250942,100.382748090871,"word",-0.0803498741031631,0.370336733525619,1.93018950987607,312,304,"rec",1,4850.3501718087,"word",1.12715664365197,0.10876970528625,4.24125352175906,838,304,"rec",1,5071.84075049644,100.712786631153,"word",0.723247500634769,0.124590772669762,4.17102037230507,302,304,"rec",1,5031.09581683833,100.003287379005,"word",0.131692325963909,0.651992481201887,9.72138184355572,121,304,"rec",1,4997.18114636799
"305",99.6382114604388,"word",-1.41325701869716,0.23360322159715,6.7633566306904,331,305,"rec",1,5024.29383919058,98.0900137346562,100.489183482224,"word",2.37339027138372,0.65048427018337,4.3054925580509,576,305,"rec",1,4704.45047829591,"word",0.916087732664756,0.959848823957145,3.48522704327479,463,305,"rec",1,5000.5164309597,100.931438712307,"word",0.599806488327536,0.653570440597832,3.41378408716992,216,305,"rec",1,4861.34325350334,100.446450967393,"word",-0.468519866170185,0.793034331873059,7.15534289600328,498,305,"rec",1,5009.19940196997
"306",99.8055867091233,"word",0.593267538395071,0.590218786383048,5.43160171946511,317,306,"rec",1,5380.66822927033,100.546479888489,98.0748006377478,"word",-0.202624567390688,0.0494151739403605,8.81398539990187,987,306,"rec",1,5044.86977645247,"word",0.148339838817125,0.0750053280498832,6.00306335370988,970,306,"rec",1,4807.99818704938,99.0782043839009,"word",0.315260285077022,0.116586881456897,2.46571783907712,881,306,"rec",1,5270.3767600812,101.071562909356,"word",1.78609751192556,0.397526489570737,7.37201999407262,38,306,"rec",1,4689.02480457317
"307",99.2584470116816,"word",0.990358383256546,0.0100089800544083,7.24665000801906,220,307,"rec",1,4954.35730542296,100.719963043602,100.644775691867,"word",0.567090713804748,0.180165020748973,0.194121317472309,20,307,"rec",1,5141.53376763003,"word",-2.72680454125469,0.269791557686403,5.46724943909794,120,307,"rec",1,4737.3684876203,101.556420287765,"word",-0.511322392509117,0.151555605931208,5.01463247695938,367,307,"rec",1,4850.75463951785,100.92741408547,"word",-0.409254545794255,0.435334167908877,9.2012454313226,460,307,"rec",1,4869.70935869084
"308",98.3338480791627,"word",0.882727069757935,0.248653596267104,2.50602645799518,993,308,"rec",1,5126.67086660926,100.067713712309,99.1120289379967,"word",-2.20531924602388,0.201059451559559,2.97653290908784,53,308,"rec",1,5320.40612044494,"word",0.33677890918984,0.86129384371452,6.76290918840095,301,308,"rec",1,4872.56307853547,98.8632557190012,"word",-1.06489197913261,0.240137299988419,0.430645882152021,79,308,"rec",1,5353.71862415556,99.7137855774216,"word",-1.01129871643382,0.393744069850072,1.06348519679159,628,308,"rec",1,5157.68930961925
"309",99.1571149948925,"word",1.29021653216836,0.999334951397032,9.28361702244729,966,309,"rec",1,5122.6978784328,100.045194935107,100.090051203471,"word",-0.442838457194394,0.220331741496921,1.06221061665565,351,309,"rec",1,5067.9280385344,"word",0.29446003487026,0.360990050714463,2.10270234150812,796,309,"rec",1,5107.32443152383,98.9833783695465,"word",-0.281273613057576,0.132297265343368,1.58950571436435,626,309,"rec",1,5239.34647205709,99.4805632429094,"word",-0.209807513968748,0.96627070964314,2.30650941608474,328,309,"rec",1,5100.48131262932
"310",101.461006580452,"word",0.0197519310217552,0.347766948631033,2.4979102704674,214,310,"rec",1,5349.62706106381,100.098991590387,101.025186555993,"word",-1.18451089454591,0.152190336259082,5.47689727507532,448,310,"rec",1,4989.21018683005,"word",0.818129034988007,0.84342620940879,3.99356388719752,116,310,"rec",1,5378.66569728953,98.3876539619776,"word",0.609619013749245,0.929819264449179,5.11571627808735,223,310,"rec",1,5417.9235920867,100.785543666937,"word",-1.01247767769351,0.628099779365584,3.92828778829426,393,310,"rec",1,4781.48329209259
"311",100.316405599783,"word",0.640974290155057,0.395308376289904,3.03122004494071,151,311,"rec",1,4471.07036124896,99.6470119910809,99.4668870232889,"word",0.0847901814948438,0.883034371770918,1.67777640977874,971,311,"rec",1,5186.29125217148,"word",0.799434647985865,0.439353949390352,3.59567742561921,359,311,"rec",1,5186.55292370601,100.343871776871,"word",0.373298545224701,0.836755179800093,9.87095200456679,366,311,"rec",1,5119.28884314729,99.9270546354237,"word",0.638269004650355,0.624915662221611,2.97579970909283,884,311,"rec",1,4890.16231179473
"312",101.859144329702,"word",-1.32796559070215,0.99552495777607,3.62280868459493,426,312,"rec",1,4884.2454194682,99.3156635445339,100.736362456264,"word",-0.782139836628495,0.00186058972030878,2.02418848872185,753,312,"rec",1,4979.4896819172,"word",0.468750023327893,0.341040159575641,9.45770217338577,812,312,"rec",1,4751.6320715536,100.338609992335,"word",-2.27503063973798,0.383274520281702,5.23351896321401,733,312,"rec",1,4934.61393827044,100.872778595715,"word",-1.21716796198094,0.0681470069102943,5.93725399579853,675,312,"rec",1,5110.07568135022
"313",101.184603614234,"word",-0.564143894877802,0.353899614885449,9.65361409122124,52,313,"rec",1,5197.89969706584,98.7338172518294,100.723501742928,"word",1.33208401042013,0.295416778186336,3.18699299125001,321,313,"rec",1,5007.0183837239,"word",0.273802471677297,0.447790764039382,2.60576182976365,750,313,"rec",1,5255.69766507553,99.2724769506954,"word",0.133700339977665,0.965876042610034,9.1917505976744,740,313,"rec",1,5031.30066721785,100.98025350681,"word",-0.522825964503106,0.332555236993358,3.73099218122661,320,313,"rec",1,5201.48317839121
"314",100.446467744571,"word",0.903667832599173,0.220271409256384,9.57694957731292,884,314,"rec",1,4951.19907210664,99.581812795862,101.357482486335,"word",0.204528895678675,0.976819822564721,8.90275121899322,353,314,"rec",1,4920.5324664806,"word",-0.531935885215229,0.786135442089289,6.20902934810147,132,314,"rec",1,5008.44736294508,100.68325973998,"word",1.00034071712398,0.446073599858209,0.680066626518965,208,314,"rec",1,4640.02055682248,100.412622536986,"word",1.17071995532259,0.968866561539471,0.770994443446398,122,314,"rec",1,5059.38769990239
"315",100.2048169264,"word",0.0213041565042111,0.416854087496176,3.89342418406159,319,315,"rec",1,4767.07792094842,100.090667190879,100.389930871083,"word",0.332579701376634,0.0527812000364065,0.294993054121733,909,315,"rec",1,5030.30154920138,"word",-0.0302309923754286,0.0273363126907498,7.2591777308844,494,315,"rec",1,4630.17729164857,101.281681891907,"word",-1.36376094057106,0.977290828479454,0.84952991688624,578,315,"rec",1,4884.09168548986,98.2115166716558,"word",-1.01743192820023,0.466456051217392,5.5884054931812,565,315,"rec",1,5047.97771016164
"316",101.243327166355,"word",0.0722394141810601,0.684903597924858,1.4360326109454,56,316,"rec",1,5191.53688126268,101.007136637233,99.3682530706625,"word",0.152590358251195,0.443967434810475,8.64152026129887,850,316,"rec",1,5062.39417901024,"word",0.437306846070022,0.478039269335568,4.08964514965191,936,316,"rec",1,5086.90320825571,98.8692520261469,"word",0.355764524124884,0.397044523851946,8.0352715193294,208,316,"rec",1,4995.75972793488,100.752570613681,"word",-0.146475325468179,0.312869576038793,8.40973172569647,85,316,"rec",1,5179.33897992176
"317",99.7164216749577,"word",0.531526912417517,0.865517598809674,5.27268828358501,699,317,"rec",1,4783.90816153443,98.9414749626433,99.7363870655466,"word",0.83812137219075,0.546285324031487,1.98099916568026,893,317,"rec",1,5077.83829329652,"word",0.786262978399768,0.889642015332356,7.22748399013653,64,317,"rec",1,5336.1560124365,99.6941802913623,"word",2.36713015426039,0.65704085980542,1.75225789658725,324,317,"rec",1,5150.18932830492,100.034989525396,"word",0.869936224830145,0.304846705403179,4.33067409554496,958,317,"rec",1,5207.77576056645
"318",98.3943961816294,"word",0.320996967376972,0.186807373538613,7.45267669204623,663,318,"rec",1,5232.02864387803,98.5497358266106,99.6580657095115,"word",0.303654720526054,0.288047104375437,1.5260324254632,958,318,"rec",1,4873.83296385751,"word",-0.574657607627908,0.860126284416765,1.37443939456716,13,318,"rec",1,4894.82579741556,101.050891856912,"word",0.211715363904345,0.572379957418889,9.75504335016012,702,318,"rec",1,5028.81664348747,100.300376040421,"word",1.69106513785863,0.475127472309396,3.14817504957318,389,318,"rec",1,5292.99155760038
"319",100.634274270811,"word",-0.377050730813229,0.550795964663848,0.80632139230147,535,319,"rec",1,5130.65934556271,99.1161238355311,100.4734576472,"word",0.681811603028751,0.342492546653375,6.86118507292122,223,319,"rec",1,5096.65028514089,"word",1.04643514696478,0.0480206282809377,4.83954562805593,636,319,"rec",1,4712.1171529601,101.647125290898,"word",0.530716838030515,0.932480966672301,9.52363846125081,609,319,"rec",1,5472.08915855411,100.844511287921,"word",0.0516913635252945,0.721025345381349,7.44590595364571,259,319,"rec",1,4991.63411578959
"320",100.171501887908,"word",-0.348971909969335,0.276854517869651,7.82332637347281,308,320,"rec",1,4968.61440073354,100.11295463133,101.473171394655,"word",-0.288430204028027,0.847178364172578,0.852435724809766,646,320,"rec",1,4805.49980015946,"word",0.405705972627283,0.95160207990557,7.10244794841856,17,320,"rec",1,5159.10353662271,100.66380275611,"word",-0.864522230763651,0.686147829983383,6.9331641937606,57,320,"rec",1,5053.26367559605,100.40153238998,"word",0.784181192726908,0.203490597428754,7.26774619426578,748,320,"rec",1,4805.41915570131
"321",99.6067822547226,"word",-0.829757530351888,0.840502192033455,1.32154592545703,191,321,"rec",1,5244.41559408311,100.485650314836,101.208770247974,"word",-0.269776596271933,0.118049258366227,6.33024819660932,806,321,"rec",1,4642.67528145721,"word",-0.590483435403264,0.37807978130877,1.2639764091,553,321,"rec",1,4922.30131806329,99.6567296553305,"word",0.972030261118154,0.463494434952736,3.56301178690046,657,321,"rec",1,5086.62200075261,98.8564260640236,"word",0.0025423474401566,0.373135813744739,9.43285514134914,696,321,"rec",1,5045.35271505957
"322",98.8634672367795,"word",-0.146720719258377,0.824243151117116,2.43990648305044,877,322,"rec",1,4838.4919556369,101.917144281847,101.048192001976,"word",1.789157737843,0.451551226433367,7.97720904462039,183,322,"rec",1,5129.11147541589,"word",-0.780301833521492,0.54486747039482,9.53540375921875,223,322,"rec",1,5061.87690888351,101.225487311291,"word",-1.19546109666562,0.245128018548712,4.39423027215526,535,322,"rec",1,4992.54286881711,99.2510576148603,"word",-0.433447745880418,0.409452794818208,3.03717822767794,116,322,"rec",1,4822.42762865511
"323",100.322161044605,"word",0.82018118718302,0.373090775217861,6.2771319760941,711,323,"rec",1,4941.27417704716,100.220599774854,101.174424682836,"word",-0.107711206284295,0.46891489578411,9.98231965117157,861,323,"rec",1,5173.93179953578,"word",-0.818630705280309,0.264022073475644,1.04880465194583,493,323,"rec",1,4946.18224391666,100.700874704551,"word",-0.0282513417718973,0.35986433015205,2.29499974753708,659,323,"rec",1,5030.49793705423,99.4776870785552,"word",-1.32134161694868,0.060640336945653,1.04152513667941,432,323,"rec",1,5097.84421194467
"324",100.320829155028,"word",-0.382101398750749,0.993313862243667,8.32096226047724,40,324,"rec",1,5080.18967389346,98.0523477922113,100.641775666147,"word",0.244039149118022,0.817310607759282,7.87608260521665,800,324,"rec",1,4860.71540915265,"word",-2.90208918319488,0.780296010198072,8.3453704835847,581,324,"rec",1,5396.78317297895,100.348014463457,"word",0.847081994595987,0.785662677371874,4.09707107581198,698,324,"rec",1,4924.99728670993,99.5851094224348,"word",0.902732632731257,0.975885578431189,8.65353821311146,812,324,"rec",1,4652.71497806833
"325",99.5536014616831,"word",-0.449597218798778,0.416664008051157,4.16356303961948,423,325,"rec",1,5060.6545352489,99.9249177713679,99.0275363152784,"word",-0.967390553226499,0.159273961093277,0.265226834453642,401,325,"rec",1,5317.21555905296,"word",-0.624295531891165,0.40866494900547,5.6955037266016,105,325,"rec",1,5287.33679057569,100.726730115063,"word",0.697268035574841,0.395264997379854,9.00322741596028,249,325,"rec",1,4989.70355281442,100.105313652346,"word",-0.557572013720909,0.133036072831601,2.29866268578917,679,325,"rec",1,5139.63073322435
"326",100.283428360021,"word",0.602884730862551,0.137546707876027,2.89095679763705,381,326,"rec",1,4933.65943934547,100.241707749984,100.118866273397,"word",-2.69734610013597,0.387632247060537,8.43025701586157,443,326,"rec",1,4634.52697261697,"word",1.03868611623371,0.325690926285461,4.50233607785776,813,326,"rec",1,4688.28273073009,100.565873480128,"word",1.22588848804871,0.0902606283780187,0.524920113384724,128,326,"rec",1,4979.43492978769,98.921016653017,"word",-0.94781719018468,0.150779455900192,7.82272606156766,537,326,"rec",1,4788.1549885733
"327",100.397956344323,"word",-0.212337479553656,0.962760913185775,7.53306090598926,222,327,"rec",1,5139.01631260494,98.7792843965442,98.6238242238072,"word",0.197238597399887,0.483654437819496,2.56209601880983,592,327,"rec",1,5070.62938691591,"word",0.455986230963441,0.228702624561265,1.82185131590813,590,327,"rec",1,4638.71907806515,101.031947860338,"word",0.397405617505669,0.296432130038738,4.38085442408919,85,327,"rec",1,4713.02986128898,100.589770780196,"word",1.88978173603737,0.0414239666424692,5.61705101979896,678,327,"rec",1,5163.7525548027
"328",99.1331715807982,"word",0.535056091084048,0.40046892920509,2.89822517661378,17,328,"rec",1,4866.23546035205,98.757889853629,99.6760719738234,"word",1.05241375219174,0.57609779224731,7.25692405831069,227,328,"rec",1,5043.28134145534,"word",0.183475588055188,0.978102413471788,5.98951498745009,999,328,"rec",1,5146.91714391526,99.0803501742178,"word",-0.163204578982208,0.515153805725276,9.32907935930416,76,328,"rec",1,4904.26452437854,100.663111797052,"word",1.64880241177312,0.0195592106319964,0.0194014539010823,157,328,"rec",1,4992.7249392226
"329",100.522426385616,"word",-1.28463647338505,0.650034580612555,6.39263786608353,963,329,"rec",1,5289.02353338758,99.3803040204042,100.200302536675,"word",-0.996826814592536,0.618568979203701,2.77411743765697,770,329,"rec",1,5234.62595109337,"word",-0.467882277089291,0.453666005749255,7.96455533709377,300,329,"rec",1,5030.06317702575,99.8070564830572,"word",0.462914063529676,0.192986964713782,7.78897137613967,628,329,"rec",1,5194.07715233657,100.964733372044,"word",0.0548940499492273,0.958550428505987,7.39765275502577,743,329,"rec",1,4887.26803338617
"330",98.4826017649807,"word",0.766072693647519,0.163887914735824,6.92579068709165,366,330,"rec",1,5303.77625202922,101.009688321787,99.1880087910754,"word",0.717555017280844,0.11081015272066,1.37157884659246,391,330,"rec",1,5112.49249727279,"word",-0.177953555791761,0.609295822679996,5.23165722610429,50,330,"rec",1,4489.0469584069,99.2974752432562,"word",-1.09449908476436,0.97409833362326,3.39280788088217,470,330,"rec",1,5134.29621877067,99.4315509219112,"word",0.16380067420129,0.132231211289763,5.92505460139364,195,330,"rec",1,4858.31263250041
"331",99.6276891221536,"word",-1.04843971819353,0.708392314147204,8.8826140249148,963,331,"rec",1,4450.77048392419,100.535005453421,99.5125241935348,"word",-0.688340211041779,0.966337353456765,2.33787481673062,937,331,"rec",1,5417.11045741341,"word",0.432445137316162,0.506452761823311,8.33903939463198,902,331,"rec",1,5111.5129205699,99.7404696506744,"word",1.16598972676305,0.168766516726464,3.87138505233452,756,331,"rec",1,5272.91929098948,100.436375923456,"word",0.711986582173845,0.95084649277851,3.85708065936342,409,331,"rec",1,4987.07317158502
"332",99.6196850695442,"word",0.663632326300236,0.0554340071976185,8.90827981522307,552,332,"rec",1,5124.01874138237,98.03756142717,101.026482377936,"word",0.157865827356157,0.147658523637801,3.04313289932907,250,332,"rec",1,4836.36433190145,"word",-0.268786458120222,0.699406278319657,4.42702662665397,407,332,"rec",1,5175.09617794016,99.8652693954855,"word",0.474086464668451,0.593641447136179,5.81329489359632,390,332,"rec",1,5166.91169354695,101.876742009637,"word",-0.94399842309394,0.62765576527454,6.65317774983123,460,332,"rec",1,4828.17956792945
"333",99.589505084587,"word",-1.43149225137786,0.219263639999554,5.17848249292001,740,333,"rec",1,4701.3676347529,102.183546410294,102.405451434837,"word",-0.16451511338096,0.0432065695058554,3.83866857271641,987,333,"rec",1,4949.69000086327,"word",0.540228901083466,0.342357789399102,5.45596960699186,39,333,"rec",1,5107.12994011677,100.415394253281,"word",1.35649364468688,0.570262619527057,2.73346572881564,874,333,"rec",1,4877.04123989945,98.6972601620144,"word",1.76474479756025,0.375886155525222,2.67220931826159,668,333,"rec",1,4769.07235175137
"334",99.6939775113393,"word",-0.225565493819787,0.110799759859219,2.03152909409255,304,334,"rec",1,5152.99091724859,100.660166671339,100.909814363236,"word",0.85724196465698,0.751473607728258,4.99735515331849,897,334,"rec",1,4783.655780724,"word",-0.307596774751647,0.901589905144647,4.81937163742259,529,334,"rec",1,5047.57398336123,98.2989266417894,"word",1.26101826041237,0.155872297240421,0.460223511327058,996,334,"rec",1,4737.6683654004,99.904666345752,"word",-0.926263042811995,0.651169300777838,7.42068946128711,701,334,"rec",1,4676.26682078987
"335",100.203634828269,"word",-1.50829339154979,0.604968807194382,4.92301248479635,451,335,"rec",1,4865.90674490968,99.4141776578214,97.9668320438543,"word",1.43319360786191,0.424063696758822,2.48461198527366,32,335,"rec",1,5202.87895092209,"word",-0.41866679108775,0.852305988548324,0.720339389517903,754,335,"rec",1,5298.18776333727,99.7917516311202,"word",0.621479541627392,0.685234806733206,9.70573777565733,188,335,"rec",1,5150.03054459404,97.9031380012239,"word",0.661430183603393,0.297418349888176,0.653284611180425,387,335,"rec",1,4998.44233821784
"336",100.400962647043,"word",-0.199949947841219,0.123523101909086,1.58508265623823,119,336,"rec",1,5475.11645559531,100.768732621683,98.9870541558725,"word",-0.715125113673967,0.0723951172549278,4.48854422429577,612,336,"rec",1,4863.28679550111,"word",-1.25900229525817,0.214248959440738,8.70696768164635,258,336,"rec",1,4966.34369236896,98.5802387394937,"word",-0.0319629353487669,0.718998921336606,1.29461783682927,305,336,"rec",1,5096.807852238,99.9818987040478,"word",0.376789064955814,0.36950601846911,3.88135781744495,189,336,"rec",1,5169.32619609669
"337",97.7727376840194,"word",0.50313981742407,0.688507304759696,4.18550614267588,78,337,"rec",1,4831.50900385683,99.5721423823842,98.2780887120782,"word",-0.218199953466746,0.370677824597806,0.923647528979927,982,337,"rec",1,4939.77995108608,"word",-0.282053538973745,0.71803782437928,4.40097752492875,155,337,"rec",1,5211.43401547217,99.3448385643093,"word",0.332374986449923,0.25770205934532,7.6023365650326,435,337,"rec",1,4629.13321984435,98.8860045910557,"word",-0.541087863037241,0.88338539772667,0.9277129243128,184,337,"rec",1,4929.36742003037
"338",97.883696064488,"word",0.921273328604745,0.543901596451178,5.80048409523442,553,338,"rec",1,4991.25086748671,100.998057351811,101.857489244678,"word",0.329990133523833,0.929756693774834,9.27889773389325,801,338,"rec",1,5458.541629061,"word",0.268843671504759,0.939155907137319,3.0582849890925,193,338,"rec",1,5096.52119165074,99.7617441503651,"word",-1.62159434582382,0.851576005807146,0.209879854228348,878,338,"rec",1,4992.91636783092,99.4973820873341,"word",-1.10009564951121,0.795598767930642,7.271761179436,638,338,"rec",1,5316.7363023906
"339",101.876726997693,"word",-0.348252079035827,0.773654828080907,6.47155731450766,363,339,"rec",1,5196.92064963228,99.9504662576132,99.1984642568989,"word",2.46930804815293,0.0680340800900012,0.0177915720269084,503,339,"rec",1,5278.81173501991,"word",-0.307853905122602,0.731648794841021,3.8782612606883,964,339,"rec",1,4916.79024736057,102.742939882974,"word",0.415029806585594,0.658495536074042,3.99920528754592,116,339,"rec",1,5069.29108919266,100.611251687172,"word",1.5029738098187,0.94670258462429,6.74053549068049,674,339,"rec",1,4785.02927861425
"340",100.387813512569,"word",-0.669116117740631,0.593635078286752,4.97677182778716,149,340,"rec",1,5034.94044680223,99.0528498227704,100.010109043626,"word",-0.325788562482253,0.061182051198557,6.20273745851591,173,340,"rec",1,4864.81755741606,"word",-0.0230363632596141,0.183121230918914,3.21482860483229,478,340,"rec",1,5050.33469869953,99.7589144953466,"word",1.06664022387057,0.180853382917121,8.08862750418484,660,340,"rec",1,5031.11707633658,100.556656563692,"word",1.29454803121884,0.40165096684359,6.03954654885456,811,340,"rec",1,4975.22055255773
"341",100.273979851112,"word",1.5062359673824,0.903842108557001,0.424520238302648,777,341,"rec",1,5031.6716563787,100.539815516771,100.533325721118,"word",1.90321548021578,0.504568563308567,4.03894160874188,740,341,"rec",1,5263.12002854744,"word",-2.10222753987738,0.727719798916951,0.00680830562487245,149,341,"rec",1,5222.35580601902,99.4696374313076,"word",-1.63791700201979,0.214105117600411,2.79095642734319,264,341,"rec",1,5223.73258332432,98.588854444132,"word",-0.0466608205452065,0.689083272125572,5.2006181771867,689,341,"rec",1,5159.1099420998
"342",99.1187974232614,"word",-0.456445036025407,0.153720346046612,0.29888866469264,771,342,"rec",1,5080.27000996522,98.585590903362,100.021577657336,"word",-0.914575878671034,0.668114948784932,7.97292347066104,508,342,"rec",1,5083.10854828188,"word",0.665312567741425,0.405905928229913,7.53745394991711,245,342,"rec",1,5182.34970126789,101.003699976056,"word",1.42357023027097,0.899103806121275,6.10045577632263,506,342,"rec",1,5023.5305520556,100.542343881588,"word",1.41385022776744,0.975727384677157,7.8528053406626,797,342,"rec",1,5184.25961901721
"343",101.18131484754,"word",-0.804740829097842,0.798293656436726,2.70759186707437,718,343,"rec",1,4893.65915944778,100.374531598075,100.086203980643,"word",1.09496036993938,0.848125311546028,6.38116570422426,710,343,"rec",1,5067.32838305987,"word",-1.37435488952155,0.532230192329735,3.42081066453829,679,343,"rec",1,5510.20890292782,98.7590229379393,"word",0.477276335156192,0.429442568682134,3.26672752154991,762,343,"rec",1,4753.08125861823,99.3389606929024,"word",-0.791632883573142,0.550744251580909,0.720323915593326,294,343,"rec",1,4660.59738173264
"344",100.225587990614,"word",1.58168052788728,0.2776985228993,7.77861636132002,516,344,"rec",1,5101.1553401375,99.1890313215784,100.760171091257,"word",-0.827142506623651,0.472379592247307,2.14353153947741,419,344,"rec",1,4988.10002270775,"word",-1.15966080849493,0.677874676883221,0.493179757613689,539,344,"rec",1,5076.05766411612,100.192497879396,"word",0.0607952590622849,0.562429932877421,6.93543224129826,374,344,"rec",1,5139.4187863876,98.1388234312664,"word",0.488946122416583,0.576893432764336,3.71227537281811,419,344,"rec",1,5032.6905114274
"345",100.938709179422,"word",0.676744614546309,0.668961108196527,5.80230827443302,239,345,"rec",1,4796.12465850657,99.8167954775925,100.572946140516,"word",-0.541272383569309,0.77906123525463,6.62655725842342,660,345,"rec",1,5047.00945778379,"word",-0.650090648081489,0.51038157963194,4.1951916506514,105,345,"rec",1,5281.74675229407,100.308179469674,"word",0.938053744525502,0.106810385128483,4.53416937030852,509,345,"rec",1,4847.30536233221,101.404966715856,"word",-0.266036334118419,0.424950344255194,3.08234807802364,899,345,"rec",1,5181.4956599274
"346",99.6429214082176,"word",-0.593453160475669,0.45581606333144,6.33835879387334,962,346,"rec",1,5004.39333283292,99.5525586616661,100.719679565194,"word",-0.103213056184879,0.0736790059600025,5.47856209333986,658,346,"rec",1,5144.52654908796,"word",0.00438445234818594,0.403724605683237,4.07893936848268,477,346,"rec",1,4796.77272376164,100.500801660291,"word",0.164768059420355,0.472217903006822,4.79934103786945,571,346,"rec",1,4903.18393423285,100.456607748115,"word",-0.584919990814817,0.563217213843018,5.77754121506587,8,346,"rec",1,4980.85351373654
"347",99.7883774210516,"word",2.41088699418158,0.595031130360439,9.25809777574614,884,347,"rec",1,5019.70773579983,100.71805652681,99.6705183661195,"word",1.81709265810442,0.278128957143053,2.5623178947717,183,347,"rec",1,4832.00288443072,"word",-1.39973016768538,0.265776509651914,7.10575209930539,181,347,"rec",1,5093.80195482215,100.896714255746,"word",-0.83187419262318,0.529898244421929,5.30281005194411,144,347,"rec",1,5107.4150820095,102.236865092113,"word",-0.362817023163917,0.064752267440781,1.1820087954402,12,347,"rec",1,5240.60355883408
"348",100.587081750244,"word",1.79365863334125,0.300766601227224,6.04505811817944,659,348,"rec",1,5125.45772419466,102.064396978878,99.0041823122418,"word",0.449995681854606,0.377116658957675,4.31272778427228,880,348,"rec",1,5070.17678139285,"word",0.639017984723279,0.172688159393147,9.60427799262106,514,348,"rec",1,5078.9012789771,101.118574182818,"word",0.849727452577554,0.109518273500726,3.75533689046279,749,348,"rec",1,4775.00063894653,100.216324896182,"word",-2.41413805088277,0.927570769563317,2.77863577241078,465,348,"rec",1,5184.59382199069
"349",99.3948762122495,"word",2.45572791080189,0.818283455679193,8.22375030023977,306,349,"rec",1,4769.12240931241,99.8452673174646,99.1075184737457,"word",-0.586196449994257,0.845006477786228,1.7406338523142,399,349,"rec",1,4893.57652292298,"word",0.601652952892006,0.748499039327726,1.84680789476261,324,349,"rec",1,5371.62761225133,99.9574030749508,"word",0.514933293005861,0.795567388413474,0.591184194199741,496,349,"rec",1,5130.103488034,98.6901197011786,"word",-1.75503148344002,0.681726801907644,8.41575510799885,505,349,"rec",1,5142.4371983409
"350",98.3639557207749,"word",-0.304772496525495,0.41412154212594,3.97358387941495,982,350,"rec",1,4917.45617150858,99.7409356636683,99.4709124007488,"word",-0.344581322212724,0.746070246212184,5.01929683843628,396,350,"rec",1,5013.10831303977,"word",-0.609561891106579,0.201903841923922,3.19573572603986,816,350,"rec",1,4974.41625901184,100.204289002608,"word",0.60206023344991,0.0121451185550541,5.58729090029374,268,350,"rec",1,5081.04668134124,99.5484549847439,"word",-0.843944487715936,0.348089357139543,0.337130101397634,70,350,"rec",1,4991.87693286278
"351",99.4782216440566,"word",-1.15582670718679,0.915958406403661,5.61033400939777,969,351,"rec",1,4673.49369169758,99.2900712758458,99.8626627159098,"word",1.11076100052322,0.0470084908884019,7.57550186244771,609,351,"rec",1,4932.64071822373,"word",1.10966900100692,0.67647090414539,9.85434989444911,843,351,"rec",1,4769.92498345378,101.311621698669,"word",-1.26837191906785,0.902215861482546,1.8786199670285,967,351,"rec",1,4729.7091909564,100.30605295313,"word",0.745807679642244,0.746726649347693,4.3262091698125,508,351,"rec",1,5181.40939244854
"352",100.239082459501,"word",-0.60894642954279,0.00208784244023263,9.91368213668466,838,352,"rec",1,4962.95793623592,99.7345784698624,99.9744674404451,"word",1.03007693738795,0.146968134911731,0.62564174644649,130,352,"rec",1,4563.36239491262,"word",0.00908410730659297,0.12223523366265,0.698851093184203,162,352,"rec",1,5075.60205011046,100.347029237091,"word",-0.539974803271497,0.0250612578820437,9.99784502666444,420,352,"rec",1,4833.88569333891,100.638837006847,"word",-1.11612870977106,0.960190888494253,7.92589296819642,466,352,"rec",1,5350.93157914173
"353",100.031283934045,"word",1.32088588595376,0.0726873509120196,5.29921483481303,214,353,"rec",1,4596.1711237737,99.4813128438983,99.4577522171507,"word",1.49462763222071,0.46579852909781,0.58999928412959,77,353,"rec",1,4696.77540128968,"word",0.307378843943989,0.871506136376411,3.06572657776996,798,353,"rec",1,4881.19808740724,101.330014523763,"word",-0.572376509090353,0.0401047552004457,5.71358084445819,269,353,"rec",1,5151.80769686034,97.6144397060843,"word",-0.768198327958012,0.8675810652785,8.79987002117559,271,353,"rec",1,4613.1160512049
"354",101.016866815574,"word",0.334713078983484,0.0557766200508922,0.864696544595063,102,354,"rec",1,5113.29100121054,101.522860931678,100.544911920344,"word",0.458166776495695,0.414197477512062,9.15319369407371,777,354,"rec",1,5201.03935090487,"word",-1.96087108816292,0.980175595963374,5.58343089651316,310,354,"rec",1,5126.02446720163,100.043425783682,"word",-0.328410841217715,0.902749529574066,2.94171292567626,992,354,"rec",1,4775.73705994439,101.770871587345,"word",-0.421004947878151,0.177058328874409,7.46776672778651,162,354,"rec",1,4815.25813516315
"355",100.506804581969,"word",-0.203284626854146,0.727125549456105,1.3359845825471,446,355,"rec",1,4948.63345664735,98.7286023563284,100.186759288019,"word",-2.02314595454955,0.481974297901616,1.02793221361935,217,355,"rec",1,5011.05999247785,"word",0.657489771348865,0.102995498571545,1.12315864069387,580,355,"rec",1,4841.48937240325,99.8395041612942,"word",-0.497313772784851,0.730670485645533,4.03699769172817,454,355,"rec",1,4972.95248307532,98.4427783394036,"word",0.328536727348054,0.0121246555354446,9.11823006579652,768,355,"rec",1,5224.31639186761
"356",98.4954195589188,"word",-0.822491582188831,0.202265341533348,1.75015827873722,685,356,"rec",1,4917.7912920263,99.175464048352,99.3882329029127,"word",1.37634966287322,0.454208538867533,2.85623701754957,105,356,"rec",1,4967.72073937547,"word",-0.811565335236737,0.747338573914021,4.27098529646173,882,356,"rec",1,4926.48474428027,101.734389192431,"word",-1.39359793277243,0.336697307182476,0.683984952047467,326,356,"rec",1,4722.52838344624,100.128411505732,"word",0.815160585270942,0.346299094613642,2.07470209803432,190,356,"rec",1,4913.04806869494
"357",100.203134187573,"word",0.519448445045502,0.962746552424505,8.41146663296968,683,357,"rec",1,4936.78158927636,101.593332224557,100.807769050141,"word",0.766397556778351,0.810186490882188,0.191146994475275,856,357,"rec",1,4721.27502457565,"word",1.04647924191765,0.308103306917474,1.47499094484374,529,357,"rec",1,5018.61674080178,99.6668737450113,"word",0.279719501027367,0.136601944686845,1.55445504467934,722,357,"rec",1,4701.98793877666,101.4651883104,"word",0.940399290177563,0.0243490512948483,3.44930320745334,526,357,"rec",1,5219.04939245663
"358",98.7863225994499,"word",-0.351969740812267,0.530246481765062,7.2868322674185,941,358,"rec",1,4830.9163552239,99.9312739241042,99.7342872398584,"word",-1.84100670922656,0.927950829500332,0.0309925363399088,715,358,"rec",1,4739.63141186986,"word",1.7574008443644,0.965782584156841,7.78617959469557,437,358,"rec",1,5096.5249357551,100.657077863168,"word",0.382529384882816,0.800787307089195,5.62846621265635,453,358,"rec",1,5118.4715652367,100.88026716741,"word",0.926126280108033,0.278933389345184,5.99777113180608,961,358,"rec",1,4655.4877206099
"359",99.3215764417948,"word",0.190135566947331,0.794411720940843,7.9562717769295,622,359,"rec",1,5418.14366174113,100.603643305866,99.3805970230728,"word",-0.325318343870353,0.775460555683821,9.20101048890501,294,359,"rec",1,5207.64035822306,"word",1.07267552639789,0.305513207102194,8.62182055832818,59,359,"rec",1,4907.1885681252,99.8388916605138,"word",0.628347809753195,0.704999596579,3.36735413875431,478,359,"rec",1,4694.11121407403,99.623773494004,"word",0.841650003012469,0.918759001651779,8.428317415528,503,359,"rec",1,4802.48811253685
"360",102.171670558464,"word",-1.57191647820723,0.826944816159084,3.71248774696141,489,360,"rec",1,4987.54758601913,101.176331559968,100.079946321061,"word",-0.187525915371398,0.102104436373338,3.80478797014803,549,360,"rec",1,4906.30016742068,"word",0.960400599662054,0.18717390508391,9.54343238845468,885,360,"rec",1,5082.58278425786,100.454235966322,"word",0.627692033855932,0.906555590918288,2.53028387669474,924,360,"rec",1,4560.15806634358,99.7642363106109,"word",1.39506372166414,0.547781327506527,5.26099421316758,282,360,"rec",1,5029.69179208259
"361",101.22963739305,"word",1.06105802074914,0.0471910408232361,3.60699486918747,749,361,"rec",1,5135.986424113,100.965425893202,99.0009324461249,"word",0.156559824201497,0.208344818092883,5.04828839562833,308,361,"rec",1,4875.16442604168,"word",-2.04106068058634,0.383046484785154,0.119727014098316,166,361,"rec",1,5104.72340020095,100.162377101589,"word",-0.523289351099793,0.486513423267752,3.80977838300169,461,361,"rec",1,4987.5245217063,99.2852817078181,"word",0.748136303181733,0.511892335489392,2.29911686154082,17,361,"rec",1,5346.60297714484
"362",103.332669948809,"word",1.44982731178189,0.973419623449445,0.076275875326246,902,362,"rec",1,5068.13921021774,98.4300603450178,101.469550588272,"word",-0.604496295928081,0.284448900725693,3.23162752203643,148,362,"rec",1,5208.03187881329,"word",0.171068134669063,0.282581070438027,8.27175964368507,880,362,"rec",1,4914.63468707632,99.5061695226494,"word",-0.0359453469887668,0.708453624276444,5.63884116942063,24,362,"rec",1,5221.99806228261,98.9761906253024,"word",-1.23779288709013,0.596333521651104,6.00157132605091,152,362,"rec",1,4903.60171997264
"363",99.8741114091463,"word",0.630663684968198,0.0554649156983942,4.7244815970771,812,363,"rec",1,5125.6072352704,97.4309807466639,100.941824094164,"word",-0.316330968886039,0.524192482931539,7.62841013725847,117,363,"rec",1,5113.81683780614,"word",-0.176349403289907,0.397874158341438,0.551716880872846,851,363,"rec",1,5041.92921340021,99.9660919774118,"word",1.05585937871915,0.421514516230673,0.826101403217763,649,363,"rec",1,5210.98423294829,100.822653269597,"word",-0.106905073870223,0.401803458109498,6.23745565768331,746,363,"rec",1,4836.9122804129
"364",101.194458697225,"word",-0.745757068526209,0.416031928500161,5.4575379868038,388,364,"rec",1,5138.84329284748,100.326676255013,98.5915076339597,"word",-0.253446857731139,0.843775374116376,2.48710216023028,970,364,"rec",1,4893.04653166061,"word",-1.09545591531374,0.561962919775397,9.93715630145743,452,364,"rec",1,4976.70518929378,99.9370975032876,"word",-1.8100897040423,0.563641871325672,4.94944931939244,163,364,"rec",1,5135.53203012813,101.317279325146,"word",0.648465380269411,0.255833194823936,3.85128780500963,319,364,"rec",1,4952.7498616292
"365",98.0216539422841,"word",0.385089111678554,0.953244044445455,5.25645497720689,665,365,"rec",1,5061.66690278585,101.245659581653,99.4739169898598,"word",0.392957777761485,0.751759185455739,9.11784581141546,834,365,"rec",1,4972.74430602503,"word",1.35940249015614,0.658885639859363,4.04095935402438,583,365,"rec",1,5174.21794274205,100.220787473349,"word",-0.459721349133258,0.60087548289448,1.275941694621,645,365,"rec",1,4845.40582574256,99.1220053784433,"word",-0.303389789162251,0.196055311942473,8.52666682098061,726,365,"rec",1,4914.8271498368
"366",101.184381905455,"word",0.0440400421833312,0.347727264743298,8.04126787930727,578,366,"rec",1,5084.86081180194,99.2528557115886,100.189794776299,"word",2.5915760520315,0.04091781610623,5.75293839443475,351,366,"rec",1,4924.14720846129,"word",0.252626740257762,0.0172197171486914,8.69943856494501,179,366,"rec",1,4695.55816522519,101.476984829691,"word",-0.0256469871114876,0.195131103042513,0.540440808981657,357,366,"rec",1,4917.8848791096,98.6470937403371,"word",-0.0890138518060686,0.0433264700695872,8.20300587685779,716,366,"rec",1,5095.39586759839
"367",100.510610135152,"word",0.836229473795593,0.827819413272664,3.39813129510731,612,367,"rec",1,4946.29163047459,101.919024415218,101.353858884406,"word",0.166339088647775,0.632689744234085,3.58926811721176,298,367,"rec",1,5089.10385883984,"word",-1.1973455625643,0.631514073815197,3.67559709353372,132,367,"rec",1,5092.56228666816,99.8467901511249,"word",1.24504636612467,0.443502081092447,5.37774858530611,328,367,"rec",1,5014.35866732556,101.194546825975,"word",-0.245642435567608,0.630695496452972,8.72645335737616,611,367,"rec",1,5253.11039592217
"368",100.418582962643,"word",1.53427105116335,0.926486464450136,9.37181127723306,968,368,"rec",1,5127.04869107222,100.144337521547,98.8212664075905,"word",0.239153246926902,0.043995606014505,8.38498879922554,485,368,"rec",1,4960.24286267517,"word",-1.47876873005832,0.753115628147498,1.82231573853642,733,368,"rec",1,4834.48875964603,100.247214541693,"word",-0.296710753435614,0.949891052208841,7.25311586633325,484,368,"rec",1,5229.43891100725,100.7598852252,"word",0.117039938510672,0.889838773757219,5.95181338721886,428,368,"rec",1,4928.24219742739
"369",99.5421123103691,"word",-0.174108693198496,0.142171777086332,0.553672313690186,571,369,"rec",1,4824.85401190879,98.8869069048715,98.0635244501867,"word",-0.030993661021464,0.578719976358116,6.49577309377491,963,369,"rec",1,5023.11985541266,"word",-0.65592553838485,0.96825127536431,2.96858797315508,739,369,"rec",1,5161.34913787417,99.5820663774866,"word",0.132062559717678,0.113699248060584,8.98398684104905,568,369,"rec",1,5165.04171238417,98.9810581209042,"word",1.58981957311628,0.955118819372728,7.28043658891693,240,369,"rec",1,4688.9423273019
"370",99.4897785066382,"word",-1.87212161169203,0.552140362560749,8.59641694230959,248,370,"rec",1,4900.67549488465,98.8338086757939,99.7338426891121,"word",-1.2284900837473,0.30345786199905,0.0942970835603774,435,370,"rec",1,4855.62468318565,"word",-0.476766855882086,0.695528028765693,6.89698789734393,9,370,"rec",1,5036.36018272656,100.311361649395,"word",-0.627250387469463,0.038989586988464,1.91926985047758,647,370,"rec",1,4812.23706343565,100.890463756424,"word",1.43385674006317,0.250702247256413,2.97562133986503,777,370,"rec",1,5067.84795943398
"371",99.0701378212398,"word",-0.0925973102366464,0.455159364501014,0.0728084589354694,584,371,"rec",1,5393.35029006495,99.7860117153323,101.185318649178,"word",-0.411392633155243,0.0724903082009405,1.02311269612983,506,371,"rec",1,5003.22219555865,"word",-0.604821948542676,0.202875939197838,3.8613449037075,765,371,"rec",1,5193.83474022784,99.8331914178774,"word",-0.617796816927037,0.571874490473419,3.04690557997674,80,371,"rec",1,4871.07987173136,99.9829755310207,"word",0.821419340062355,0.751961084315553,0.707181105390191,46,371,"rec",1,4792.63068855776
"372",100.502369995584,"word",1.41869271918928,0.849720616824925,3.53489161701873,629,372,"rec",1,5296.55319154294,99.5029240349034,99.1013189469397,"word",-0.133581602913127,0.200019966810942,8.47823569783941,603,372,"rec",1,4663.6074711632,"word",0.329824962505834,0.315150956623256,9.51032384997234,37,372,"rec",1,5039.06302772809,100.20177107983,"word",-0.466031749361445,0.440139907645062,4.82311937725171,436,372,"rec",1,4576.56244768954,97.464958785766,"word",0.356989153861787,0.311935625504702,1.42459089402109,579,372,"rec",1,5159.62545429161
"373",100.159513589807,"word",-0.858179960913842,0.762407820671797,0.267823431640863,580,373,"rec",1,5141.81660369051,101.240233107515,102.716379208505,"word",2.18431813139855,0.665941695449874,5.75249489629641,5,373,"rec",1,5309.46347616027,"word",-0.419434436278944,0.307545197196305,6.79335167398676,46,373,"rec",1,4823.46683330878,98.3143448347254,"word",0.186623932432042,0.36163590522483,4.43544711219147,152,373,"rec",1,5120.53231637527,101.760802400442,"word",1.22600156761824,0.148813511943445,0.910247089341283,521,373,"rec",1,4910.29214716077
"374",99.0928274650521,"word",-0.393066485961601,0.0911129035521299,4.18073718668893,618,374,"rec",1,4766.82003253243,100.816789313929,100.001449009473,"word",-0.799668508811483,0.960089849075302,2.43205667240545,366,374,"rec",1,5002.06548364776,"word",0.807364991381237,0.613200304331258,1.92301335511729,476,374,"rec",1,5016.22086322903,100.926128029105,"word",-0.273792491661283,0.31847214163281,1.61365947686136,943,374,"rec",1,5252.16107880798,99.712024412487,"word",0.251138110199773,0.979530374286696,9.94211340555921,932,374,"rec",1,4905.90788012195
"375",99.5081069799053,"word",0.593712906091819,0.354776261840016,7.8716700617224,820,375,"rec",1,5110.10337753089,98.9225477896405,100.24820551635,"word",0.18654808835255,0.818947649560869,5.91384074417874,670,375,"rec",1,5325.33099806147,"word",0.770171075497157,0.686805950477719,0.313485383521765,820,375,"rec",1,4802.39994626432,100.1227726043,"word",2.22476026515524,0.129442588193342,5.67799020791426,935,375,"rec",1,4876.31797590576,100.166833081918,"word",-2.0038901449203,0.189240622567013,1.57778759021312,354,375,"rec",1,4972.77811212045
"376",102.563844015483,"word",0.263788394073045,0.000975987408310175,2.66619359375909,481,376,"rec",1,4636.51826949183,99.9741587723194,99.8393542814786,"word",0.997213971615081,0.735379033721983,1.63708198349923,121,376,"rec",1,4832.53585529407,"word",-0.327628034934077,0.682473816908896,6.50539478985593,438,376,"rec",1,4823.99911884029,99.9467309349313,"word",-2.2292620247592,0.968055450124666,3.91382929868996,550,376,"rec",1,4916.57737234142,100.282419826245,"word",1.32841793837459,0.616747103398666,6.76633306080475,17,376,"rec",1,5080.67716328031
"377",102.268482346834,"word",1.1015165381315,0.462538779014722,9.57034300779924,377,377,"rec",1,4912.87318008504,100.161141392103,99.4721843479824,"word",-1.71308671897399,0.347175900824368,0.278041223064065,841,377,"rec",1,4884.81329453665,"word",0.894610898063489,0.639936374500394,4.78568396065384,694,377,"rec",1,5323.13402733929,101.353081115493,"word",-0.560115446065254,0.65727734961547,7.78702629264444,668,377,"rec",1,4978.42816335621,98.289981594339,"word",-0.269459576827806,0.565810427535325,0.733479023911059,286,377,"rec",1,4972.87476753816
"378",100.873131730817,"word",0.529780402474237,0.23344596917741,8.27566085848957,851,378,"rec",1,4961.16910398885,100.683455007347,100.336728702339,"word",1.65559951641239,0.725230665644631,8.01147170364857,334,378,"rec",1,5673.27368259469,"word",-0.708915464928487,0.532122283941135,6.90191430971026,388,378,"rec",1,5112.17591034987,98.9973081222052,"word",-0.732900462812897,0.702187729766592,5.12478006072342,771,378,"rec",1,5226.0274524359,99.5288379019074,"word",0.776424492889775,0.843273160979152,2.51748817041516,253,378,"rec",1,5024.47150680465
"379",100.301939989044,"word",-1.56908375698764,0.0317824250087142,7.33918397687376,712,379,"rec",1,4860.60049323153,100.601317041061,99.0320661910355,"word",0.84100367330726,0.541923597222194,0.00664427643641829,590,379,"rec",1,5048.34074703028,"word",-1.89339701903171,0.40692740958184,6.21285442262888,19,379,"rec",1,5271.91392611327,100.989854619604,"word",0.587119664555435,0.14576059114188,9.98545240610838,446,379,"rec",1,4877.39448649718,102.280943305296,"word",0.0230380246035406,0.697230227990076,6.65802566101775,77,379,"rec",1,5054.17985801571
"380",99.8334966457415,"word",0.37774909140857,0.287414420861751,8.15537777962163,777,380,"rec",1,4897.14149163903,99.8465046446078,100.449491456794,"word",0.380914164881657,0.569329818710685,9.48411140358075,600,380,"rec",1,5036.17338255974,"word",-0.838605822722958,0.175890619633719,3.45765409991145,554,380,"rec",1,5297.44467082429,99.639250905664,"word",-1.33562764938287,0.748604708118364,8.81810137070715,819,380,"rec",1,5194.28839113617,97.8564785513098,"word",1.18330559404973,0.0837198367808014,9.10647977842018,553,380,"rec",1,5495.81192168131
"381",101.649244414516,"word",-0.189038356876818,0.0776763565372676,7.53606982761994,248,381,"rec",1,5124.26472353286,98.6510111444599,98.584904964166,"word",2.28741761342459,0.499475126620382,9.03579472564161,164,381,"rec",1,5280.70352406363,"word",0.89159351272637,0.592517421580851,1.79436172125861,634,381,"rec",1,5295.10188205277,99.2272002339734,"word",0.216149689278631,0.962234073318541,9.87991512287408,558,381,"rec",1,5002.00168710922,103.012107614586,"word",0.27727910759108,0.746547462185845,5.83702581003308,617,381,"rec",1,5145.7255906062
"382",101.030076064293,"word",-1.29641653135244,0.438641784712672,4.04983399668708,750,382,"rec",1,4998.69918681931,100.392978145844,99.8419786235518,"word",0.478432614160831,0.287277221679688,2.11914888583124,166,382,"rec",1,4965.39113891865,"word",-0.0676821985432718,0.762166707776487,2.79234869638458,436,382,"rec",1,4644.72115074684,99.857768214466,"word",-1.89166559532827,0.49319226667285,5.29281779658049,260,382,"rec",1,5009.36571915219,101.982475827956,"word",-1.59941496327769,0.855617994442582,9.30906310211867,464,382,"rec",1,5253.67917739465
"383",97.040652222951,"word",-1.39523334446438,0.80882410495542,6.69076945167035,669,383,"rec",1,5233.5649125706,98.4716466187463,100.070770303048,"word",-1.83458344931662,0.956436309963465,8.8503056881018,779,383,"rec",1,4708.81886593244,"word",0.528518495393489,0.150119750294834,4.24923456739634,394,383,"rec",1,5074.02611210375,99.5410722436204,"word",-0.959424467550387,0.978169537615031,8.75542199006304,456,383,"rec",1,4672.27308108164,99.1622163799701,"word",1.19328426565667,0.965544856386259,6.12487938487902,890,383,"rec",1,4880.63261662679
"384",101.457429247163,"word",0.281155046388662,0.151266183471307,3.73728649225086,866,384,"rec",1,4643.75599118777,100.064153579207,99.6100824915255,"word",0.0195919130299329,0.650683524552733,7.90952925337479,780,384,"rec",1,5241.6166316105,"word",1.25536242741351,0.0407953662797809,8.52754981955513,377,384,"rec",1,5051.30924831783,97.4585659292626,"word",-0.161003107010894,0.0609246043022722,3.30249912571162,13,384,"rec",1,4864.97226701894,100.404273801659,"word",2.0224453825091,0.0459931842051446,5.54923837538809,527,384,"rec",1,5005.69941844121
"385",100.142051486749,"word",-0.0508477369426092,0.305473697371781,9.74296823842451,824,385,"rec",1,4935.93831564282,98.7540575722122,98.9554911652537,"word",1.18778171608793,0.253549844026566,9.03082007309422,245,385,"rec",1,4773.67204163064,"word",-0.505776129756251,0.090640033595264,0.447823698632419,717,385,"rec",1,4913.18676334404,101.413173301965,"word",0.414512926964698,0.900419044541195,4.95632012374699,711,385,"rec",1,4918.07790945181,99.5043669622554,"word",0.718865947597784,0.200504327891394,4.51610033633187,566,385,"rec",1,5005.288129638
"386",99.7023741536835,"word",-0.947045151083317,0.976417946396396,5.98122304771096,366,386,"rec",1,4742.35680923912,100.195503917183,99.9614667004474,"word",-0.0112567524238739,0.55930454027839,8.74184561427683,130,386,"rec",1,5050.11178864377,"word",1.00986105063827,0.772160147083923,3.67456474807113,531,386,"rec",1,4864.74484395599,100.500009538579,"word",-1.2296581464548,0.092142784036696,7.4145762110129,773,386,"rec",1,4971.4150070602,100.683203715427,"word",-0.404284926526009,0.455481581622735,8.85686319321394,342,386,"rec",1,4792.73856663615
"387",98.8709129350245,"word",0.758195162950299,0.379014001460746,7.57852472132072,70,387,"rec",1,5099.69301899564,99.1322801943432,101.544612597755,"word",0.373553334840667,0.842437540413812,5.92954751802608,429,387,"rec",1,4742.94862853512,"word",-0.777033976606462,0.230936937499791,6.65572338737547,871,387,"rec",1,4785.97149205837,100.015365653102,"word",1.81506639891298,0.013004842447117,2.07620844477788,307,387,"rec",1,5053.10817426498,100.604268680693,"word",0.0731960635576697,0.293887791689485,2.27560189319775,655,387,"rec",1,4883.83200810108
"388",100.072866526176,"word",-0.364186978516982,0.151130153099075,4.02230013394728,452,388,"rec",1,5173.11499940573,99.1617200083884,99.3010176432465,"word",-0.547805030806909,0.0499433539807796,4.1360279917717,215,388,"rec",1,5067.18505550185,"word",-0.386266262534588,0.69993561366573,0.205957398284227,574,388,"rec",1,4668.7533372011,98.1490095636601,"word",-1.8578769885507,0.676860324805602,5.14667013194412,76,388,"rec",1,4875.81710147743,99.1365517585555,"word",1.62237924008059,0.780441759154201,2.14520535897464,690,388,"rec",1,4642.58946151121
"389",99.7317004515012,"word",1.3011980921208,0.688141540391371,5.76094626681879,86,389,"rec",1,4991.38188682538,100.548731214448,100.028433037035,"word",-0.0646156367539568,0.582814205205068,8.36086173309013,903,389,"rec",1,5041.88256135498,"word",-0.179439582585534,0.845243306132033,7.51173172378913,458,389,"rec",1,4924.81870331694,100.060532156911,"word",-0.300770894130801,0.535192952957004,5.11286779073998,261,389,"rec",1,4870.02792698996,98.4328687181288,"word",1.33684207996504,0.713348672958091,4.84102629125118,932,389,"rec",1,5086.41722750842
"390",98.4584996119139,"word",0.489656471565899,0.353391075739637,8.86072313413024,543,390,"rec",1,5010.64569420672,99.7564866671161,99.850898193733,"word",1.33317024509161,0.969935874221846,9.60805240320042,791,390,"rec",1,5097.92825099147,"word",0.887623827935745,0.143252281937748,9.87130973255262,725,390,"rec",1,5136.02044926073,98.4749213011001,"word",1.74512127629905,0.997816585702822,3.43844406772405,783,390,"rec",1,5131.8023149701,99.995147706303,"word",-0.746029334771312,0.0348973064683378,0.850188492331654,779,390,"rec",1,5077.53138990269
"391",99.3587520462927,"word",1.47943181776187,0.789026075508446,9.96988481609151,195,391,"rec",1,5471.24638180449,101.605988668672,99.9027261050204,"word",2.39461439031785,0.261991587700322,5.95792231382802,383,391,"rec",1,4999.40130353012,"word",-0.641263462185177,0.214436458656564,0.557265956886113,357,391,"rec",1,5026.9054199999,100.335558499857,"word",-0.609747658457532,0.836190429050475,4.16538954246789,573,391,"rec",1,5007.54723429076,99.4909757814932,"word",0.0664347216529774,0.454403149662539,0.981056599412113,531,391,"rec",1,5396.68906760566
"392",100.213313753575,"word",-0.993433143085764,0.504469642415643,5.6791959120892,139,392,"rec",1,5236.53275921609,100.576113701326,100.175661509098,"word",0.621681201590837,0.406337004620582,7.74139034096152,553,392,"rec",1,5192.0373683659,"word",-0.492523853288131,0.81194091308862,1.18855112232268,426,392,"rec",1,4787.04735961497,99.9802541400731,"word",0.352969570423496,0.397526453714818,2.34854851616547,987,392,"rec",1,4580.42580464678,100.06704886756,"word",-0.778098613714598,0.847490116022527,9.47256205137819,230,392,"rec",1,4890.90988808283
"393",98.3737019103361,"word",0.165348060015876,0.971372184110805,1.19364700047299,708,393,"rec",1,4837.33263347654,99.2890757443858,99.2323709275367,"word",0.348278336904657,0.796808147570118,0.0254653487354517,707,393,"rec",1,4657.59701414272,"word",0.560407005314489,0.406992683652788,1.33808822836727,815,393,"rec",1,4871.90345895935,102.044368065215,"word",2.29595941604919,0.352314711082727,7.39517985377461,858,393,"rec",1,5026.88003955148,100.158439565616,"word",0.180187347863035,0.381285726791248,0.264825969934464,682,393,"rec",1,4691.13128199313
"394",99.0557744831085,"word",-0.321830357268554,0.359179124236107,9.77990292012691,500,394,"rec",1,5081.32644436748,100.688844004501,98.7420208853203,"word",0.271355014781855,0.797109793871641,1.38515239115804,374,394,"rec",1,5001.68185516023,"word",-1.00579691346372,0.456846091197804,1.40740114729851,577,394,"rec",1,4783.83895326969,99.6992523552385,"word",-1.09254335721027,0.984909603837878,1.95257050218061,35,394,"rec",1,4801.43743211941,101.29012559069,"word",2.32030358158516,0.350203766254708,0.226184637285769,320,394,"rec",1,5475.48327590501
"395",99.8505208383906,"word",-1.66565836632238,0.44064221624285,3.8481257413514,864,395,"rec",1,4873.28324236505,100.139893130233,101.114943602221,"word",0.220597340045855,0.277155628427863,4.11056393058971,336,395,"rec",1,4927.54629612713,"word",1.51137675951152,0.647390554193407,1.67988683562726,595,395,"rec",1,5262.0357790272,101.507414036346,"word",-0.946377249873948,0.588893291074783,0.646389939356595,560,395,"rec",1,5363.50957530956,100.088253404809,"word",-0.379205722180371,0.90810025902465,7.01381647028029,433,395,"rec",1,4859.40588665789
"396",98.2851778467594,"word",-1.05209500989383,0.746010812465101,8.00519036594778,740,396,"rec",1,5003.41497000693,98.9440388737256,101.264640625695,"word",0.524148238889322,0.848441900219768,3.8632185687311,700,396,"rec",1,5100.13362106063,"word",1.28643018509795,0.419712551403791,8.54587168432772,535,396,"rec",1,5117.27029776454,100.753500000053,"word",-0.410309570862413,0.624307747231796,3.51852873340249,757,396,"rec",1,5232.70572627527,101.107901030164,"word",2.00296682468317,0.744210174772888,5.39928703103215,452,396,"rec",1,5289.65124785751
"397",98.660765471675,"word",0.141910776942136,0.276795237557963,2.86192705389112,810,397,"rec",1,5129.96681194088,99.1725459294086,101.749223626715,"word",0.629673772707385,0.523803415242583,4.31183116976172,854,397,"rec",1,4749.21850962831,"word",1.26565826450422,0.810551249654964,0.0484938989393413,266,397,"rec",1,4707.07132000186,100.956824586284,"word",-0.27658520965607,0.447933141840622,2.99557471647859,315,397,"rec",1,5117.00761120708,99.8844601176308,"word",0.864964295305383,0.425819803727791,6.0506526962854,355,397,"rec",1,5029.2109049656
"398",100.443271122172,"word",1.08756532958994,0.465883972588927,1.80937356082723,846,398,"rec",1,4880.6101625196,97.3417903079784,101.541650135045,"word",0.441706117803992,0.843287959462032,3.3824968803674,581,398,"rec",1,4818.01156919589,"word",1.18108555879476,0.192010658560321,3.48074045963585,423,398,"rec",1,4882.03557151152,100.036954573198,"word",2.23234634241864,0.876255688956007,7.74800717364997,840,398,"rec",1,4881.1674260027,98.8598506371146,"word",0.794573271374942,0.351951187010854,9.50163797242567,371,398,"rec",1,5005.18813492821
"399",100.042292793271,"word",-0.20990940655231,0.137619935907423,9.26928162341937,87,399,"rec",1,5143.79750023848,100.681031766785,99.176059411117,"word",0.223670677030811,0.383637660648674,0.540187139995396,999,399,"rec",1,5121.29572196847,"word",-1.22305906240585,0.859475458506495,1.75596738234162,599,399,"rec",1,4883.95659604317,99.797538488298,"word",0.567269333069185,0.711215107468888,3.25041913660243,40,399,"rec",1,4806.0134502517,99.5911317265253,"word",-0.0895558602873858,0.835740248905495,6.46425241837278,648,399,"rec",1,4986.84022791525
"400",100.722424993948,"word",1.37617883165921,0.537247049855068,9.76971859578043,452,400,"rec",1,4969.12819438148,97.6467675952485,99.5793085015406,"word",0.573946441857273,0.4913472274784,3.44594655325636,250,400,"rec",1,4764.99833058304,"word",0.974659176990678,0.103050168137997,6.17038356140256,134,400,"rec",1,4946.18292677368,99.4116379565635,"word",0.0614444941605011,0.570587577996776,1.9911725865677,626,400,"rec",1,5079.03250397417,100.074545036906,"word",0.375987428781765,0.535944162402302,6.13728403812274,831,400,"rec",1,5030.15570972713
"401",100.706434505798,"word",0.975096866184161,0.358807679265738,8.15824545221403,827,401,"rec",1,5256.06828202433,99.5240373207383,99.8643285767763,"word",1.50597726033593,0.381997514981776,1.14018717082217,570,401,"rec",1,5381.65678912137,"word",0.60546459788649,0.814549260074273,6.58915688050911,644,401,"rec",1,5166.23923740957,99.7101122186285,"word",0.697793369416969,0.931876386981457,3.69963849429041,315,401,"rec",1,4988.39918006498,100.921751065236,"word",1.9703227982653,0.804905827855691,5.06470685824752,865,401,"rec",1,4857.61947492728
"402",99.4005969402625,"word",0.85286034690875,0.156359955202788,1.61481717368588,175,402,"rec",1,4857.35473179455,100.714194005625,99.5358365639371,"word",-0.599985267252787,0.4843471320346,6.73304200405255,552,402,"rec",1,5046.21693740209,"word",0.994357946316289,0.442441610153764,4.68643909785897,712,402,"rec",1,5036.90567723278,100.327971919938,"word",0.0453100884314999,0.876569059910253,3.56821662513539,491,402,"rec",1,4707.69695108288,99.7909468616484,"word",0.626698178289451,0.544246096629649,7.47526136226952,882,402,"rec",1,4944.85914569754
"403",100.20926532352,"word",-0.71669158511981,0.690268848091364,1.00971275474876,182,403,"rec",1,4653.06433572277,99.3593678479816,99.5708331224373,"word",-0.884706075138652,0.65425510564819,3.03501288639382,501,403,"rec",1,5189.22275714892,"word",0.176537507368379,0.0302232860121876,4.30776281980798,857,403,"rec",1,4684.46831249175,102.072572516666,"word",-0.184411299915161,0.595716528827325,1.48392983712256,9,403,"rec",1,5394.43314309679,99.0492249368683,"word",0.10031829761437,0.745997276622802,5.57225041324273,781,403,"rec",1,5132.89250525452
"404",100.161145902021,"word",0.690258990659627,0.0358857116661966,7.20980589278042,969,404,"rec",1,5014.17477805808,98.2638897159234,100.519407607645,"word",0.683559503324935,0.163947232766077,7.0431259018369,881,404,"rec",1,5308.52718895178,"word",-0.313847638933646,0.902161427773535,5.23075784789398,487,404,"rec",1,4928.08316798281,98.7727573568985,"word",0.595792966773254,0.72542304196395,4.42239093594253,989,404,"rec",1,5062.08326075801,101.290019552621,"word",0.443794712449044,0.602807850576937,8.75743786105886,915,404,"rec",1,5047.80206292355
"405",97.6390206439803,"word",-1.01216389441105,0.0410471463110298,8.82028340129182,845,405,"rec",1,5111.47938196798,101.004926616289,99.8411072418447,"word",-0.0728190822008816,0.0787997415754944,1.75659724278376,313,405,"rec",1,5329.33349894196,"word",1.68293779861219,0.433940981049091,5.40594089310616,627,405,"rec",1,5164.76845891996,98.6954836085426,"word",1.03495697087046,0.0427844631485641,0.14327673939988,757,405,"rec",1,4979.47255624224,99.3965654835595,"word",-0.583731088689515,0.664462322136387,4.1490281606093,136,405,"rec",1,5017.78589176395
"406",98.9709747107496,"word",-1.31709691547243,0.15935955918394,9.9302633991465,150,406,"rec",1,4741.91467010162,100.166835174934,98.8037768841276,"word",1.02355142648887,0.974928861483932,4.32830461766571,529,406,"rec",1,5189.71556863715,"word",-0.498111640747578,0.239425091771409,9.67339060734957,18,406,"rec",1,4902.84567006619,100.19053220649,"word",-0.00723611779754484,0.609324653400108,6.57912584254518,866,406,"rec",1,5050.05863931384,99.5934693459113,"word",-0.0430589055370241,0.0227755967061967,3.08927648235112,315,406,"rec",1,4684.88241748736
"407",99.246047340114,"word",0.0972415034286685,0.898305263137445,0.541958655230701,564,407,"rec",1,4851.42426303512,100.533813801705,100.55116293247,"word",0.221667347693322,0.66945639019832,0.629614247009158,220,407,"rec",1,5008.57328293342,"word",0.23488554702468,0.50721279787831,0.640238167252392,520,407,"rec",1,4953.63509095433,100.911408904916,"word",-0.657497599596202,0.833890511421487,0.458959774114192,362,407,"rec",1,4887.00813654623,100.096279074158,"word",1.40298328284416,0.0616398572456092,1.28548633307219,308,407,"rec",1,4694.20927412747
"408",100.51829834598,"word",-0.0411994383775184,0.26782136131078,9.46645931340754,778,408,"rec",1,4901.76998088643,100.109635713048,99.5330095057511,"word",-0.177044619976548,0.423878551926464,7.33066536020488,387,408,"rec",1,4834.67973438778,"word",1.07116000461209,0.0618193217087537,6.58950401935726,357,408,"rec",1,5093.96161889453,99.3806837866974,"word",-1.63286780752983,0.1785233754199,2.57794216275215,177,408,"rec",1,5033.7079900538,99.9604879036517,"word",1.98145692503062,0.56775883003138,2.14251424418762,812,408,"rec",1,5137.06377538048
"409",100.144312968072,"word",0.717675797600026,0.838126165559515,5.38871016353369,35,409,"rec",1,5150.89647353067,100.007775594719,99.2648014452764,"word",-0.447222372610151,0.587502548471093,8.18428416037932,665,409,"rec",1,4957.92537523004,"word",-0.515042148841729,0.292986258631572,2.71407981868833,169,409,"rec",1,4866.01789969398,101.416636164436,"word",1.32258113400993,0.0887704738415778,6.69111508177593,539,409,"rec",1,5048.20757452576,99.4220662382917,"word",1.3756126910892,0.303679608972743,9.71254016971216,559,409,"rec",1,5330.20269742062
"410",100.456426726538,"word",-1.33620871689099,0.130448911804706,7.43968017632142,354,410,"rec",1,5011.56354654249,100.399054049467,100.350091770413,"word",-0.137112454992771,0.126808664295822,4.74926702678204,381,410,"rec",1,5073.05588153966,"word",1.03953060821331,0.40749592659995,6.01181979989633,419,410,"rec",1,5111.21024997406,100.518312315266,"word",1.32585171268732,0.367987199686468,6.26921553397551,269,410,"rec",1,5151.96395115852,99.1138324546237,"word",0.0942217889624016,0.426923615857959,0.325072328560054,848,410,"rec",1,5001.32538663813
"411",99.5625689601686,"word",1.09185719644932,0.576780733186752,0.564819234423339,988,411,"rec",1,5274.71921233311,100.894576058659,97.941556685147,"word",0.931404451048045,0.10190999833867,4.81348374625668,267,411,"rec",1,5111.02346845503,"word",1.75466168732536,0.687319734599441,4.19898887630552,912,411,"rec",1,4720.21412972714,100.269144350828,"word",1.13743973587543,0.283266893820837,6.93594225915149,316,411,"rec",1,4802.64842836879,98.5057910681664,"word",0.30691909204669,0.201351098250598,1.856021839194,561,411,"rec",1,5050.45447612867
"412",100.245755932799,"word",0.694762978993996,0.921133161056787,2.26512701949105,585,412,"rec",1,5174.69544094758,99.8444563009385,100.302027508469,"word",-1.74280656723437,0.809091201983392,9.33300087461248,733,412,"rec",1,4820.27857225152,"word",1.48468330249772,0.167085595428944,1.22649159049615,7,412,"rec",1,5058.52745497065,100.002125140585,"word",0.381593662578594,0.293380950577557,4.65770272305235,954,412,"rec",1,4704.39413880418,101.564226753829,"word",-2.12267516177861,0.904012967599556,1.0594823397696,133,412,"rec",1,5095.05935560541
"413",101.707815637109,"word",0.471020175384368,0.125185354845598,0.282110793050379,826,413,"rec",1,4766.12518016237,100.939849903784,99.7091968171652,"word",0.613761137515436,0.771562437759712,9.2332851793617,781,413,"rec",1,4659.14742582912,"word",0.0780276133388735,0.843654650496319,0.412133089266717,373,413,"rec",1,5007.15286070923,100.350405178058,"word",-0.607500496722627,0.509061499964446,6.8381175538525,414,413,"rec",1,5040.96948636346,100.453059578378,"word",-1.96903565879038,0.13440162409097,7.47637416468933,801,413,"rec",1,5222.16090917095
"414",100.802617834771,"word",1.61720312158547,0.887695319950581,1.94383127847686,786,414,"rec",1,4816.24031253639,99.4913602331114,99.6633249727819,"word",0.643100389226114,0.627246840158477,3.40404340764508,488,414,"rec",1,4980.30640278361,"word",1.05136617198721,0.622704873327166,1.03484677383676,161,414,"rec",1,4922.88463307468,98.2075269845853,"word",0.555591631831605,0.00401458796113729,8.3690440072678,104,414,"rec",1,4572.27062317598,99.0301362560689,"word",1.21757388425269,0.251727334456518,5.42562592076138,726,414,"rec",1,4939.08999105785
"415",99.3276878970089,"word",0.526837685534336,0.564275039359927,7.15278293704614,846,415,"rec",1,5084.00596610096,99.8244692056005,99.2679515522647,"word",1.05818096892356,0.799635265255347,5.68558319471776,951,415,"rec",1,5096.65697350525,"word",-0.346437734180331,0.54545365832746,3.08953810017556,567,415,"rec",1,5066.70967744114,99.0010818336574,"word",0.174005025255272,0.758603546302766,0.891550397500396,554,415,"rec",1,5069.92132128599,100.557360287832,"word",0.318744447017376,0.405721817864105,1.68684595497325,230,415,"rec",1,4910.55975435957
"416",99.7154513802285,"word",-0.959849817186345,0.37793225236237,9.19442012673244,523,416,"rec",1,5251.70189716298,100.513509145351,100.008966211259,"word",-0.670948723702615,0.534164890879765,5.24760063970461,369,416,"rec",1,5234.71841143628,"word",-1.49029305055125,0.0376767236739397,2.3570699384436,667,416,"rec",1,5012.4708934588,98.815437103089,"word",1.48779611583523,0.69657871266827,4.4141040998511,333,416,"rec",1,4845.89961985651,100.966975120222,"word",-0.451774739108732,0.258051856420934,1.3820674456656,233,416,"rec",1,5050.26730552233
"417",100.774482786201,"word",-0.0446589156964091,0.472071718424559,6.76128705497831,747,417,"rec",1,5084.7872362164,100.184951154885,100.118146902024,"word",0.49692789156296,0.0837532074656337,0.0170411448925734,366,417,"rec",1,5049.05069665098,"word",-1.3129014530853,0.849016155349091,2.60251650586724,500,417,"rec",1,5311.41905846998,100.021852460806,"word",0.173164125906213,0.0317679448053241,9.10419355379418,836,417,"rec",1,5266.07780187921,99.7024821703127,"word",-0.652866545951387,0.365993004990742,3.99097146233544,237,417,"rec",1,5076.02675841909
"418",97.9492845728559,"word",0.668307104150415,0.895919248694554,3.1395128252916,647,418,"rec",1,4730.84943501455,100.467784365477,98.8329072366574,"word",-1.18091936706156,0.122748271562159,9.89067045040429,950,418,"rec",1,5320.30451175634,"word",0.302856770304126,0.0635076023172587,9.38574859173968,633,418,"rec",1,5087.95693340083,98.8812289749183,"word",-1.04929325992089,0.60569515125826,4.13863852852955,145,418,"rec",1,5012.38044478977,101.786006188219,"word",0.0243367950941883,0.104806793853641,1.02315206546336,986,418,"rec",1,4825.69603314878
"419",98.0508981733567,"word",1.09629794432005,0.869092444656417,9.59812198299915,869,419,"rec",1,4345.47183159366,101.295441126075,99.4222074296563,"word",-0.206298701338984,0.0243238499388099,9.43201426416636,164,419,"rec",1,5314.56856156806,"word",1.73068165532915,0.19951345352456,2.9020693898201,688,419,"rec",1,5041.42924360541,100.41175727864,"word",-1.19726847225497,0.0374593436717987,6.43612122396007,71,419,"rec",1,5250.52604594664,99.9076884582381,"word",0.328039907558171,0.131582748610526,0.61499806586653,775,419,"rec",1,4985.22890482157
"420",99.5080826440527,"word",-0.189115568118579,0.246145866345614,4.3489307560958,151,420,"rec",1,5021.50458968964,100.219590720521,99.5328962568937,"word",1.15909899369639,0.219972516875714,1.43165385583416,963,420,"rec",1,4864.73731064157,"word",0.840126657776891,0.886130335740745,0.250422877725214,641,420,"rec",1,4873.46509622546,99.2465102369419,"word",-0.41029619094185,0.467603465542197,4.26741326926276,313,420,"rec",1,4920.09456744648,99.8651263436322,"word",1.78877086243021,0.822335131000727,9.89805489778519,235,420,"rec",1,4888.69136286012
"421",99.1369784898666,"word",1.51525493968157,0.991236043628305,3.83157263277099,858,421,"rec",1,5223.01768485368,99.7900222552823,98.9821367934487,"word",0.713463018336576,0.373690505512059,4.58771877922118,327,421,"rec",1,5391.06273500068,"word",1.32610005980705,0.855803736485541,7.87641768110916,182,421,"rec",1,5393.05947408736,99.3186169427557,"word",0.379517640337556,0.97745963325724,0.176097666844726,691,421,"rec",1,4676.3439535812,99.1617220181256,"word",0.192194806122543,0.359751006355509,4.77170716505498,371,421,"rec",1,4865.89698640158
"422",99.4971747368498,"word",-0.246215964146218,0.892373369541019,5.27714418480173,800,422,"rec",1,4863.50012264727,100.158324895555,102.237724309191,"word",1.27973301520376,0.491616934305057,7.99033188028261,825,422,"rec",1,5180.8689339487,"word",-1.21187019621837,0.564036793075502,5.93088729772717,399,422,"rec",1,4846.04170337851,100.947015708283,"word",0.910010332042203,0.0658024894073606,4.62057175813243,432,422,"rec",1,4978.90295711136,99.9511479676979,"word",1.18730449166154,0.433442691573873,3.84236286859959,185,422,"rec",1,4949.90214035128
"423",100.103417526957,"word",0.905078924835471,0.69625828624703,2.64059133594856,926,423,"rec",1,4968.66796463403,101.529016505247,99.2803071442176,"word",0.175120346916995,0.791026691906154,3.64893946098164,842,423,"rec",1,4841.324206967,"word",-0.179982113994273,0.341431946028024,6.05757636018097,761,423,"rec",1,4990.73305443319,100.395503981989,"word",-1.03079805018755,0.238848063163459,0.188984484411776,444,423,"rec",1,5015.32360583239,101.071294224805,"word",0.161465340389177,0.999491949798539,3.69594699470326,296,423,"rec",1,5032.98743311854
"424",100.616120743397,"word",0.0157872924441028,0.636324832215905,0.904083647765219,625,424,"rec",1,5036.84315705243,100.729111333968,100.833494101766,"word",-0.482340435709587,0.662540392018855,8.99813211522996,285,424,"rec",1,5008.27536277488,"word",-0.937289756479501,0.0355973558034748,7.01307241804898,285,424,"rec",1,4971.88765563557,100.521878433647,"word",1.03171764336387,0.0986792463809252,1.84918966842815,128,424,"rec",1,4475.76367195836,101.546663996615,"word",0.31777544403478,0.517301907064393,1.26415422419086,798,424,"rec",1,5005.92640989714
"425",100.576773102139,"word",1.39315374290867,0.00247519486583769,4.67478384030983,464,425,"rec",1,4930.79041573002,99.6650485348931,98.5783734583783,"word",0.364155483243519,0.192693604622036,0.496059213764966,858,425,"rec",1,5030.96886966706,"word",-1.58970861851755,0.541367246536538,5.55887061404064,307,425,"rec",1,4721.36060624854,100.920160890467,"word",-0.379805300786576,0.0583976786583662,3.39471779530868,558,425,"rec",1,4678.36438588541,100.183583702987,"word",-0.618319314843296,0.417092200834304,7.5468577304855,772,425,"rec",1,4840.75490907339
"426",99.22302793716,"word",0.350934187607246,0.78885782090947,9.43068112479523,125,426,"rec",1,5083.88125667201,100.139040207947,99.3344789205963,"word",0.374556227032148,0.192146558547392,0.458159900736064,578,426,"rec",1,5175.18537258138,"word",-1.32712365645633,0.0406154545489699,1.78656285628676,351,426,"rec",1,4960.09767640441,100.829570519475,"word",-1.05902037870018,0.309787256410345,9.53267652075738,739,426,"rec",1,5499.51031138297,101.061476005356,"word",0.755234290102538,0.99238567147404,7.97052022535354,610,426,"rec",1,4975.54857364451
"427",102.240919117457,"word",0.565438538193607,0.16033907677047,3.95479388535023,19,427,"rec",1,5036.72498466372,98.9960000101924,99.1920298616632,"word",0.164322922093956,0.184333872050047,5.0899590109475,427,427,"rec",1,4985.72424546022,"word",0.0248360314633815,0.383638537488878,0.93917520949617,768,427,"rec",1,5071.43240814333,100.552496051801,"word",-0.496349069993544,0.196799211436883,2.21627378370613,162,427,"rec",1,5026.44553505597,101.464468658314,"word",1.29524798631381,0.482849286636338,8.82069390499964,353,427,"rec",1,4912.03953808927
"428",101.821086222999,"word",1.44720006395334,0.1590613250155,0.833801799453795,161,428,"rec",1,4658.22320291219,100.246809168004,99.7675946058804,"word",0.758160753678953,0.620768380118534,2.70654382184148,17,428,"rec",1,5190.95278127421,"word",0.383899883784879,0.0887869875878096,4.71177695086226,866,428,"rec",1,4982.77857418453,100.913147407133,"word",-0.263644756524585,0.735333699267358,4.76877060020342,709,428,"rec",1,4858.12584687062,100.177943347386,"word",0.0829783485977843,0.473211666569114,2.1741924341768,881,428,"rec",1,5140.74069895294
"429",98.9687795172145,"word",-0.408606663680111,0.762107432121411,7.39098577527329,585,429,"rec",1,5118.94892773778,99.4997715265269,100.370051672639,"word",-1.06582699493622,0.132661876268685,9.54626934835687,757,429,"rec",1,5203.89680732997,"word",1.73901798902388,0.110845474526286,3.92983441939577,590,429,"rec",1,5386.25269914244,99.2126150919804,"word",-0.420556615047427,0.346724695758894,2.03955587698147,752,429,"rec",1,5092.8248693687,100.222814498587,"word",0.401984624894069,0.88840128458105,5.40757641894743,405,429,"rec",1,4802.74038473068
"430",98.1191380958878,"word",-1.48161424717514,0.10822827112861,2.98010744620115,696,430,"rec",1,4846.21321605822,99.6511984223999,100.057692985838,"word",0.195417638004217,0.848067506682128,6.13287540851161,402,430,"rec",1,4790.98459738957,"word",-0.16805791785891,0.0103195556439459,5.29901611385867,853,430,"rec",1,5065.25167654008,102.237316249061,"word",-0.923102526829215,0.204393698833883,9.59322134498507,442,430,"rec",1,5166.83081838986,99.8159838354976,"word",-1.10593829258073,0.714987370185554,1.31103552877903,257,430,"rec",1,5120.76339038763
"431",100.01752513856,"word",0.0521852874758085,0.052783164428547,4.67611892148852,470,431,"rec",1,5092.15756197002,101.351521807632,100.279764542208,"word",1.07761927022812,0.75307588162832,1.89071282045916,113,431,"rec",1,5278.15233934169,"word",0.761865071127367,0.0484436140395701,2.05193671397865,434,431,"rec",1,5468.72927842606,101.153679699025,"word",-0.341600200772963,0.813630758784711,1.40854907222092,700,431,"rec",1,5360.44199061106,99.9723201769915,"word",-0.342440952384984,0.929838972399011,2.81469293637201,585,431,"rec",1,4779.49538342041
"432",99.976047242604,"word",-1.49028700198259,0.554178045829758,0.750132277607918,200,432,"rec",1,5072.99175631071,99.5902370821674,98.7732431183468,"word",1.33783050030019,0.64713269029744,5.44007723685354,587,432,"rec",1,5289.21847148338,"word",0.0670124005228331,0.613479930208996,3.38546903338283,15,432,"rec",1,4849.72538253479,99.6187958867191,"word",-0.918951712505298,0.895949033321813,0.327222847845405,220,432,"rec",1,4933.22468309473,99.6663729357154,"word",-1.58005425472584,0.233183504780754,0.667062390130013,955,432,"rec",1,5225.85294169906
"433",101.539643011338,"word",-0.938296808774257,0.779830258106813,4.86970484023914,177,433,"rec",1,5158.1260005135,100.380790357001,99.5088267903639,"word",0.426950871727897,0.250305466121063,5.94411991303787,223,433,"rec",1,4845.50818209572,"word",0.895297209993592,0.351510362932459,3.67340354481712,770,433,"rec",1,4587.96557132173,101.065583467537,"word",-0.895447171101406,0.970509947976097,4.22209192765877,493,433,"rec",1,5004.81572622308,98.4337726199454,"word",-0.85927943103898,0.415738069452345,1.81783530395478,330,433,"rec",1,5266.91175870462
"434",99.5504101903872,"word",-0.661714573328084,0.494644449325278,4.51373101212084,537,434,"rec",1,4787.45226682539,99.4973516329364,100.070907982889,"word",-0.194035672091015,0.290296828839928,9.76851556450129,154,434,"rec",1,5037.98584393404,"word",0.39973153212488,0.130079817492515,5.15727504855022,456,434,"rec",1,4560.91140359374,99.9322598564142,"word",0.892594072741699,0.438136814394966,4.97279362753034,915,434,"rec",1,4888.31670866977,101.273470930967,"word",-0.599497987937352,0.831323778955266,4.01882413541898,321,434,"rec",1,5159.59609430408
"435",100.860830659479,"word",-0.469927014086421,0.202475837199017,9.0768183581531,958,435,"rec",1,5055.07534700514,99.9435652897805,99.0692678354871,"word",1.16604725297368,0.573645019205287,1.45733532030135,911,435,"rec",1,4507.54329847561,"word",-2.13376912500634,0.947972556576133,0.397330978885293,430,435,"rec",1,5249.99379439625,100.062437733675,"word",0.709795217660311,0.663088566623628,1.69561426853761,580,435,"rec",1,4546.11896946112,100.306412951076,"word",1.2413453721355,0.038496381836012,1.30821003811434,433,435,"rec",1,5084.95587754676
"436",97.5312621431741,"word",1.28811174428737,0.737021435052156,0.264814856927842,592,436,"rec",1,5278.27228235447,100.221204067045,100.802905701773,"word",-0.390306415777379,0.661257524043322,1.19179440895095,729,436,"rec",1,5111.31195369487,"word",0.610112545380344,0.704188847914338,6.40426780330017,945,436,"rec",1,5124.4474667943,99.5674158683052,"word",0.961592326887785,0.988459932152182,3.94879182800651,287,436,"rec",1,4942.04075804328,101.283781276011,"word",1.34873310309806,0.51470299391076,4.75261158077046,58,436,"rec",1,4893.87830378439
"437",99.3506693961781,"word",-0.554895315175424,0.921697444980964,2.82937811221927,51,437,"rec",1,5095.02048835515,100.109917442648,99.4802072028657,"word",-0.909441328480567,0.383831222075969,2.6186398928985,247,437,"rec",1,5118.25059469445,"word",0.717289405508286,0.830588450888172,1.9506057864055,623,437,"rec",1,5209.72090726491,99.3715581985377,"word",-1.15212010523578,0.616995306219906,8.83484311867505,197,437,"rec",1,5314.97447141326,100.66848572943,"word",0.184968781192549,0.524841228267178,7.79442912200466,467,437,"rec",1,4952.33039631716
"438",100.210576152727,"word",0.447954936401734,0.44705171813257,0.803993484005332,712,438,"rec",1,5041.75838969644,101.162072917328,100.743659562038,"word",-0.299948732378668,0.275004629744217,2.04505673609674,414,438,"rec",1,5317.24508666243,"word",-0.344230559119169,0.563494809204713,0.00970782246440649,550,438,"rec",1,5150.7015095669,101.181789342166,"word",-1.43702680344243,0.689029805129394,5.31344139482826,942,438,"rec",1,5035.47115334841,99.0008335866613,"word",-1.70791549970591,0.757536670891568,6.85076688183472,863,438,"rec",1,4648.38744874224
"439",99.207062433923,"word",0.523122260110509,0.580617181258276,7.03765285667032,501,439,"rec",1,4940.26712304337,100.309116167111,99.9003248639175,"word",0.311847959892446,0.281355833867565,3.82268364075571,755,439,"rec",1,5147.73904304615,"word",0.91207751021441,0.536592700984329,0.763891446404159,791,439,"rec",1,4720.84534464982,99.4033922149965,"word",1.71646879250146,0.829697499284521,0.16489218454808,340,439,"rec",1,5089.1923509755,100.775080853121,"word",-0.0432564879923678,0.010317767970264,0.836814774665982,660,439,"rec",1,5158.77879692103
"440",100.636076770227,"word",1.10400170338209,0.102846959838644,2.51490344060585,730,440,"rec",1,4905.8157752904,99.0274868398567,100.910881661873,"word",-1.18506640632955,0.345274998573586,7.12423056131229,493,440,"rec",1,4919.79041313732,"word",0.383009897054685,0.547822976950556,9.88369579659775,762,440,"rec",1,4850.9305923712,99.0403198096649,"word",-0.574326429643303,0.233144903322682,1.04505980154499,324,440,"rec",1,4778.19243487745,100.034280195438,"word",0.0839809258706055,0.761711430735886,4.07577743753791,4,440,"rec",1,5144.34741026142
"441",99.0381241408656,"word",0.0668343997794184,0.193838557694107,5.43463446898386,351,441,"rec",1,4993.72548301756,101.07909770016,102.425288712623,"word",-0.324742351027789,0.566528984112665,9.66458894312382,878,441,"rec",1,5033.27131552127,"word",0.756817780712768,0.306975519750267,2.0705738151446,607,441,"rec",1,4899.59969163864,100.249027879274,"word",-1.80404046555826,0.852996474597603,0.264894273132086,94,441,"rec",1,5040.00079497432,101.240442915326,"word",-0.508528872981505,0.976034385152161,4.21208372339606,589,441,"rec",1,4951.13348040706
"442",100.066313075933,"word",-3.27032418483667,0.480966650648043,8.69640099350363,991,442,"rec",1,5262.82180484202,99.1815752413313,102.299201240269,"word",-0.472298445079301,0.673978631617501,9.83215778134763,732,442,"rec",1,4880.23167839818,"word",0.34826722863162,0.853701006853953,5.08207317208871,160,442,"rec",1,4883.39518285035,101.031107812781,"word",-1.9162524932852,0.445979418233037,5.51521916175261,389,442,"rec",1,5141.88506691666,100.16137974059,"word",0.196580905037605,0.233257240150124,1.93398648640141,704,442,"rec",1,5278.23292091528
"443",101.297671058188,"word",2.79921819856367,0.499850160675123,9.0528028877452,588,443,"rec",1,5088.14554394051,99.757597242191,100.831526037183,"word",-1.66733013840953,0.864368407055736,2.83424333902076,953,443,"rec",1,5202.90603227789,"word",-0.955585956244728,0.602298637153581,8.07435812428594,769,443,"rec",1,5155.6565434288,101.105082500046,"word",1.38576232173267,0.0745126919355243,3.94919708138332,708,443,"rec",1,4630.16085431955,100.094380130753,"word",-0.336544162767243,0.775949412724003,5.81166459945962,930,443,"rec",1,5060.91203940895
"444",100.132879047474,"word",-0.300299145799354,0.458181419875473,4.59532853681594,88,444,"rec",1,5072.50365594217,99.5175418399216,100.092377450421,"word",1.35680243954753,0.924012307776138,3.31184078007936,677,444,"rec",1,4746.23497911904,"word",0.422776722540791,0.0623065030667931,8.4747175918892,364,444,"rec",1,4794.67119643632,101.314064630419,"word",-2.15928318809483,0.0551580947358161,3.11077338410541,835,444,"rec",1,4714.89014360521,99.2391606679476,"word",1.20472460447486,0.163920480525121,9.97799117350951,432,444,"rec",1,5054.11253830776
"445",98.85827413683,"word",-1.08352716993645,0.833223941503093,9.1233354783617,452,445,"rec",1,5108.36072401071,100.171948448013,100.542241614126,"word",0.573761810284129,0.00472153164446354,9.65173095464706,404,445,"rec",1,4959.70952868864,"word",-0.306908343449207,0.478901872877032,3.87166717089713,142,445,"rec",1,4971.15036295168,99.5739956465553,"word",0.102488563904472,0.445043179439381,3.93684540409595,595,445,"rec",1,5143.64572112636,100.926591991848,"word",0.427446788245044,0.514013265725225,0.928387900348753,27,445,"rec",1,5327.6417300056
"446",99.6029610486003,"word",-1.47648071338875,0.450667117722332,3.51700117345899,667,446,"rec",1,4921.52449136122,101.099724165567,100.863479380478,"word",1.33672256028426,0.546177182346582,2.55778320366517,861,446,"rec",1,4971.32188356024,"word",-0.7137071943642,0.93279955140315,2.07334844395518,973,446,"rec",1,5066.26157212565,99.3715778635363,"word",1.5660971253972,0.677241425728425,5.03196627600119,364,446,"rec",1,4934.87034037152,100.884827693647,"word",-1.83143798534953,0.690980710089207,2.78947361279279,831,446,"rec",1,5044.88693087922
"447",100.203167219302,"word",1.03503965512113,0.565006179036573,7.7315157931298,159,447,"rec",1,4660.81577677566,100.664040375265,99.5013273239776,"word",-0.995301006239851,0.246010550297797,9.0544129582122,892,447,"rec",1,4805.45999856211,"word",-0.285471935432073,0.897878682008013,2.56023531081155,809,447,"rec",1,5113.09229845241,99.9820232798628,"word",-0.214583064990562,0.992657911265269,1.12722757272422,743,447,"rec",1,4895.21065485812,100.574899495134,"word",0.105121636057613,0.509245492285118,6.81673483457416,953,447,"rec",1,4762.09193124212
"448",99.3016065235457,"word",-1.37048603953872,0.617136656073853,7.30804946273565,11,448,"rec",1,4960.90713161318,99.7325710877668,99.6080094658304,"word",-1.51512058558393,0.427514027105644,4.12695605773479,45,448,"rec",1,4802.15140087283,"word",-0.380882075047585,0.665759284980595,6.26252418616787,653,448,"rec",1,5042.33823318862,98.2300155403309,"word",-0.0781960736844762,0.742003413382918,6.67685921536759,173,448,"rec",1,4993.11056537685,101.33869329324,"word",-0.434792556828925,0.38472523377277,4.6257246285677,948,448,"rec",1,5141.89161743114
"449",99.8099695677735,"word",0.492735568518754,0.881158768665045,8.52148133795708,840,449,"rec",1,5354.47782747461,98.940154440611,98.4938885389058,"word",1.10939472395851,0.173448760528117,8.94589056493714,556,449,"rec",1,4524.22416047071,"word",-1.24022737638106,0.474065892165527,2.63253092765808,788,449,"rec",1,5274.42843441401,98.8391292874237,"word",-1.12336711975392,0.517977604176849,3.19857042049989,52,449,"rec",1,4859.34320947921,100.586374191141,"word",-0.569705688551097,0.211846851743758,7.56354058627039,994,449,"rec",1,5177.20963718098
"450",100.29744108468,"word",-0.337535098853206,0.63886872632429,3.86621233308688,522,450,"rec",1,4758.0781402628,99.9661410246945,99.8538903401881,"word",-0.493168815560685,0.0134341781958938,3.40970426565036,549,450,"rec",1,4911.99883168161,"word",1.58599693560473,0.120667884359136,4.2529259622097,832,450,"rec",1,5249.3710887262,99.8969955850917,"word",-0.271016935241015,0.191431474871933,1.84392893221229,966,450,"rec",1,5089.79584503855,100.539548916648,"word",0.0398724191248016,0.586285358527675,8.19459158927202,631,450,"rec",1,4848.85174623776
"451",98.218885827015,"word",-0.190746746336645,0.207504459656775,9.19807700905949,487,451,"rec",1,5051.69945797058,98.7904991291664,99.8375396616527,"word",1.2647672376549,0.29169278847985,8.95569696091115,2,451,"rec",1,4636.21814130537,"word",1.69742487121222,0.0873321683611721,0.698374952189624,946,451,"rec",1,5378.63469586477,102.832666269996,"word",1.40025993312986,0.298467142507434,8.15000979229808,684,451,"rec",1,5074.36469060324,100.58784026634,"word",0.262138741829274,0.335902015212923,1.19457245571539,27,451,"rec",1,4894.65148576411
"452",97.6649238909268,"word",-1.2251500584045,0.410589877283201,5.96248299349099,369,452,"rec",1,4692.12376886591,101.751280860149,102.692426863586,"word",0.62552596934452,0.882305699167773,3.27435646904632,724,452,"rec",1,4953.65563546106,"word",-0.773649859602346,0.437248742440715,4.7246303060092,709,452,"rec",1,5036.73698709635,98.3775030143694,"word",-0.54680093791961,0.237542073475197,1.55559779610485,996,452,"rec",1,5024.8378346861,100.974726893676,"word",-0.602571229459547,0.688064525602385,1.94173087831587,188,452,"rec",1,5029.39341871521
"453",99.4590180665215,"word",-0.739894422806555,0.19777107029222,8.57293853303418,245,453,"rec",1,5365.36845796658,102.425090981694,100.128305114943,"word",-0.699731097717032,0.870669313473627,1.61370234796777,393,453,"rec",1,5174.86908190541,"word",-0.749284912459625,0.536876266589388,4.46560464333743,725,453,"rec",1,4952.12287702409,99.8509803986566,"word",0.950276724586721,0.0524011708330363,2.1638426091522,365,453,"rec",1,4855.11658534976,100.356558160566,"word",-0.180149104728179,0.7722083395347,1.05629042955115,335,453,"rec",1,4843.41348572434
"454",99.8045362588999,"word",0.950576794904282,0.418865433195606,6.744596993085,197,454,"rec",1,4983.4754833005,100.496020285114,99.256908521081,"word",-0.652063819039211,0.779278327710927,7.50879602506757,913,454,"rec",1,4517.12782923309,"word",-0.977824054310038,0.644796354230493,1.88971138559282,640,454,"rec",1,4806.40632492475,99.2233849210676,"word",-1.33833520379685,0.236251637805253,0.839233088772744,679,454,"rec",1,5252.73656635536,99.1373888687109,"word",-0.520400848480074,0.387953193159774,3.61449638614431,650,454,"rec",1,4934.7812449204
"455",99.436045660091,"word",0.131852610555856,0.743685763329268,4.16366371326149,42,455,"rec",1,5032.45000217795,100.143141989365,101.071508717686,"word",-1.54589866307203,0.0180875579826534,8.20272989803925,580,455,"rec",1,4808.44838508816,"word",0.522500903567381,0.452467771014199,8.84664464741945,224,455,"rec",1,5050.61791492288,100.398734779725,"word",-1.68148261547252,0.0284079120028764,3.70067775482312,25,455,"rec",1,5378.84064713506,100.9649239154,"word",-0.558924503921087,0.00927980593405664,1.14271295489743,729,455,"rec",1,4914.81070057239
"456",100.935059008679,"word",0.0431165531495907,0.882996180327609,7.87175863049924,593,456,"rec",1,4873.07072836668,99.1174406211934,98.7113630268329,"word",0.259595605821162,0.79642604617402,3.79195780260488,265,456,"rec",1,5055.48247026048,"word",1.76836416952144,0.137951736571267,0.0686258892528713,977,456,"rec",1,4867.56950537974,100.522096959332,"word",-0.243527373370227,0.498291008872911,6.60222026286647,623,456,"rec",1,4489.84310906361,99.4865634301835,"word",-0.639867217496807,0.0502789684105664,9.75335494382307,915,456,"rec",1,4910.36978826057
"457",100.290885464943,"word",1.5051985250492,0.387805684702471,0.120222552213818,747,457,"rec",1,5136.8859256047,100.100991317105,99.9446272970518,"word",-0.468871424364533,0.740948962979019,8.53965245420113,944,457,"rec",1,4876.94626850453,"word",-0.383115493324185,0.0580922837834805,6.53050410095602,770,457,"rec",1,5088.03321301435,98.4580894850906,"word",0.326853163368988,0.765297093428671,1.36173536535352,388,457,"rec",1,4810.0486503644,99.5751305153075,"word",0.46971122365327,0.151272153947502,9.69210404902697,609,457,"rec",1,5231.72905296698
"458",99.6634873354266,"word",1.11621673415758,0.123934450792149,1.9005488557741,530,458,"rec",1,5085.09718412271,100.126261457948,101.467065017926,"word",-0.74688912653811,0.0364154947455972,6.75050063757226,864,458,"rec",1,5189.5094980494,"word",-0.480382485107963,0.475007633911446,4.96600125916302,994,458,"rec",1,5196.15652046938,99.5757800913891,"word",0.394502007837524,0.99166616355069,0.324099618010223,261,458,"rec",1,4775.81794582311,98.9258329827057,"word",1.35551850390248,0.0852076450828463,1.94142188178375,124,458,"rec",1,4532.97781324032
"459",100.197933320611,"word",1.03968147524312,0.754004372516647,9.83482550363988,868,459,"rec",1,4993.10611816941,100.312235899214,99.6529648075553,"word",0.702210250439781,0.800357317086309,7.91236036922783,708,459,"rec",1,4969.79524452491,"word",-0.405635603549101,0.533212637761608,9.47890545008704,21,459,"rec",1,5105.11131978102,100.399693689786,"word",0.192708484246279,0.791460999287665,8.45658194972202,743,459,"rec",1,5004.93287118026,99.7576589158899,"word",-0.173458341803176,0.280825153691694,4.45879323873669,536,459,"rec",1,5294.2878510465
"460",99.5742422923677,"word",0.1051344857913,0.954298169119284,9.01714601321146,945,460,"rec",1,5094.75558340546,99.3779256524555,99.8634074450137,"word",0.567573830901976,0.58654556167312,9.78061553090811,889,460,"rec",1,5100.53019158836,"word",-0.560012345250654,0.662657120032236,0.508029176853597,109,460,"rec",1,5164.45551266413,99.8889771479825,"word",-0.378269574180182,0.407767932629213,0.858846057672054,780,460,"rec",1,5038.53472084112,99.2782066864777,"word",-0.0840334153348752,0.532176580978557,8.59299760311842,939,460,"rec",1,4827.57972905508
"461",100.888544529036,"word",0.0189565565928745,0.107008562190458,5.31222346238792,804,461,"rec",1,5203.39869034483,98.2585416952872,100.5661319194,"word",-0.0265482875136032,0.0547543256543577,6.34224057197571,857,461,"rec",1,5107.38398626918,"word",-0.869511217426813,0.102869071997702,0.823948550969362,288,461,"rec",1,5083.39304520831,99.0254591752991,"word",-0.560753536903524,0.484434148063883,5.04811845254153,231,461,"rec",1,4908.06609803246,99.8060731884037,"word",0.324486466064696,0.908108982723206,3.83427355671301,55,461,"rec",1,5381.0888571697
"462",99.0223843220745,"word",0.433952447209453,0.676826851209626,3.32403145730495,35,462,"rec",1,5289.4471222765,100.651079153475,100.41031605183,"word",-0.421982215626035,0.70914243045263,9.43224994232878,380,462,"rec",1,5370.12145844211,"word",1.87933106361192,0.687878443859518,6.77824025275186,715,462,"rec",1,4853.75428143909,99.4185580524712,"word",-0.0397303272646782,0.581259996397421,0.342959559056908,744,462,"rec",1,4909.95314291815,99.7727427257128,"word",0.430051262603784,0.00487536564469337,3.74118332052603,975,462,"rec",1,4501.61732008414
"463",100.938356665644,"word",-1.1277850536848,0.960862103151157,6.0876478953287,286,463,"rec",1,5072.06971588821,101.631394762642,99.7982295266739,"word",-1.65953999184008,0.188734911382198,3.4079886553809,429,463,"rec",1,4987.28605716571,"word",1.50389526133256,0.7510694230441,1.26313065411523,586,463,"rec",1,5086.14430119819,99.8089990532704,"word",-0.120445171871055,0.644270797492936,8.5117814457044,886,463,"rec",1,4891.424114149,100.554264032461,"word",1.2445663453752,0.459736350225285,0.737710713874549,279,463,"rec",1,4962.54065675356
"464",100.386327625379,"word",-1.7517497808146,0.232342004776001,3.69588161818683,954,464,"rec",1,4989.72247104577,100.503069546235,99.0177250925274,"word",1.5197487878938,0.264150369213894,3.02314860979095,998,464,"rec",1,5088.00744496581,"word",0.518840395278863,0.473022795515135,8.42672317288816,949,464,"rec",1,4977.87123556245,100.468881836064,"word",-0.896337291350157,0.754315963247791,3.46324432408437,474,464,"rec",1,5046.46560708701,99.712728085552,"word",0.165997357062146,0.406126471469179,6.49444318609312,438,464,"rec",1,5096.23338672752
"465",98.3338642376561,"word",-0.168428247108718,0.706204130779952,7.728590243496,197,465,"rec",1,5139.40216776104,98.4593619929953,100.953447834095,"word",2.36866741781235,0.117215754231438,1.28182640764862,872,465,"rec",1,5044.80438814072,"word",1.24022282235971,0.442508548265323,8.28847533091903,407,465,"rec",1,4727.30046726421,98.2601629819702,"word",-0.993557107942651,0.992680388968438,2.72163691464812,425,465,"rec",1,4832.30122054989,97.9938147073087,"word",-0.0294869325522604,0.497525405604392,1.70689094113186,901,465,"rec",1,5005.45161267088
"466",99.3964284318884,"word",1.13206152891592,0.134873216738924,2.94112906558439,215,466,"rec",1,5157.2674582769,99.7136541363769,99.3157432790694,"word",-0.143311799599827,0.136317216092721,0.537815056741238,525,466,"rec",1,5023.51144602308,"word",-1.24174109926097,0.194887074409053,9.68451617285609,525,466,"rec",1,5083.37990080987,99.6956373105733,"word",1.1489157035527,0.324334930395707,8.07719208300114,805,466,"rec",1,5042.8387993188,99.9698953456404,"word",0.170695648585211,0.16585268988274,4.3732462474145,463,466,"rec",1,4805.28377604177
"467",98.1504033897462,"word",-0.495228032356882,0.654211059678346,8.92254520440474,410,467,"rec",1,5277.61818203323,97.7958552416421,100.419929683649,"word",1.19909056927979,0.827217774698511,4.96833031997085,868,467,"rec",1,4977.4211407165,"word",-0.663473508570065,0.559930057963356,9.20751257799566,469,467,"rec",1,5030.15443324891,99.5211663241059,"word",0.118388489924207,0.999074141960591,1.57599222613499,886,467,"rec",1,5129.30621372801,98.1228675206703,"word",0.384580259822168,0.731089682551101,1.93485898431391,360,467,"rec",1,5089.07918474132
"468",100.933167200698,"word",0.897991423954835,0.894905182765797,5.9157444932498,652,468,"rec",1,5041.75090855036,100.379838183553,99.2427159838225,"word",0.244921573839341,0.608458009082824,1.04433651315048,409,468,"rec",1,5041.14870154246,"word",0.0610057846375168,0.475875149713829,5.84928533295169,837,468,"rec",1,5159.13548368356,101.701957813574,"word",1.03545069322443,0.71985682612285,4.95955884456635,443,468,"rec",1,4958.70108588719,100.143390626014,"word",-0.276110509018881,0.232651240192354,4.10143146291375,228,468,"rec",1,5224.85699715438
"469",99.6831298533915,"word",0.175673276430701,0.228093326557428,0.708534985315055,152,469,"rec",1,5460.09908556225,99.7773730392008,101.798337751229,"word",-0.424578417279901,0.799062182893977,6.7368195252493,83,469,"rec",1,4729.94416454571,"word",0.0547957746092479,0.126099779037759,3.18656512536108,501,469,"rec",1,4501.4209893251,99.3064723960687,"word",0.40504675811433,0.636860415572301,1.49148485856131,841,469,"rec",1,5004.62459642341,100.391630670762,"word",-0.828876481620104,0.761419225018471,2.79631668003276,982,469,"rec",1,5310.88504836751
"470",99.1370900583101,"word",0.679578872043407,0.668528709327802,2.45308683253825,323,470,"rec",1,5055.6271492914,99.4404503242183,99.974627064635,"word",1.11543477978639,0.111542429309338,5.0553897372447,96,470,"rec",1,5024.36086227265,"word",1.00614614320875,0.861024365294725,7.99006773391739,815,470,"rec",1,4902.35264164392,99.3682341514075,"word",-1.45700923606362,0.161682568723336,9.3380469433032,534,470,"rec",1,5019.11288522797,100.7079924748,"word",0.0539616873589707,0.100983808515593,4.54090196639299,441,470,"rec",1,4879.50996487934
"471",99.8342655899791,"word",1.38757855074494,0.981387093663216,4.84787471592426,475,471,"rec",1,4675.62478989443,98.9471279533248,101.131262838221,"word",1.01861046998896,0.369338355027139,0.711700464598835,9,471,"rec",1,4830.45124603083,"word",0.391232921070419,0.20024242461659,2.09750612964854,395,471,"rec",1,5232.71161676422,99.964098765258,"word",0.845691652809175,0.0836810080800205,4.89277777262032,738,471,"rec",1,4617.75015011279,100.044992801332,"word",-0.518267290262232,0.411102479556575,8.0333482241258,60,471,"rec",1,4926.62927803795
"472",100.325094102749,"word",-1.31307845019037,0.0340306938160211,8.2520082546398,869,472,"rec",1,5361.51922378535,100.08827426267,100.016789505487,"word",-0.180166045618748,0.839560998370871,7.36936721950769,507,472,"rec",1,4955.05561374593,"word",-0.83944518066869,0.974686538567767,6.1979969474487,177,472,"rec",1,5033.58398501914,101.14896627304,"word",-0.122227111559544,0.359419334679842,0.119891369249672,448,472,"rec",1,5272.6109410761,101.290197466416,"word",0.167739375961485,0.817722802050412,2.16286810813472,321,472,"rec",1,4964.54626671898
"473",100.525486318113,"word",0.578747799199179,0.156747040338814,2.71364870015532,695,473,"rec",1,5044.49679092745,99.405025713513,101.372001282462,"word",2.84329448686985,0.512402877444401,5.56545864790678,93,473,"rec",1,5347.61358082484,"word",-1.49050634917183,0.094720589928329,5.25799013208598,921,473,"rec",1,5042.48024787461,99.5104890528101,"word",-2.09212274209555,0.378769993316382,1.77765954518691,570,473,"rec",1,5004.20037864819,99.2052814466458,"word",-0.171396847654802,0.169949073344469,7.15948537690565,725,473,"rec",1,5211.81336002217
"474",99.7762478958888,"word",-0.348718419212355,0.322635117452592,1.83616863796487,777,474,"rec",1,5310.85502696911,99.2620580518081,100.431597761161,"word",-0.0367401043277467,0.426051851129159,9.78664360940456,360,474,"rec",1,5178.96354207061,"word",-0.0917555872566128,0.93012672662735,0.0308096944354475,276,474,"rec",1,4940.98187664928,101.293374654332,"word",-1.69565632280774,0.324371956288815,8.86662393342704,267,474,"rec",1,5167.542480557,100.146808037582,"word",-0.587610186732336,0.460925652878359,3.59210250433534,988,474,"rec",1,5135.47867265742
"475",101.847825581015,"word",-0.225040391621884,0.207147060893476,9.19278169516474,106,475,"rec",1,5071.31195155934,101.531002308819,101.173636867006,"word",-0.64895444867194,0.346490760333836,1.19137655710801,477,475,"rec",1,5040.55902143405,"word",-0.870142518747009,0.675089525524527,9.30327593814582,66,475,"rec",1,5396.83641141869,97.5247390240866,"word",1.86391661934486,0.810377808054909,2.82123159850016,365,475,"rec",1,5024.54140693871,99.7571501847621,"word",-1.20452632358185,0.251690898556262,2.91103131370619,320,475,"rec",1,5151.15603548896
"476",97.9106124591903,"word",0.237182740996812,0.372951870085672,8.7287285621278,392,476,"rec",1,5130.15745499715,99.7374616879322,99.1690294355289,"word",1.12963928720014,0.283365324372426,3.77120150951669,476,476,"rec",1,4927.20753752338,"word",0.632210103917029,0.0594149152748287,1.53491170844063,188,476,"rec",1,5112.3168639686,99.4298560806517,"word",-1.70159348088933,0.543218171223998,2.8496831166558,51,476,"rec",1,5418.4722223382,99.7221478031732,"word",-0.793211877515927,0.480888041900471,5.83083015633747,21,476,"rec",1,4984.07441231381
"477",99.9748743935522,"word",-1.51622442704311,0.373127417638898,1.28694767365232,714,477,"rec",1,5368.07592572067,99.7795076456392,98.584651707846,"word",0.367866462394963,0.780470405705273,2.12246706709266,460,477,"rec",1,4956.11146493115,"word",0.257229326326249,0.489894670667127,7.5514404498972,612,477,"rec",1,4964.31782743905,99.9039745548807,"word",-0.041788995783945,0.215006568701938,3.53521536570042,817,477,"rec",1,5002.0109685962,99.6728138437953,"word",-0.24669752121141,0.132835186319426,5.12856202898547,431,477,"rec",1,4921.99354505055
"478",99.0123243201042,"word",0.355802119433415,0.511691577499732,8.28582338988781,160,478,"rec",1,5005.46584782775,100.662308483102,100.315744703791,"word",0.211032331928402,0.292709042318165,0.519840572960675,174,478,"rec",1,5197.8708900757,"word",1.30281267555329,0.514139306498691,1.68654470937327,836,478,"rec",1,5175.05178732609,99.1959189253907,"word",0.312663429888071,0.793195105856284,6.21812560362741,314,478,"rec",1,5319.36314875384,99.4476664861514,"word",-1.41121699510947,0.768795775948092,2.08855720004067,283,478,"rec",1,5380.44720947452
"479",101.598062836608,"word",-2.56182095405083,0.651478930143639,1.30881388671696,496,479,"rec",1,4937.90317982267,101.827116761168,98.3368656336435,"word",0.988929843929129,0.0830134516581893,0.224096910096705,390,479,"rec",1,5149.72696216851,"word",-0.574375017086855,0.418828155379742,8.44775850418955,677,479,"rec",1,4969.98159253202,100.068470913453,"word",1.40963576716537,0.20670830574818,6.59177152207121,473,479,"rec",1,4861.66182931765,100.251963432028,"word",0.391861169944135,0.874088287586346,1.91812211181968,755,479,"rec",1,5238.37146640272
"480",101.557345217683,"word",2.12006704209191,0.607227890053764,4.3251507380046,486,480,"rec",1,4730.05740429428,99.2439490019424,99.7095707794935,"word",-0.493776403523949,0.378361833980307,9.4781873957254,206,480,"rec",1,4751.82430347388,"word",-1.29668806690254,0.0588782848790288,4.54374201362953,599,480,"rec",1,5019.81639690674,101.354677178866,"word",-1.54339411136047,0.338401316432282,0.329060645308346,848,480,"rec",1,4749.09123530401,100.351153758059,"word",-0.834158627865258,0.47152897529304,8.48430913640186,983,480,"rec",1,5085.73368028902
"481",99.1935595605446,"word",-1.20552752902677,0.00481770094484091,6.85293909395114,676,481,"rec",1,5142.27546438847,100.630961761261,101.19677774393,"word",2.06538124954352,0.915422232355922,1.08656438300386,351,481,"rec",1,5003.90640607187,"word",0.181447856305218,0.828038423089311,2.96182906255126,280,481,"rec",1,4855.8839977068,100.77556062244,"word",-1.48653425907485,0.963641157606617,4.22873509582132,641,481,"rec",1,4895.08711746548,100.353913160116,"word",0.97691324025824,0.663122598780319,4.32712622219697,752,481,"rec",1,5042.54654720135
"482",97.970991102924,"word",-0.305415261461064,0.494997225468978,1.26477226149291,110,482,"rec",1,5260.51319431091,98.97340194774,100.200998844005,"word",0.0519473270679842,0.0384229281917214,0.98500196589157,307,482,"rec",1,5118.88885788622,"word",-0.452657595594289,0.955800571013242,5.4510987829417,751,482,"rec",1,5294.05921008401,100.827142896446,"word",-0.65048768545122,0.0525694547686726,3.37047878652811,172,482,"rec",1,5274.11342776071,98.8834659105196,"word",-0.281155661501586,0.801589623792097,1.44927416928113,22,482,"rec",1,4808.31089008178
"483",102.501478405136,"word",-0.181353370454733,0.700544236693531,6.27809449331835,293,483,"rec",1,4802.89906112414,99.8275650437315,99.1800471836885,"word",-0.630802617380699,0.718890559859574,4.58994831889868,746,483,"rec",1,4910.24277176575,"word",0.670071007134435,0.909370512934402,2.18919889768586,591,483,"rec",1,5645.06413399707,98.3808956966722,"word",0.687594296511703,0.566200030036271,6.60521135665476,991,483,"rec",1,5099.28482854561,99.0696345868994,"word",-0.110980467040802,0.970772538101301,5.89453684398904,985,483,"rec",1,4803.97972951059
"484",98.2236254045362,"word",0.194808307670591,0.826760231051594,8.96937533048913,305,484,"rec",1,4779.1402167743,99.3444424485104,101.433600812543,"word",0.0731210174479159,0.576714736409485,6.39026065124199,771,484,"rec",1,5051.28315943892,"word",-0.399833741714851,0.986286964733154,0.376523758750409,764,484,"rec",1,4893.70967870319,100.723221920085,"word",1.34390772447679,0.364946308080107,1.12922307103872,124,484,"rec",1,4930.2654419438,98.5715382867215,"word",-0.264880761754638,0.873810701537877,6.31525906035677,798,484,"rec",1,4877.71935495963
"485",101.994609391007,"word",0.430024611881095,0.376844704151154,5.69165267748758,503,485,"rec",1,4973.33882246827,100.770365630733,100.917246274218,"word",-1.72711473278954,0.115769725991413,3.07817965280265,959,485,"rec",1,5090.9547171728,"word",-1.0462389147551,0.954335698857903,0.484705462586135,332,485,"rec",1,4583.65941338125,101.359850665818,"word",0.903881356593318,0.447524832561612,1.39113825745881,565,485,"rec",1,4747.91147016274,99.3109715942434,"word",0.340563292125988,0.0219114883802831,3.44130967278033,876,485,"rec",1,5232.90206507074
"486",100.03384414568,"word",-1.55218917809651,0.268011700361967,4.85989443957806,781,486,"rec",1,5094.67960144241,101.445678260135,99.2586901776528,"word",-0.449786423357453,0.231622701045126,2.89513025898486,724,486,"rec",1,5080.47392458924,"word",-1.06603653836842,0.362662713974714,7.24428040673956,395,486,"rec",1,4990.73645784357,99.3625471104884,"word",0.630506093609093,0.877670221030712,8.56142793782055,415,486,"rec",1,4768.98045136331,100.517292991854,"word",0.455691403405119,0.702901349170133,0.66862624604255,66,486,"rec",1,4897.11390878233
"487",101.736570403693,"word",-1.2023262608064,0.741571587277576,9.84402161557227,949,487,"rec",1,4720.03073408707,99.353267481774,99.9111035071212,"word",-0.0029522329116591,0.786652855807915,4.69235199037939,243,487,"rec",1,5005.4193621697,"word",-0.264467688740016,0.455863659270108,9.03928717598319,292,487,"rec",1,4513.55185982942,100.110259540454,"word",-0.391290947484406,0.934409579029307,2.1383113367483,919,487,"rec",1,4887.20703365948,99.3383105127254,"word",-0.483243435197384,0.928985461359844,0.0241935183294117,268,487,"rec",1,5230.04011515046
"488",99.7030227737008,"word",-1.40339865814297,0.78557099448517,8.64669117843732,876,488,"rec",1,5054.05913174262,101.710538168159,100.346634919982,"word",-0.527112567462782,0.204233494121581,1.29002145724371,827,488,"rec",1,4726.78635536753,"word",-1.50332620653266,0.516897426685318,1.18956652702764,336,488,"rec",1,5006.14093309562,101.54319914287,"word",-1.43469786825066,0.15478484146297,8.02817196119577,172,488,"rec",1,5108.27293961672,99.4391121966849,"word",0.753032921026053,0.333547098794952,4.96533783851191,637,488,"rec",1,4704.00930037762
"489",99.2487554657957,"word",-1.30917048527235,0.79886034829542,7.42342970799655,567,489,"rec",1,4771.63076316666,99.7909020220932,101.301256776907,"word",0.202009714812426,0.723860258003697,0.327529071364552,345,489,"rec",1,4748.34914308426,"word",0.163153846920199,0.416126053314656,6.461762401741,971,489,"rec",1,4975.03269313204,99.6350729802753,"word",0.749937088042651,0.505967546720058,1.01645022630692,821,489,"rec",1,5157.7945579574,100.540474416094,"word",0.498419035283874,0.796879980014637,6.48871165001765,604,489,"rec",1,5002.58178260988
"490",99.1703065332243,"word",-0.781417886593572,0.000883852830156684,6.43077675718814,434,490,"rec",1,4911.82542136257,99.8045149731457,99.4273531219087,"word",-1.63572206802666,0.0391335636377335,4.79468439938501,544,490,"rec",1,5215.32353613184,"word",-0.65870406573123,0.920346791157499,4.9858369352296,262,490,"rec",1,5063.73497452136,101.215821664256,"word",-0.884909804049932,0.780104604316875,8.65576300304383,870,490,"rec",1,5199.02825410898,99.2245458707866,"word",-0.173097339662968,0.988851179834455,0.318814306519926,909,490,"rec",1,5134.66101991247
"491",100.396999858766,"word",-1.24036072821245,0.309195740614086,1.60499288700521,752,491,"rec",1,5124.46081309113,100.869883181967,100.479275868837,"word",2.12235589249542,0.691517812432721,9.71542917890474,754,491,"rec",1,4821.67481088505,"word",0.504406653359691,0.588558603310958,5.46886856900528,477,491,"rec",1,4985.20513641969,100.298187315917,"word",-0.562903098477913,0.791247584158555,7.15712824603543,967,491,"rec",1,5102.69691772321,101.305252143365,"word",1.22385902851854,0.618378032464534,9.54537363955751,198,491,"rec",1,4973.50090434592
"492",99.2393507173564,"word",-1.19885746313281,0.833828940754756,3.20770001737401,239,492,"rec",1,5079.03635382454,98.9991014966802,98.7611690220327,"word",-0.788437713040057,0.202528815250844,8.87037768261507,332,492,"rec",1,5038.17311233079,"word",0.289277421062282,0.960172069491819,2.77655255282298,418,492,"rec",1,4933.61926907488,99.7689284029534,"word",0.410596211195617,0.0773790345992893,0.0382913928478956,916,492,"rec",1,4705.20705400339,98.2308036319253,"word",-0.771574478606584,0.320918863639235,3.49774820264429,324,492,"rec",1,5017.43207741968
"493",101.012881642263,"word",0.461661252128864,0.358579387888312,1.5126296877861,186,493,"rec",1,4884.2742508742,99.2201172135944,99.6285533921762,"word",-1.46669661923774,0.215540015604347,5.64219403779134,272,493,"rec",1,4998.23213790811,"word",-0.567705598149718,0.559250145452097,0.678575856145471,927,493,"rec",1,4895.27722110832,100.676702650228,"word",-1.19263259551941,0.678820584900677,7.84976171562448,453,493,"rec",1,5101.65514353089,101.928623060842,"word",-0.303568233061105,0.646287254290655,9.51784397708252,665,493,"rec",1,5250.92976682653
"494",100.628805574428,"word",0.813457436513848,0.165131187764928,7.04849081812426,870,494,"rec",1,5191.12029197361,100.945680565528,99.1321999909162,"word",-0.602537592034692,0.555387540953234,7.93514824705198,101,494,"rec",1,4807.8271137785,"word",0.514660307210787,0.689233288867399,6.19623244507238,63,494,"rec",1,4823.256064755,99.0803813623009,"word",0.974622732779949,0.881426463136449,9.16125965304673,276,494,"rec",1,5296.66836126205,100.645643766656,"word",-0.627669269457187,0.906750361435115,4.13227385608479,738,494,"rec",1,5210.5036986579
"495",100.786805801741,"word",1.13229491798264,0.517465948592871,4.7489053546451,182,495,"rec",1,5153.295285246,99.3175278804208,101.389602119838,"word",-2.50867920018466,0.739658242091537,0.0386797543615103,642,495,"rec",1,4949.79700479625,"word",1.84967332756068,0.216649014037102,8.68964034132659,605,495,"rec",1,5005.79347056289,100.080143264419,"word",-0.128409302921549,0.788664026651531,8.65987955825403,209,495,"rec",1,5092.19663009842,100.310953528433,"word",-0.721527878922479,0.255183662753552,7.73926313500851,92,495,"rec",1,5044.84057580197
"496",101.451074067036,"word",-2.20565255834496,0.333898101234809,6.65349584072828,94,496,"rec",1,4679.46779758406,98.9477752617748,100.150973160712,"word",-2.9930072277404,0.820431099506095,1.22931192629039,129,496,"rec",1,5063.34340745496,"word",-0.77041969289539,0.580092167947441,7.737026065588,152,496,"rec",1,4621.78413733041,99.509606295166,"word",0.295164102903043,0.831895329989493,3.27156002167612,809,496,"rec",1,4804.52783730473,100.081461328612,"word",0.926575199453152,0.974325581453741,2.25189887918532,595,496,"rec",1,5222.00330765261
"497",100.358323512747,"word",1.428565635129,0.322437214432284,6.72023032559082,43,497,"rec",1,4838.47245371596,99.1996307664379,99.4551367165061,"word",-0.568246463334342,0.879059510305524,1.88020454021171,251,497,"rec",1,4821.61969014284,"word",-0.00172308832767661,0.245994632598013,1.25683806836605,924,497,"rec",1,5037.96603907814,99.6591761268895,"word",-0.946396471469638,0.181827049935237,1.43243015743792,25,497,"rec",1,4916.85433576156,98.0572533069256,"word",-2.18367014564104,0.5583366593346,7.60812242748216,533,497,"rec",1,5233.8166127846
"498",100.167390544666,"word",0.0114988320067591,0.602448344696313,4.55180845689029,867,498,"rec",1,5067.51521831473,100.856836578016,98.4897693434017,"word",0.716412154479465,0.576438834425062,5.07746399845928,391,498,"rec",1,4813.41880744325,"word",0.864886999235231,0.78358058584854,6.29932622425258,802,498,"rec",1,4998.68157896979,99.9991787212511,"word",0.70654331945594,0.251859358511865,6.92196323536336,235,498,"rec",1,5175.80159764246,99.8737860130248,"word",0.121199070738752,0.427001609001309,4.45253162877634,702,498,"rec",1,4969.96162700996
"499",100.672037861929,"word",0.0608216019135677,0.270330501021817,2.78384546283633,64,499,"rec",1,4924.16448235639,98.6442296881854,100.781980882797,"word",0.858332032620112,0.256099667632952,6.06845203088596,851,499,"rec",1,5131.60902105195,"word",-1.94304563496415,0.028958493610844,2.84399649128318,256,499,"rec",1,4957.51764481406,98.6664092740331,"word",0.114197792707354,0.344152709236369,5.33787084976211,766,499,"rec",1,4524.69020721659,97.7386633369312,"word",0.601859902804356,0.733417921932414,0.179483387619257,264,499,"rec",1,4947.40315172603
"500",99.6549647207507,"word",-0.701260057135641,0.0987499996554106,9.73517983220518,507,500,"rec",1,5096.1585954554,101.204503523767,99.3091368169425,"word",0.311646350005438,0.508773126173764,7.58041485911235,164,500,"rec",1,5157.42061694525,"word",-0.708125833586451,0.515311639755964,4.01569512207061,510,500,"rec",1,5188.78000133361,98.4091355651908,"word",-0.672240360823884,0.219569850014523,7.17655688058585,178,500,"rec",1,5117.44834479044,100.387115127807,"word",-1.06484344472659,0.36087870481424,1.4048750908114,963,500,"rec",1,5121.14966822281
"501",101.004198994421,"word",1.04046547778257,0.399999074870721,9.53787043690681,125,501,"sec",1,5016.91038970173,99.762610746116,101.569845367874,"word",1.12545671814557,0.485060796374455,5.89653709903359,799,501,"sec",1,4809.79566155109,"word",1.51462169022101,0.967191847972572,2.70369171863422,182,501,"sec",1,4806.99622437701,100.828597219559,"word",0.724185475501423,0.0723045137710869,9.79094343725592,957,501,"sec",1,5378.9607047705,99.37918637718,"word",-0.158121699334782,0.26038142410107,2.41721420316026,801,501,"sec",1,5220.2052627313
"502",101.397908873419,"word",0.555285533294099,0.856534537160769,7.79950474854559,698,502,"sec",1,4790.84087197609,100.751818861084,100.703786063294,"word",1.08059266970057,0.594350497238338,1.18101812200621,970,502,"sec",1,4805.49404219848,"word",0.945982696720663,0.0446510412730277,2.44745862204581,125,502,"sec",1,5198.89078513953,99.3814798970352,"word",-1.21566161698682,0.471362937474623,4.17721070582047,448,502,"sec",1,5323.51271960362,100.211582650688,"word",0.384122939928718,0.427453681826591,0.500515871681273,837,502,"sec",1,5389.13739983496
"503",99.8764580876329,"word",0.324503851346762,0.367629440268502,4.17833497514948,693,503,"sec",1,5157.88914294547,100.400757646381,100.620240313676,"word",1.36177456088887,0.936847659060732,0.949429618194699,499,503,"sec",1,4810.67595918241,"word",0.724181738127575,0.627306546783075,5.09212058736011,966,503,"sec",1,4962.54768897291,98.756846801594,"word",-0.665061055429143,0.36685754195787,1.47165552014485,38,503,"sec",1,4989.96450124548,98.274503854156,"word",0.359888199844759,0.694411735748872,8.37754362495616,407,503,"sec",1,4720.2459450843
"504",99.6849680975425,"word",-1.74167011356009,0.0306794180069119,4.91634510457516,308,504,"sec",1,5291.82529527712,100.571773756842,100.153727673847,"word",-1.61798820523457,0.984584713354707,5.57111555244774,461,504,"sec",1,5030.91174784421,"word",-0.449442198804615,0.737985983723775,1.2664872338064,231,504,"sec",1,5006.30507348919,100.492681446257,"word",0.398847547523651,0.885724435560405,8.67310046218336,299,504,"sec",1,4819.90376328449,99.8443490173113,"word",-0.314198244011549,0.388087920146063,6.65793755324557,151,504,"sec",1,5286.5200818722
"505",100.616216637245,"word",0.685152042591936,0.0852976148016751,8.93955681007355,419,505,"sec",1,5261.84999210705,101.297413043754,99.2224615294961,"word",-2.20838465545397,0.347244427306578,5.17442176118493,842,505,"sec",1,4979.49319404222,"word",0.266945867217213,0.508463560370728,4.97192938579246,522,505,"sec",1,4942.67938125772,101.677712034909,"word",-0.253998562205575,0.721894965274259,8.54914806317538,474,505,"sec",1,5128.73939241151,99.4329333789782,"word",-0.894354334309669,0.711322493152693,6.10675995936617,398,505,"sec",1,4818.70122911744
"506",100.091572613789,"word",0.0445135729204872,0.602948272833601,3.48422016715631,165,506,"sec",1,4654.2166119467,100.979042824527,98.2474601173227,"word",0.773927296068549,0.877541260793805,1.79410307435319,303,506,"sec",1,5326.93223613294,"word",-0.160599424820116,0.00106083345599473,3.63439013715833,983,506,"sec",1,4973.2888432124,99.8937353537268,"word",0.716095324850844,0.533400964457542,1.44600465195253,457,506,"sec",1,5170.09575389783,99.7536223771844,"word",1.91802202267471,0.345909156603739,3.84564590407535,779,506,"sec",1,5291.73520842237
"507",100.270217947413,"word",0.00342885391809763,0.62037504510954,6.24710770323873,551,507,"sec",1,4715.56473851861,100.393228081744,99.0493771020716,"word",0.398270191706377,0.587350039510056,6.896796093788,515,507,"sec",1,5029.89651372454,"word",0.539329279385879,0.920574585674331,7.60137037374079,228,507,"sec",1,5085.18698871173,100.497150138583,"word",1.08274311975798,0.71972266305238,8.18900725804269,952,507,"sec",1,5324.92145743404,99.0007971638218,"word",-0.883104484837942,0.409161702496931,3.81025810958818,77,507,"sec",1,4889.28410988603
"508",100.311537367968,"word",-1.35718475126544,0.874324765056372,7.18120137928054,549,508,"sec",1,4389.33359338502,99.3746946909706,99.7868213487945,"word",0.20400346975687,0.83840554417111,3.41878686333075,200,508,"sec",1,4872.97036738906,"word",-0.263465338869406,0.638449546415359,4.27179812220857,530,508,"sec",1,4935.55350523688,100.176703791149,"word",0.438752718707485,0.613200578372926,4.70053906086832,721,508,"sec",1,4901.38530624571,100.981079527411,"word",-1.69240656749724,0.998613876290619,6.08890139032155,289,508,"sec",1,5371.99901139551
"509",98.9425782061409,"word",0.182418121294679,0.280656164279208,8.5783274890855,834,509,"sec",1,5104.77785257755,100.396254518418,99.6631784981153,"word",-0.336783129475564,0.938592810882255,7.86841569002718,844,509,"sec",1,5286.40088687399,"word",1.68692108372817,0.50676857214421,1.48247643141076,96,509,"sec",1,4663.34376050475,98.4664303588994,"word",-0.806512121246994,0.848406601464376,6.7264561727643,710,509,"sec",1,4974.43293870492,99.3062217202108,"word",0.767866378502554,0.533331389538944,6.22955191647634,496,509,"sec",1,4953.48437691863
"510",97.8250390289503,"word",-0.900908923809576,0.824335475917906,8.90819213120267,806,510,"sec",1,5053.84482333708,101.2473408477,98.6170220698286,"word",0.773897351058346,0.381090617040172,7.48401821125299,141,510,"sec",1,4737.24766652553,"word",0.519206908218714,0.101988076465204,2.05977220088243,876,510,"sec",1,4681.45667179628,100.465987696402,"word",0.149721633100434,0.00371398613788188,9.31732135824859,109,510,"sec",1,4578.58576758259,100.56420329808,"word",-1.01894733393241,0.780906652566046,5.67669039592147,780,510,"sec",1,4867.75103511973
"511",100.582127654236,"word",-0.955220723349877,0.188376539153978,1.1720848758705,787,511,"sec",1,5239.76942774854,98.8322589481909,98.165525097271,"word",0.0860360462072071,0.288819388719276,5.57461980963126,504,511,"sec",1,5327.19045153907,"word",0.769307258924141,0.153008206281811,2.90156292030588,818,511,"sec",1,4734.40835472065,98.766567400171,"word",-0.88892887754898,0.854811381781474,0.789718355517834,406,511,"sec",1,5067.31597391736,102.518517470918,"word",-0.296701337830551,0.290296127321199,2.88042999571189,310,511,"sec",1,5338.24865122344
"512",100.94933537389,"word",-0.985598353918156,0.479188343742862,5.36719628609717,1000,512,"sec",1,4924.69550657926,99.268473255588,100.56628959437,"word",0.468415020642377,0.401469280011952,4.33061475167051,774,512,"sec",1,4951.6216932566,"word",0.0737877787312801,0.380960934795439,9.23589223064482,127,512,"sec",1,4970.22345608236,98.0535117538955,"word",-0.135815693543922,0.671961200656369,2.90980826131999,513,512,"sec",1,4957.59083332268,101.337142806428,"word",0.457169236235359,0.331070590997115,9.57829202059656,160,512,"sec",1,4913.04145101242
"513",102.11954049177,"word",1.12986611853921,0.7224292231258,5.16875784378499,407,513,"sec",1,4986.18922466806,99.2514873469997,98.8194522306633,"word",1.43204087992391,0.158934522885829,8.2983641163446,803,513,"sec",1,5065.80680019737,"word",0.625079757784367,0.564209199044853,0.523043137509376,909,513,"sec",1,4867.65790546496,101.256731610116,"word",0.929655502235005,0.2221067273058,7.68678152700886,95,513,"sec",1,4896.24221062993,100.870619499719,"word",-0.893425118571046,0.351232145912945,4.7032621037215,295,513,"sec",1,4954.07607183006
"514",101.105114319164,"word",0.492999481071263,0.822018360719085,2.41023613605648,992,514,"sec",1,4827.57536759339,99.291952539161,100.364468250532,"word",1.23160806958124,0.509372595464811,7.21591077046469,805,514,"sec",1,5026.35961994751,"word",0.122182465121313,0.778021359117702,6.73242550576106,508,514,"sec",1,5029.46325863117,101.240045912026,"word",-0.202029257081029,0.607858530478552,5.78492290340364,219,514,"sec",1,5252.50540866532,101.761918676953,"word",-1.77446375006127,0.265999160241336,2.61717076878995,933,514,"sec",1,5049.02398566541
"515",99.096895913889,"word",-0.416058468997701,0.437952207401395,4.68681220663711,301,515,"sec",1,4938.40182977411,98.2804443458891,99.4538954816025,"word",-2.03127745484417,0.508756531635299,3.4376730513759,251,515,"sec",1,5148.18941572024,"word",0.975002727460014,0.589112740010023,8.82553544128314,884,515,"sec",1,5084.59561219144,99.2594143243852,"word",0.0926947671322447,0.014582161558792,3.50139560177922,322,515,"sec",1,5028.25763580815,99.781149084688,"word",0.772379044823099,0.171122634317726,8.58802180504426,94,515,"sec",1,5099.98591464071
"516",100.2511332241,"word",1.88344590378267,0.0595272381324321,8.97407276555896,871,516,"sec",1,5290.86667900415,99.7083842133647,98.5290707313527,"word",0.297208932418492,0.49360705493018,9.61297998903319,450,516,"sec",1,4876.66106463745,"word",-0.0308508354011897,0.834149145288393,6.47855416638777,398,516,"sec",1,4603.07456646799,100.680727943167,"word",-0.534733239779447,0.89850027160719,1.88551887869835,555,516,"sec",1,4911.60729671889,100.800275047462,"word",0.616154297065084,0.643787453649566,1.9415199290961,446,516,"sec",1,4911.38497509344
"517",101.070769968641,"word",-0.126618677196245,0.492540115723386,2.19301532255486,471,517,"sec",1,4980.41758308113,99.2171028400247,99.4150993120059,"word",-0.621365147906831,0.529086669441313,3.4699638443999,520,517,"sec",1,4897.61862609037,"word",-0.709381281388879,0.716393447248265,6.17980394279584,465,517,"sec",1,5101.77034897613,100.904713442234,"word",0.530044075336177,0.687520660692826,3.47042135428637,257,517,"sec",1,5219.94933826734,100.874664796868,"word",1.8307308586444,0.465008547995239,9.80909364065155,270,517,"sec",1,4731.82575445886
"518",100.280788395879,"word",2.07220315288625,0.284779094858095,5.59510861989111,561,518,"sec",1,5111.45433866637,100.669212294707,98.4279139733825,"word",0.733592807010882,0.91683092713356,2.88626234047115,909,518,"sec",1,4676.41261425588,"word",1.72033537045205,0.5873686701525,0.00125226331874728,207,518,"sec",1,5215.53856776121,100.768215074665,"word",0.164359589683386,0.0842605866491795,6.33867543656379,23,518,"sec",1,4821.45270515167,99.0633039280155,"word",0.157282799599109,0.413571990793571,5.12649357318878,536,518,"sec",1,4978.85138189331
"519",100.674656684444,"word",0.551709751663707,0.27489185729064,8.30668695271015,10,519,"sec",1,4701.22594472385,99.8515362128024,99.1707519453382,"word",0.0538712468757527,0.846539835911244,2.01203765580431,682,519,"sec",1,4746.83935623992,"word",0.679819907745286,0.0675037819892168,7.60633738711476,808,519,"sec",1,4973.33897214456,100.467740598405,"word",0.192267956886474,0.476928368210793,2.19263455132023,113,519,"sec",1,5347.78312062985,99.6281009081481,"word",-1.57508702637862,0.046353462850675,6.63612575968727,967,519,"sec",1,4744.97599631117
"520",100.212936648078,"word",0.810490676223548,0.718046342022717,2.14426582446322,80,520,"sec",1,4848.16351003531,102.574389015582,98.9893355661297,"word",0.976112527868806,0.792529030703008,9.8763634590432,987,520,"sec",1,5073.86233935692,"word",0.616946675300681,0.186473814304918,0.965321124531329,12,520,"sec",1,5103.92023254395,98.7464978500557,"word",0.10332050972831,0.226035055005923,5.35298854112625,612,520,"sec",1,4861.11501352676,100.572087111353,"word",-0.878247553200367,0.489819844719023,1.91362098790705,812,520,"sec",1,4943.80367116416
"521",99.8533516902439,"word",-0.639108737895122,0.191137991147116,1.91141012823209,153,521,"sec",1,5257.55208618717,98.9126235943176,101.702445332189,"word",-0.694369911356509,0.420705538941547,3.82604267681018,104,521,"sec",1,4928.90258193347,"word",0.202848469696192,0.971067762700841,4.01522820582613,254,521,"sec",1,4958.00497826201,101.74435312384,"word",1.20956649937079,0.543832921190187,2.61589581845328,342,521,"sec",1,5489.32440254123,99.8549136904907,"word",-0.240352903467391,0.0542971724644303,8.7761828256771,83,521,"sec",1,5183.17743396177
"522",101.435551703658,"word",1.44498566116908,0.57743991818279,7.70727150142193,523,522,"sec",1,4616.67934276017,101.014014303289,99.22773579152,"word",0.457039697200317,0.0400404087267816,9.82190623879433,728,522,"sec",1,4811.19951013521,"word",0.488585540570417,0.335966216167435,6.40839153202251,723,522,"sec",1,5259.03817507986,98.8779556517302,"word",0.0928872660896735,0.580425432184711,6.57550615025684,816,522,"sec",1,4633.42546252517,101.136014738573,"word",0.499666483083711,0.565929179079831,3.86322434991598,537,522,"sec",1,5189.62882444238
"523",101.91708976933,"word",-0.239892226220011,0.0675248457118869,1.51887552579865,31,523,"sec",1,4718.20373908789,100.11357450829,101.470281052679,"word",-0.235665186918061,0.858746481593698,9.17934994213283,840,523,"sec",1,5425.47108677468,"word",0.369898214672476,0.790219750953838,2.0460892142728,860,523,"sec",1,5138.50786748808,101.289992384644,"word",0.566567182623835,0.779078634222969,4.74551027175039,816,523,"sec",1,4899.03316447043,100.031874754665,"word",0.976597367584528,0.0365418095607311,8.65582410944626,397,523,"sec",1,5168.58543121114
"524",99.7930191998323,"word",-0.233635527362058,0.394145931815729,0.629843075294048,870,524,"sec",1,5074.20541910524,97.5715461029582,101.245851667958,"word",-1.20223395971046,0.754487045342103,8.29031026922166,366,524,"sec",1,5179.22824298742,"word",-1.01279483568619,0.61132265208289,5.90950836893171,601,524,"sec",1,5145.31539682425,99.669115027843,"word",0.40303395918173,0.231016266159713,4.23037694999948,579,524,"sec",1,5185.47177577125,100.116917657827,"word",-0.526389510692587,0.867407814599574,0.204853909090161,823,524,"sec",1,5194.17117006577
"525",98.9803970753158,"word",-0.580811267840695,0.932947549968958,4.58085585385561,978,525,"sec",1,4893.53943385865,99.8447920243686,100.287362614048,"word",-1.23012488082729,0.623736965470016,1.60783058963716,286,525,"sec",1,5213.15912135382,"word",1.57178471180943,0.576229486847296,2.56253883708268,390,525,"sec",1,4736.04217306466,100.414691435207,"word",0.455923110529932,0.0219381814822555,0.201255246065557,442,525,"sec",1,4591.62851424255,100.52436458196,"word",-0.0935208520502561,0.125812388956547,4.79694019071758,401,525,"sec",1,5055.97704945882
"526",101.636919489422,"word",1.60096542024514,0.783667658921331,8.31987427314743,219,526,"sec",1,4853.08385770514,99.0048065072736,100.021752012383,"word",-1.13050709240645,0.929747955873609,1.07598525704816,667,526,"sec",1,5060.98206098597,"word",0.947608674597082,0.105109357507899,0.117470817640424,444,526,"sec",1,4610.61529559689,101.367116904952,"word",-1.2330155543706,0.322076022624969,2.75067029986531,652,526,"sec",1,4655.39313830316,100.827221199113,"word",0.527620955372555,0.034116446506232,7.2919593565166,21,526,"sec",1,4888.2197133008
"527",101.940684981289,"word",-0.240725172589075,0.829232773045078,9.15832846425474,810,527,"sec",1,4581.02168657242,101.674044181623,101.386211042994,"word",-0.269206460810297,0.25398659077473,0.0889196270145476,178,527,"sec",1,5038.67627938192,"word",2.59259647036187,0.623693922301754,4.08749897731468,23,527,"sec",1,4995.92065949936,99.2411717529585,"word",0.400205761592246,0.109870729967952,9.56535703968257,36,527,"sec",1,4961.78470179572,99.9955671248215,"word",-0.936318954454662,0.140570287359878,9.60059261647984,445,527,"sec",1,4747.11369848143
"528",100.93988400888,"word",-0.389671560012913,0.946969731012359,9.5216779015027,434,528,"sec",1,4948.93133723846,99.5699748572025,101.246996393514,"word",1.01345034750811,0.517824457027018,8.12533121788874,929,528,"sec",1,5077.10068940756,"word",0.597815394965431,0.611898315139115,6.75868045305833,287,528,"sec",1,4879.19560807723,99.6655578214308,"word",-0.760256238819247,0.766854513902217,8.24478447670117,255,528,"sec",1,4887.10432557769,102.562308438403,"word",1.20525648819079,0.96591103868559,1.42921041464433,880,528,"sec",1,5083.38511422811
"529",101.065410372319,"word",-0.596922088136381,0.265178669709712,5.32474639825523,624,529,"sec",1,4992.25073741418,99.2623942130595,98.9908941220912,"word",-0.46840643259416,0.256001409608871,7.46179560897872,349,529,"sec",1,4989.04624184872,"word",-0.475415480047859,0.992236939258873,1.366648664698,305,529,"sec",1,4997.53663848822,98.5787739199422,"word",0.906281431371367,0.600068076746538,2.90309995412827,603,529,"sec",1,4908.97199471423,99.3013654892802,"word",1.11350731047157,0.600329206325114,4.93734942749143,132,529,"sec",1,5040.72826067988
"530",100.607392515111,"word",1.12117368768019,0.354724048869684,5.56148184463382,784,530,"sec",1,4909.92084605606,98.0250530202445,100.625112268319,"word",-0.102185405275431,0.291694691870362,7.91368242586032,697,530,"sec",1,4782.87286114353,"word",0.992835591187539,0.0735272408928722,6.28420966677368,393,530,"sec",1,4823.93755442919,99.471134103592,"word",-0.1625764229096,0.581904608523473,3.89965649228543,593,530,"sec",1,5031.44874041197,98.6719782970602,"word",-0.158554845314622,0.3090489723254,7.70809460664168,253,530,"sec",1,4644.92671103996
"531",99.2573833263662,"word",0.0709132480258429,0.0981661938130856,3.88511371333152,102,531,"sec",1,4658.23280133333,101.647225760427,100.265935563709,"word",-0.366868061708829,0.182330660056323,8.45294231316075,604,531,"sec",1,4781.52333035615,"word",-1.52267710833025,0.522787139751017,8.8670992385596,680,531,"sec",1,4909.3144896456,99.4815253254553,"word",1.23060776075287,0.652639928972349,4.33458258630708,281,531,"sec",1,5278.94774444129,99.73900274193,"word",-0.727412745766824,0.2235048240982,8.42556541785598,691,531,"sec",1,4975.69875154863
"532",98.1416745609161,"word",-0.926422940359569,0.294809063663706,3.04282044060528,76,532,"sec",1,4960.49310952652,100.369715585689,100.974325399954,"word",0.437621054838359,0.953918137587607,7.6118082832545,316,532,"sec",1,4777.56572174003,"word",-0.430812770432118,0.200188477756456,5.80929477931932,187,532,"sec",1,4944.94033726579,102.053610914531,"word",1.52891113184329,0.4171085820999,2.90943429572508,897,532,"sec",1,4982.66985872936,99.4640527576045,"word",-0.242151178666722,0.316107152495533,0.808512724470347,155,532,"sec",1,5029.68652380205
"533",99.4556237008729,"word",0.278212721825944,0.484158323844895,0.609257463365793,341,533,"sec",1,5279.55667027147,99.1318168828204,99.5934842930106,"word",0.360022812084207,0.875530655728653,7.7648459863849,746,533,"sec",1,4795.08645396416,"word",0.455450578585087,0.706231793621555,8.39230950921774,837,533,"sec",1,4874.53503037018,99.0679393575316,"word",-0.140329161658363,0.285216216463596,2.84615693613887,627,533,"sec",1,4952.63307406958,99.7841214192613,"word",-0.678797777194644,0.140952603425831,4.6955484058708,303,533,"sec",1,5030.30665100539
"534",100.267543323968,"word",0.364913638848954,0.949141141027212,2.03675591619685,591,534,"sec",1,5042.56789669093,99.9050121068111,98.7868432213763,"word",0.163132535887344,0.0739650258328766,5.46940980944782,781,534,"sec",1,4777.14555293825,"word",0.457278055767774,0.984464673092589,1.28226989880204,311,534,"sec",1,4805.73265493229,100.195145005031,"word",-1.40687220168317,0.450982341775671,8.30878857756034,551,534,"sec",1,4983.78747266905,101.412301185468,"word",-0.242677314338327,0.465373245300725,3.78349711652845,68,534,"sec",1,4959.03741900199
"535",100.054694916572,"word",-0.0729845261641371,0.398779667215422,9.87968624336645,247,535,"sec",1,4864.3808734348,99.5464741975828,100.057733206883,"word",-1.03313453286544,0.448494167299941,2.28727359091863,975,535,"sec",1,4728.87751137755,"word",0.0181398844008127,0.819307123543695,9.59919593762606,631,535,"sec",1,5150.88349536661,99.9282468416675,"word",0.627652094074363,0.00289575685746968,4.26901230588555,383,535,"sec",1,5016.42153184636,99.3249905584316,"word",0.865578586438908,0.955005520256236,8.07977749267593,220,535,"sec",1,4846.12000956239
"536",100.539942868555,"word",0.493307250290644,0.134371620137244,5.50709217786789,171,536,"sec",1,5005.0019738105,99.8522409228399,101.070726339281,"word",-1.99466971400073,0.84694207739085,2.92651264928281,924,536,"sec",1,5325.92699943707,"word",1.6002157921315,0.552909280173481,2.21215539379045,493,536,"sec",1,5186.66706801384,99.2745721102321,"word",-0.985662017360522,0.429009972140193,6.52759180869907,509,536,"sec",1,4708.13669712534,99.0101229119026,"word",2.21875778687414,0.88193859369494,6.0413072980009,488,536,"sec",1,5003.09427952949
"537",100.275142568988,"word",0.327600092669859,0.432605647947639,2.15632707579061,395,537,"sec",1,4677.44566337447,100.106136174993,99.126926054434,"word",-1.04400527903118,0.230172523763031,6.59821168286726,124,537,"sec",1,5028.65367293975,"word",1.17972685477878,0.578635044628754,4.94018312077969,936,537,"sec",1,4978.44427528547,100.387848877197,"word",1.02329832285517,0.279638149542734,4.80537306983024,525,537,"sec",1,5341.73732379915,99.7797681036394,"word",0.130611373016685,0.0273280718829483,5.05805162480101,825,537,"sec",1,4936.67339594779
"538",99.876607988308,"word",-0.165176408466722,0.819303873926401,2.43763380451128,316,538,"sec",1,5158.85568716424,102.056413495252,99.8075315321859,"word",0.121579459282241,0.170139162801206,7.61608161730692,628,538,"sec",1,4915.42508847333,"word",-0.460322092005132,0.760394912911579,6.06074017472565,282,538,"sec",1,5132.09676984141,100.01821356697,"word",0.484773681342723,0.945572685683146,2.62856469489634,906,538,"sec",1,4891.44458376351,100.150974538764,"word",-0.842397219110665,0.105214482406154,1.13799235550687,264,538,"sec",1,4889.16280635912
"539",100.149087936053,"word",-0.170073778564588,0.821234750794247,9.97428774368018,332,539,"sec",1,4723.61192587088,99.9499695669899,100.228862235072,"word",-0.0695979041462868,0.379186512436718,9.67537666438147,64,539,"sec",1,5313.13595636685,"word",-0.576967205508175,0.322466282173991,0.784048466011882,402,539,"sec",1,4761.13963434706,101.002135886001,"word",-1.11176904706634,0.400942608015612,7.0401024655439,261,539,"sec",1,5045.55178072584,100.296698550543,"word",-1.88560312248453,0.764732953626662,9.51507940189913,111,539,"sec",1,4662.27644264193
"540",100.006851163713,"word",-0.589890706821278,0.613307411316782,0.769351467024535,532,540,"sec",1,4849.33591140348,99.8811792755597,99.9678464686635,"word",-1.55810328433787,0.895311914617196,7.27929539047182,217,540,"sec",1,4945.90020420812,"word",-0.129094470716195,0.732477569719777,5.25674594566226,220,540,"sec",1,4579.65732127535,99.3755712381978,"word",0.389228621513284,0.498256212798879,0.259773845318705,631,540,"sec",1,5295.11049656523,102.316244815581,"word",-1.42929503577809,0.0598255801014602,5.12668152339756,628,540,"sec",1,5120.86172904221
"541",100.838082709717,"word",0.242752139609058,0.838771317154169,8.41042479965836,962,541,"sec",1,5193.6797341863,101.153431423908,98.8091414151462,"word",-0.949699521346196,0.879881624365225,2.40528901806101,389,541,"sec",1,5261.21266858663,"word",-0.459827871228124,0.670418443158269,0.651637914124876,858,541,"sec",1,4949.18635094941,99.7007035182998,"word",-0.486330134564722,0.221483835950494,3.30771632958204,202,541,"sec",1,4854.82199852133,98.4771650984124,"word",-1.46072525276408,0.664816185599193,3.26316700549796,31,541,"sec",1,4804.31508546031
"542",100.012987933479,"word",-0.947140922805295,0.12654230883345,4.76659022737294,781,542,"sec",1,5110.28712100034,98.4604803024298,97.761879678499,"word",1.51134091549982,0.546870988095179,2.1549244155176,61,542,"sec",1,4878.97444702525,"word",-0.112908674888981,0.659555264748633,1.44806572701782,575,542,"sec",1,4877.90509513112,101.265504510427,"word",-0.456489427815971,0.0863983663730323,0.171686843968928,146,542,"sec",1,4830.69811262978,99.2984134190166,"word",-0.472739862673176,0.564548179507256,3.41089449124411,543,542,"sec",1,5057.35648718927
"543",100.83599464413,"word",0.684984949988691,0.00767970876768231,6.28324010875076,859,543,"sec",1,5101.38853138594,100.701080363137,99.6636085741408,"word",-1.11549723151588,0.476767491549253,0.781842789147049,199,543,"sec",1,5073.91779468957,"word",-2.31722657201533,0.895115067483857,8.35947143612429,499,543,"sec",1,5269.30916251552,100.532545746878,"word",-0.967963313544196,0.141228031367064,9.90193921839818,300,543,"sec",1,4973.0018599018,99.4485061323654,"word",-0.601784104095911,0.295329017564654,4.39113796222955,599,543,"sec",1,5579.91018112701
"544",98.8741803929961,"word",0.0732534715949979,0.195776402484626,1.64009066764265,571,544,"sec",1,4780.52840337379,100.385581674281,100.371254015339,"word",-0.502207488255378,0.404080942738801,7.61504350462928,796,544,"sec",1,5318.74402159338,"word",0.214250246368167,0.178979906020686,2.6020569074899,371,544,"sec",1,4604.61603841241,98.9240753932605,"word",1.46187269441629,0.549589148489758,4.90114969899878,392,544,"sec",1,5166.6150921463,99.1267336147712,"word",0.271475510713681,0.302654125494882,0.0238753412850201,24,544,"sec",1,4931.11761109614
"545",101.36416492288,"word",0.731337587120297,0.963082347298041,0.870726290158927,1,545,"sec",1,5236.13913824827,97.7102250758597,99.9695163167152,"word",-0.249398973815478,0.963946245610714,6.09702239045873,780,545,"sec",1,5117.44790592499,"word",-1.01364994265249,0.374309391714633,7.26750710979104,643,545,"sec",1,5187.55048039162,99.5566522444125,"word",-0.824808343934002,0.454010898945853,8.68007365148515,655,545,"sec",1,5164.69768075994,100.198674145173,"word",-1.44454546028131,0.375245466595516,4.00638676248491,456,545,"sec",1,5087.84428487717
"546",98.116682713293,"word",-0.640753741399798,0.593675085343421,8.76840304816142,88,546,"sec",1,5057.49214672975,97.811811521927,98.5141447100427,"word",-1.52847992076033,0.933463502908126,4.91963176289573,491,546,"sec",1,4764.55342706416,"word",-0.459224949519184,0.599636756349355,1.369646016974,195,546,"sec",1,4569.34251262046,100.76769064417,"word",1.1718347441089,0.9430275070481,2.08298931131139,720,546,"sec",1,4951.36965068925,99.1574618255877,"word",0.823436736113478,0.175548752071336,5.06255583371967,109,546,"sec",1,4867.31854283417
"547",100.307905381411,"word",-0.347171437791567,0.671422514831647,2.71056259050965,711,547,"sec",1,4970.20705443353,99.8292328989029,97.561899765328,"word",-2.13071986610175,0.58177636936307,9.15196062531322,449,547,"sec",1,5071.10383222869,"word",1.6256261024431,0.693887399043888,7.73719004355371,43,547,"sec",1,4789.84657858068,99.8328352964594,"word",-0.41492835914251,0.62791428505443,1.26304763369262,209,547,"sec",1,4766.63271869072,100.862392203688,"word",0.619103838962766,0.0197905320674181,0.166387388017029,125,547,"sec",1,4587.03748372844
"548",100.45473657919,"word",1.88972554397758,0.435610680840909,3.57868882361799,110,548,"sec",1,5353.15822730079,99.976167717956,99.4249127356519,"word",-0.00603362635951932,0.525540821952745,6.71787394909188,217,548,"sec",1,5306.98734119071,"word",-0.914200019425525,0.00450902059674263,7.22432950278744,155,548,"sec",1,4672.0407261723,99.576648202878,"word",0.685305497217902,0.0842092472594231,7.46767952106893,673,548,"sec",1,4663.50166819545,98.651138859488,"word",-1.96038118499458,0.0759443063288927,1.16465082624927,507,548,"sec",1,5000.77473096566
"549",101.545367073726,"word",-1.13798980658202,0.933532315539196,1.94656868698075,483,549,"sec",1,5270.89832334203,101.046592108121,99.0643420807302,"word",0.0781834516601633,0.924605037784204,4.35667403042316,580,549,"sec",1,5183.44985481685,"word",-0.616177861406891,0.362363207619637,6.09617035603151,903,549,"sec",1,5130.38982211169,100.370295377394,"word",0.199904094943112,0.103156592464074,2.83156131627038,603,549,"sec",1,4908.0389930291,100.104475038932,"word",-0.0790310534306401,0.314799471292645,1.4585478277877,762,549,"sec",1,5141.06756681769
"550",100.206706558779,"word",1.60648116347642,0.908946337178349,7.6565969386138,885,550,"sec",1,4879.68994761143,100.508355287386,97.9241979689449,"word",-0.0711663172951558,0.0582628771662712,2.36619216855615,317,550,"sec",1,5055.35615278455,"word",-2.04492661169453,0.770214397460222,4.33523450046778,624,550,"sec",1,5103.40407914891,101.722945750377,"word",-0.88461708588115,0.839952753623948,3.42947849538177,329,550,"sec",1,5195.83937952786,99.7029282471598,"word",-0.610819771832616,0.171709988731891,9.69678455963731,298,550,"sec",1,5054.42290879626
"551",99.8038695613198,"word",-1.56115877548188,0.86386977811344,6.29014327190816,501,551,"sec",1,4725.84674699214,99.7031355169072,99.117776453587,"word",0.248648075645485,0.542082102736458,3.29726703697816,590,551,"sec",1,5268.20692234088,"word",0.902781107158005,0.110952641349286,3.97515915567055,549,551,"sec",1,5386.22414216747,99.9446255737068,"word",0.412419824952038,0.144361620768905,5.38173631066456,395,551,"sec",1,4724.71732252103,100.882101221609,"word",-0.629750146664232,0.431901735719293,6.12078587757424,137,551,"sec",1,4999.98280889872
"552",99.4139905417598,"word",-0.628576989287579,0.857715087477118,2.54704205086455,952,552,"sec",1,4939.56546507011,100.483441078023,101.145982374517,"word",0.386844963955573,0.155893773073331,8.0677868402563,813,552,"sec",1,5115.49169428051,"word",0.137128764163588,0.592160642845556,4.07017722493038,171,552,"sec",1,5226.29733484983,98.9901238455774,"word",0.164195275990987,0.623376780655235,0.545150320976973,303,552,"sec",1,4744.22922869039,99.5995557387377,"word",-1.13955266266451,0.713100483641028,8.26949286973104,954,552,"sec",1,5075.26639215282
"553",99.730457871931,"word",-3.12681118686522,0.249826052924618,5.8017459907569,572,553,"sec",1,5044.86692552386,100.297062434462,99.6634841531126,"word",-0.0470075627779556,0.29732607328333,3.90638182405382,465,553,"sec",1,4917.96468965942,"word",-0.353593281289163,0.0912242559716105,2.11528890067711,633,553,"sec",1,4557.33501150581,101.565445245663,"word",0.694900744451434,0.812489324714988,4.25428930204362,309,553,"sec",1,5017.1313736348,101.696138492104,"word",-3.61242181880627,0.126720148371533,3.37897032732144,728,553,"sec",1,4931.97654577016
"554",99.3432109142005,"word",-0.0182097936950439,0.549839266808704,1.17032136302441,102,554,"sec",1,5235.80315242715,98.4655071382241,99.6356465771885,"word",-0.0335605236709421,0.433931334642693,5.95449878601357,496,554,"sec",1,5291.28026884296,"word",-0.703470116147508,0.0085642971098423,6.77225105231628,811,554,"sec",1,5071.35794191431,100.724303391922,"word",0.218003997423939,0.283631536411121,6.98030780768022,881,554,"sec",1,5064.16727733856,100.969212404651,"word",0.0705991052304604,0.681689370656386,0.576203304808587,844,554,"sec",1,5160.79242395524
"555",100.117456986356,"word",-1.04598145744235,0.269115645671263,9.57758625270799,643,555,"sec",1,5034.85086704636,98.1325547602107,99.1736693648962,"word",0.486407973569362,0.426036042394117,6.16577351698652,242,555,"sec",1,5081.34295717546,"word",0.445935199554946,0.170810050796717,4.5650012162514,944,555,"sec",1,5072.73960697397,100.807630632213,"word",1.07674468448591,0.491546635515988,6.81019401876256,363,555,"sec",1,5193.89284946753,98.5987018928774,"word",0.245718719546836,0.409872396849096,1.85105155222118,24,555,"sec",1,4820.57288314574
"556",101.294322867175,"word",-0.660034812410249,0.320451402803883,9.94133880129084,916,556,"sec",1,5100.56058496852,98.495599368469,98.7295541074103,"word",-0.699423756720473,0.471038196934387,2.57848874200135,77,556,"sec",1,4726.31496025063,"word",0.336690845985768,0.442756214179099,9.9078071420081,523,556,"sec",1,5117.64689310962,99.6493157192343,"word",-0.800571088619947,0.6837105138693,6.83061191346496,791,556,"sec",1,5049.45892562006,99.9329536791466,"word",1.2124556623104,0.0511112865060568,6.79401163710281,607,556,"sec",1,5265.78221087963
"557",101.335912582088,"word",-0.516022624031675,0.675141592510045,4.55997339449823,629,557,"sec",1,4705.25384149077,98.7383446416913,99.1678171990113,"word",0.660242128398632,0.537309016101062,9.11689391825348,141,557,"sec",1,4801.79291659283,"word",-0.454375863381396,0.625463688047603,4.88247355213389,463,557,"sec",1,4898.30019495308,101.101963206737,"word",0.221128864731366,0.842370893806219,8.05715376976877,802,557,"sec",1,5173.47471338743,98.9105294008522,"word",-1.19601315385432,0.894802847411484,3.24638331774622,628,557,"sec",1,4820.91954999565
"558",99.6264791487756,"word",-0.59632937851433,0.26092369412072,8.55734928511083,553,558,"sec",1,5289.3782062417,96.0562114000348,100.424248971975,"word",1.17820858088379,0.293647033162415,3.66710839560255,393,558,"sec",1,5217.13056139762,"word",-0.354471966299168,0.269904409535229,6.21810876531526,238,558,"sec",1,5164.69708855048,100.349038722429,"word",0.18956748679658,0.24892332451418,8.04271557601169,505,558,"sec",1,5145.39284697681,98.8283339551523,"word",0.254750984355431,0.442212159745395,4.72761468263343,465,558,"sec",1,5071.63132310904
"559",102.414361512528,"word",-0.476017557557764,0.698417652631178,6.70554916374385,167,559,"sec",1,5196.30321127479,99.9734568378404,98.861652059065,"word",0.12098687379106,0.0248342223931104,1.747493641451,200,559,"sec",1,5048.31061320819,"word",0.520716504183381,0.60501380963251,4.05084971571341,963,559,"sec",1,4943.38043556973,99.5108052987562,"word",-1.23287103549498,0.172565017128363,8.16167955519632,92,559,"sec",1,4660.42978125826,101.462337126023,"word",0.0198881294502257,0.0859197499230504,4.50275963637978,714,559,"sec",1,4895.91284407692
"560",100.064124194329,"word",0.258786126965015,0.407420006813481,5.39695412153378,880,560,"sec",1,4835.88096792038,99.5984830590238,99.3627310440376,"word",1.28994816424719,0.383603216614574,4.97856270289049,770,560,"sec",1,5166.74539413337,"word",-0.856941619995092,0.617526000365615,0.762618945445865,397,560,"sec",1,5082.4787290111,100.232068128887,"word",-0.410717749821598,0.757277454249561,3.57991011347622,555,560,"sec",1,5138.54496434621,100.606675683226,"word",-2.0040112508364,0.0942248539067805,8.49906667601317,775,560,"sec",1,5021.49213610249
"561",99.6193974964007,"word",0.792932738307684,0.566264240071177,5.18573115114123,492,561,"sec",1,5080.31888428469,101.254227806755,99.568860027808,"word",-0.00699452352214896,0.912168963812292,2.32746900524944,265,561,"sec",1,4904.50652475443,"word",-1.96036643971919,0.239335649181157,2.55095145432279,343,561,"sec",1,5164.12498476989,100.579078234534,"word",1.29355234072116,0.523797671776265,5.18491439986974,70,561,"sec",1,5473.58834342767,101.02091194155,"word",0.678055312744814,0.995053202845156,3.37025681510568,753,561,"sec",1,5089.63614735246
"562",99.7605867233403,"word",-1.6338663017444,0.955303630558774,1.59184626536444,316,562,"sec",1,4644.83071366889,100.677177442978,100.017478025057,"word",-1.53205539593751,0.322736436733976,7.77661708882079,270,562,"sec",1,5117.86616940111,"word",-1.07193547556377,0.943873106734827,3.82692049490288,118,562,"sec",1,5100.27694878697,100.115106937489,"word",1.40040313595557,0.646593797951937,1.66899174684659,138,562,"sec",1,5039.58873066056,99.8128316084513,"word",-1.48939550161304,0.0607267529703677,4.74222204880789,651,562,"sec",1,5194.95824501141
"563",99.9088183013832,"word",1.10370246027217,0.306309461127967,9.60820929147303,488,563,"sec",1,4953.43204675209,99.454728564858,100.46534633724,"word",-1.22688303830185,0.979853244498372,1.19308555265889,826,563,"sec",1,4796.1430142844,"word",-0.0815291490415751,0.112208921462297,4.59676056168973,403,563,"sec",1,4872.41409077285,99.5799511933427,"word",0.377812789371741,0.363835096824914,3.88564474415034,940,563,"sec",1,5229.73176219605,98.3536252266413,"word",-0.0409505641683648,0.783430183771998,0.402796356938779,439,563,"sec",1,4807.46393682348
"564",100.177764711806,"word",-0.697571565828454,0.246897901175544,3.13685015542433,200,564,"sec",1,4657.54363196451,100.69965789159,100.848972577377,"word",-0.419700041457413,0.983742201933637,8.11718131881207,880,564,"sec",1,4945.25399502234,"word",0.469846966695256,0.98730167071335,2.2373597486876,618,564,"sec",1,5244.16791444086,100.182830743616,"word",-1.09431313792453,0.246734692016616,0.00301051884889603,170,564,"sec",1,5021.78673318516,99.5015439642718,"word",-3.42759982903697,0.341859909007326,6.2318653287366,32,564,"sec",1,5070.37059418636
"565",98.8708071159573,"word",-0.452121596482305,0.682615938363597,3.66109799360856,272,565,"sec",1,4841.4587449494,103.697225771847,99.3937067440557,"word",0.537506335030948,0.335001240484416,9.33985078940168,149,565,"sec",1,4906.17068504991,"word",-0.228891672799319,0.708737501874566,9.06062516616657,140,565,"sec",1,5069.82531737453,99.5986205644642,"word",0.107702812957432,0.719075903296471,1.14289826713502,395,565,"sec",1,5595.26145455969,102.197972983824,"word",0.804284619365135,0.197308270959184,3.80421622423455,735,565,"sec",1,5342.17330719034
"566",100.114182881029,"word",-1.10640387355424,0.00524572213180363,5.39732282981277,547,566,"sec",1,5094.63451274189,102.062791879058,100.130540306255,"word",-0.101357688491263,0.15813605627045,2.69222651608288,127,566,"sec",1,5019.43741798126,"word",-0.900586375065596,0.25293872714974,0.958821957465261,767,566,"sec",1,4860.95400039125,100.127749590222,"word",-1.26012964463451,0.310070529347286,0.918174039106816,338,566,"sec",1,5069.79902433207,100.555066989586,"word",-0.0714013719418346,0.348158666398376,9.74093693541363,871,566,"sec",1,4989.01476407895
"567",100.36723158756,"word",-1.34459420843157,0.458466984797269,4.54214497236535,438,567,"sec",1,5255.30516152392,97.8295302720895,99.4391060510238,"word",1.89205362986843,0.108500780537724,4.33005028869957,160,567,"sec",1,5098.75916650158,"word",-1.51987947415281,0.609855699818581,2.68860711483285,825,567,"sec",1,5079.74744009443,99.4619040543795,"word",0.514098479225659,0.445851131575182,6.36710873804986,453,567,"sec",1,5121.58836766626,100.802970947504,"word",-0.564595334463086,0.135813487693667,7.79409223468974,689,567,"sec",1,4587.63443820067
"568",101.301013540399,"word",-0.531243008767684,0.243971576681361,9.43252844968811,252,568,"sec",1,4774.96329396291,99.9752033261068,100.685982491975,"word",0.103984933099142,0.592947172932327,0.770492155570537,641,568,"sec",1,4731.11722614314,"word",1.00897636522755,0.271363254403695,6.30860946141183,326,568,"sec",1,4944.05455032884,102.461872919027,"word",1.78460543198227,0.978100174572319,5.91230001999065,782,568,"sec",1,4793.0198277656,100.623151027042,"word",-0.88131539665486,0.0253222973551601,1.02444905089214,823,568,"sec",1,4656.58425203588
"569",99.1307354139947,"word",-0.183588821129609,0.782391614979133,4.58810871699825,309,569,"sec",1,4709.89438026461,100.046809372629,100.091706065045,"word",0.958803625051581,0.953191222157329,5.62361133052036,396,569,"sec",1,5090.91109816894,"word",-0.939568221911387,0.422810738207772,7.55133518949151,2,569,"sec",1,4758.02536088855,100.177281674579,"word",-0.625103124629519,0.417992105241865,1.68941636569798,61,569,"sec",1,4837.41079749109,100.107864717591,"word",-0.664985590439521,0.829833450261503,2.96694971853867,253,569,"sec",1,4756.28395862943
"570",101.199998982758,"word",-0.555847297981061,0.376446705078706,7.44794238125905,977,570,"sec",1,5209.73203224243,99.2212524892024,100.688584213913,"word",0.142278103487222,0.713272411609069,8.05849134223536,412,570,"sec",1,4972.27348019488,"word",0.367585483518813,0.521804782794788,6.28134433180094,701,570,"sec",1,4926.77419844597,100.704289924296,"word",1.71885928808824,0.77098418911919,3.45222177216783,918,570,"sec",1,5318.78575131367,101.994408769629,"word",-1.5555120775343,0.113315854454413,3.13880693400279,384,570,"sec",1,4833.75182029356
"571",99.5334679518869,"word",0.305195905755587,0.00313773308880627,4.76114796707407,845,571,"sec",1,5243.01631863303,101.102201377192,98.764904681679,"word",-1.26138507805173,0.674618964083493,6.1933419527486,770,571,"sec",1,4863.27935138192,"word",1.47960489794572,0.0659643514081836,6.21100274845958,472,571,"sec",1,4818.62971741514,98.9682645292901,"word",0.285173330733358,0.260886668460444,8.2548242318444,655,571,"sec",1,4852.64575882505,99.5089719614532,"word",-0.444671542764326,0.214247219962999,8.24944087769836,423,571,"sec",1,4950.81257869074
"572",100.811855714073,"word",-0.334476387888609,0.46686527156271,5.45160786481574,148,572,"sec",1,5104.27620020416,99.2754490097334,100.901077973132,"word",-0.045585381667458,0.999656965723261,1.74157185014337,668,572,"sec",1,5444.78280244408,"word",0.777471270929806,0.829151661600918,9.04913336737081,496,572,"sec",1,4791.16504885861,100.417608466408,"word",0.894751368480167,0.82480211276561,4.68983155675232,327,572,"sec",1,4960.24037657979,100.551996945682,"word",0.414251808173743,0.455414016265422,0.866693507414311,913,572,"sec",1,5372.65905221799
"573",101.404051971136,"word",-0.204901169502117,0.881551015889272,9.57567570265383,230,573,"sec",1,4968.34130525799,99.8587722429723,99.5328269665664,"word",1.44653850791142,0.437588527100161,5.84766779327765,144,573,"sec",1,4887.7349003451,"word",0.201867485643555,0.390129771549255,4.43584709428251,220,573,"sec",1,5071.23508670188,102.415875433719,"word",-0.252906449308568,0.231648518471047,8.56847082730383,750,573,"sec",1,4885.1070369389,99.0149147900796,"word",-0.462484806802943,0.867666816571727,7.84990860149264,795,573,"sec",1,4860.38609768933
"574",97.8908485244035,"word",-0.160232094231118,0.389683685498312,0.550081925466657,36,574,"sec",1,4870.73390081647,102.057397146563,100.315480985179,"word",-1.52448857005425,0.55155381700024,2.53334099426866,86,574,"sec",1,4736.31288779235,"word",0.577764601861329,0.399762818822637,5.63710130983964,972,574,"sec",1,5138.03880211486,98.9756842347918,"word",0.509187208877305,0.29100754763931,4.41195652354509,959,574,"sec",1,4859.28405523043,100.499899803285,"word",1.17968303105659,0.579449727898464,2.05738861579448,161,574,"sec",1,4804.9879267868
"575",98.9957220392452,"word",0.884009139184123,0.332802878227085,9.10490417852998,150,575,"sec",1,4929.80259107716,98.9700647036493,101.030311895619,"word",1.4897899681532,0.429709547897801,5.13410850428045,251,575,"sec",1,5150.63617429203,"word",-0.730104475607105,0.658602440031245,7.81784418504685,407,575,"sec",1,4994.75255281548,100.242279373928,"word",3.46092259410388,0.758600069675595,2.84833349520341,321,575,"sec",1,5160.21867619618,99.7369572332064,"word",-0.686953172961632,0.274463097099215,1.85267985099927,426,575,"sec",1,5141.10936693905
"576",99.5634683096138,"word",-1.55262319891732,0.563019684283063,8.74301405157894,779,576,"sec",1,4634.54410597218,98.5254383881406,99.5600280244817,"word",-0.563632015846425,0.181687174597755,3.47489638486877,203,576,"sec",1,4942.1392132546,"word",0.00245528038861303,0.935772393131629,9.45478440728039,738,576,"sec",1,4928.19685726372,100.812557130401,"word",-0.965188101051395,0.372711861273274,2.46619644574821,395,576,"sec",1,4968.42912656352,99.0765409184914,"word",-1.11948239662697,0.534591907635331,1.19235433172435,986,576,"sec",1,5093.18701498564
"577",99.6460855655937,"word",-1.3523295030011,0.145377239910886,0.271716336719692,799,577,"sec",1,4992.73777932187,99.6453849481532,98.5956231758974,"word",-0.489871005978376,0.773786738049239,7.78771560639143,262,577,"sec",1,5053.38677559618,"word",-0.192031776939533,0.789845068473369,2.64219917822629,855,577,"sec",1,5003.76580711895,97.3576497284609,"word",1.43810672988233,0.901248228969052,1.77132969722152,558,577,"sec",1,5117.92058764545,98.9628681298456,"word",0.556725027446141,0.625178554095328,8.31408018711954,836,577,"sec",1,5130.24498581628
"578",99.468419385564,"word",0.0223755897238515,0.718625675886869,9.49251509038731,682,578,"sec",1,5010.52272552346,99.9516504788488,100.943833673181,"word",-0.26478597714697,0.0463549953419715,4.18948063161224,138,578,"sec",1,4504.0460324818,"word",-1.57273441050328,0.725196035578847,7.14085603365675,492,578,"sec",1,4829.60125716354,100.128806675676,"word",-3.37453164013023,0.027095434255898,4.31141688255593,138,578,"sec",1,4951.6512860842,100.309722965788,"word",-1.94152968370232,0.621534841600806,2.10789718665183,464,578,"sec",1,5090.1195013441
"579",100.544040651438,"word",0.0449408777267495,0.426721445051953,3.1823909515515,850,579,"sec",1,4804.98998879285,99.8122773260438,100.063503648905,"word",0.499105912328291,0.77733202278614,1.51775538921356,443,579,"sec",1,5363.38821240318,"word",1.22970178688707,0.723684400087222,2.44270734954625,315,579,"sec",1,5315.24466821065,100.05602743061,"word",-0.088513154508891,0.566578179132193,3.78686516778544,736,579,"sec",1,4744.34290289884,99.3580483091878,"word",-0.210084907757199,0.59724388201721,0.815301556140184,736,579,"sec",1,4814.01521646455
"580",100.736859691226,"word",0.473956606042765,0.346138356486335,4.57570018013939,91,580,"sec",1,4907.43373943041,99.9481166265138,100.82063111144,"word",1.83774256708558,0.365444008493796,0.734594722744077,299,580,"sec",1,4820.9626974511,"word",2.18439175015776,0.207801469136029,3.65334407193586,897,580,"sec",1,5218.89861005469,100.646513969105,"word",-0.435155073713181,0.393564340658486,0.898061282932758,138,580,"sec",1,4710.06117598645,101.542998630007,"word",-0.308118940474571,0.44800792937167,5.12225290061906,396,580,"sec",1,5028.42735519412
"581",101.259524047966,"word",0.439016052212442,0.74511603009887,9.9472975009121,778,581,"sec",1,4721.94702016613,100.038668927503,99.052539733986,"word",0.893815268201785,0.400775204179808,0.763384110759944,753,581,"sec",1,4967.41438149568,"word",-0.181801658391996,0.842326260404661,3.80350467516109,564,581,"sec",1,5117.87135271624,101.023650561075,"word",-1.36789243950913,0.952426692470908,3.08043461525813,362,581,"sec",1,4753.32506602531,101.293503118224,"word",0.455402545302886,0.444144959095865,3.24655645294115,710,581,"sec",1,5078.01485030565
"582",99.2799283062821,"word",1.51695898233165,0.255415930878371,1.82599599706009,503,582,"sec",1,5186.0239044686,98.6084994613261,101.615070954898,"word",1.65766466257364,0.118462941609323,2.07113011274487,953,582,"sec",1,5176.05875306618,"word",0.937170220937568,0.544400074286386,2.5087115704082,807,582,"sec",1,4960.64279244356,102.242983933539,"word",1.09394960136446,0.355874801520258,8.8374986872077,779,582,"sec",1,4894.88249019068,100.31674159598,"word",0.503216547277889,0.301277423510328,3.58601994113997,762,582,"sec",1,5377.12537226832
"583",102.383421382259,"word",0.896824343206354,0.100436829729006,8.35485903546214,198,583,"sec",1,4940.60110741357,99.3947467545612,99.4891728318892,"word",-0.4801284651738,0.703539876034483,1.93332462804392,213,583,"sec",1,4995.1332243132,"word",0.676603536469849,0.4931418269407,0.982422344386578,101,583,"sec",1,5191.77127006053,100.98615185856,"word",1.65898521118428,0.388626859523356,5.90222005499527,469,583,"sec",1,5097.82663313979,98.421317627488,"word",0.0881116777423539,0.335490934317932,5.1426623063162,961,583,"sec",1,4837.15133024396
"584",99.5751148932721,"word",0.834209896908278,0.133567579789087,3.27709874603897,818,584,"sec",1,4936.20228496177,101.023920307246,101.152599400271,"word",1.25188641541391,0.293950897175819,2.47117343358696,851,584,"sec",1,5074.10409666494,"word",-1.15803058850843,0.633225449593738,4.65629589511082,207,584,"sec",1,4743.71684604771,100.5708659692,"word",-1.32094016372267,0.101558684138581,3.64386550150812,811,584,"sec",1,4898.87915341847,98.9401046708635,"word",-0.0370722939208418,0.877819531364366,0.715868279803544,307,584,"sec",1,5153.08405156133
"585",98.0777720127806,"word",0.357395229814733,0.209184053586796,8.18611656315625,169,585,"sec",1,4963.28490341788,100.203423073334,98.9918646604488,"word",-0.10612296901126,0.294546543154866,6.40960976947099,750,585,"sec",1,5444.39067938913,"word",-0.559483467110966,0.1361696398817,8.85054495418444,617,585,"sec",1,4994.75624998559,99.9768123208119,"word",-1.58210722063508,0.354839895386249,5.91995722148567,411,585,"sec",1,5343.08863563062,98.7615749495394,"word",0.785123184745589,0.494932065950707,6.81573047069833,521,585,"sec",1,5178.69562068722
"586",100.880081670048,"word",-0.760271350626241,0.3438955177553,5.29669992625713,202,586,"sec",1,5313.36595054636,98.6951359287709,99.4704380864782,"word",0.914355478576292,0.947593358112499,2.92608896037564,350,586,"sec",1,4776.26133649834,"word",-0.133431921963486,0.218580845510587,0.0265747378580272,369,586,"sec",1,4986.8203013911,100.324085434475,"word",-0.660932918485507,0.693072723923251,7.95039682881907,950,586,"sec",1,5055.74112515617,98.3544943301771,"word",-0.222332787106639,0.893081542570144,1.0646843817085,604,586,"sec",1,4949.56572378487
"587",99.546884465077,"word",1.66438635868723,0.50907553685829,5.47967538004741,580,587,"sec",1,4944.92258868538,101.348989289072,100.636837498642,"word",1.48117458566293,0.831619902281091,7.17038978356868,994,587,"sec",1,4825.77212489091,"word",0.605940903649338,0.521441526245326,7.6986608072184,707,587,"sec",1,5036.05440789978,100.515452898715,"word",2.4645267662801,0.884016919648275,9.30447575869039,910,587,"sec",1,4715.53868122664,99.2921275730461,"word",-0.132345241635623,0.886071970686316,6.86665843240917,714,587,"sec",1,4965.08894286855
"588",97.9680996952936,"word",-0.125640426640104,0.132448257412761,4.59259148687124,279,588,"sec",1,4729.1002222169,101.004477512637,102.394000264113,"word",0.932513707873353,0.420289222849533,6.92168246721849,638,588,"sec",1,5094.09343672629,"word",-0.012403676430694,0.466339696664363,9.78298120899126,344,588,"sec",1,4917.62114857803,99.4343746779945,"word",-0.684062762434843,0.884105204138905,3.67123157950118,473,588,"sec",1,4885.1952604201,101.264972924201,"word",-0.235795222626188,0.116942123044282,9.80360793648288,501,588,"sec",1,5014.40405364655
"589",98.4298401204262,"word",0.564331684610718,0.000713472720235586,7.39817440509796,49,589,"sec",1,4647.10804202842,99.1924163681121,99.2229566942779,"word",0.946984317027872,0.233030550414696,9.80537003371865,724,589,"sec",1,5171.09614221442,"word",1.09834338256967,0.475497763603926,2.48129656305537,73,589,"sec",1,4842.6148877199,99.5789489476481,"word",-0.630905157881905,0.564655445050448,7.2289882786572,441,589,"sec",1,5176.18201173355,99.4696242800844,"word",0.719521941457477,0.388924020575359,2.52145032864064,648,589,"sec",1,4883.31766703905
"590",99.3018190959429,"word",0.459856066070036,0.773540813708678,9.60209750570357,531,590,"sec",1,5205.17006815497,98.9147032761884,100.023516853895,"word",-1.43799439639153,0.342935767490417,4.50427285861224,653,590,"sec",1,5188.69864540571,"word",-0.0754149699171065,0.722590942401439,5.33577118301764,933,590,"sec",1,4813.5054550176,98.1300748367343,"word",1.42307114522746,0.908615224761888,7.92490326333791,162,590,"sec",1,4991.14012904252,100.601307348406,"word",2.29122891738756,0.362618852639571,7.42578815901652,382,590,"sec",1,5090.01741830273
"591",97.5839679649717,"word",0.210223626130392,0.924785885959864,4.40649709431455,373,591,"sec",1,5021.01225755904,101.413583407894,100.480948080962,"word",0.0571276181073199,0.601329691940919,0.544191645458341,537,591,"sec",1,4957.93916225169,"word",-0.505860890882697,0.498836777405813,4.65571998385713,930,591,"sec",1,4971.33031832607,99.7658760659276,"word",-0.526815828161534,0.961544477613643,1.24751450493932,814,591,"sec",1,5425.54233171392,101.212771017467,"word",-0.498721836343202,0.0188006435055286,0.448026764206588,260,591,"sec",1,4858.5567527567
"592",101.418618170644,"word",-0.161407028608839,0.454731212696061,7.08694800967351,198,592,"sec",1,4534.80260617068,100.385005347159,102.264780277067,"word",-1.09534049456519,0.993828213308007,7.36376554472372,448,592,"sec",1,5164.19137825788,"word",1.12754251049665,0.658427517861128,9.5449117035605,518,592,"sec",1,4911.83657811162,100.266207766222,"word",-1.38984395391398,0.892357713775709,4.64697563555092,18,592,"sec",1,4824.04065722493,100.427489480095,"word",0.0321606289833138,0.517981832148507,5.53743035066873,341,592,"sec",1,5316.14236108691
"593",100.694954674523,"word",0.229924853675801,0.700851981760934,7.87419572938234,206,593,"sec",1,5224.0249024073,99.6979616691981,100.395106353431,"word",0.676992244511985,0.857419660547748,5.08222601609305,48,593,"sec",1,5005.98221684293,"word",-0.0800168671400873,0.895148183451965,0.696296722162515,797,593,"sec",1,4948.1519438572,100.629262247729,"word",0.148408347956096,0.741292386082932,1.7093385127373,631,593,"sec",1,4879.19523958118,98.8497373422241,"word",-0.236605720082258,0.155688054393977,6.15178573410958,833,593,"sec",1,4913.57303585634
"594",100.841739629565,"word",-0.825173980157681,0.0690401229076087,8.15793628105894,465,594,"sec",1,4970.95747437442,98.7973369672348,99.2375058326152,"word",-0.639668299870575,0.56403088546358,1.24758162535727,562,594,"sec",1,5181.73304640246,"word",0.603607696660903,0.111208823043853,8.81902375724167,573,594,"sec",1,4513.79760332323,99.3087527778453,"word",0.110862990039255,0.133179616648704,5.75102740200236,652,594,"sec",1,5110.85679865549,102.222706404068,"word",0.136085449909737,0.0587898292578757,0.983990526292473,554,594,"sec",1,5117.42196532014
"595",100.621916537333,"word",-0.473709187352751,0.358420290285721,3.67036974523216,592,595,"sec",1,4918.35757645058,101.509426292061,99.620605824077,"word",-0.580021576969759,0.884740091627464,2.20978288911283,321,595,"sec",1,4720.81818041776,"word",0.968960586532199,0.366483100689948,1.09590770443901,598,595,"sec",1,4778.36697766745,100.452276360406,"word",0.549449817426875,0.645250384695828,8.21542033692822,226,595,"sec",1,5275.21014338786,99.7649830251941,"word",1.43981686862358,0.975828125141561,4.32111660484225,196,595,"sec",1,4947.12504682509
"596",97.5231327350262,"word",1.47779261318965,0.356994255213067,1.79739019833505,568,596,"sec",1,4832.37894608921,99.8825949556698,100.883141640318,"word",-0.32431320438083,0.850962887052447,9.05660153832287,496,596,"sec",1,4930.44757871909,"word",0.618275155743521,0.95454958290793,8.40671067358926,828,596,"sec",1,5101.17847800858,100.131732240386,"word",0.217993942765293,0.202756823040545,3.76754094148055,989,596,"sec",1,4616.51250443068,97.1846102726982,"word",-0.251306807909589,0.383175286930054,1.206043981947,99,596,"sec",1,5090.21784983016
"597",99.5003218344814,"word",-0.333372773311722,0.909998941700906,5.34060111036524,937,597,"sec",1,4951.19770459515,100.274343163952,99.7448161591273,"word",0.450493380830576,0.778133641928434,1.31943342974409,9,597,"sec",1,4897.12244206478,"word",-0.280496492733341,0.932899001520127,2.22905188798904,370,597,"sec",1,4661.63592492863,101.977361258823,"word",-0.517729737926191,0.314657262992114,7.32614163774997,648,597,"sec",1,5179.66210523717,99.6844987369551,"word",0.339995642939007,0.920719822403044,3.19679674692452,281,597,"sec",1,4702.22226395492
"598",100.795224579847,"word",0.367959421186225,0.850446457508951,3.81865421542898,93,598,"sec",1,4913.03789056739,99.9884155609271,100.661929620753,"word",0.0256228476169613,0.087432955391705,3.84712155209854,33,598,"sec",1,5083.18619175644,"word",-0.50661241062441,0.12966699176468,9.58640900440514,248,598,"sec",1,4932.2573770454,101.081570405755,"word",1.35573072045893,0.921466726576909,0.839822355192155,927,598,"sec",1,4835.06582276695,101.789261723733,"word",0.723639584946347,0.903222078923136,9.20383921824396,27,598,"sec",1,5221.50488869077
"599",101.337764531196,"word",1.34131118636266,0.850450552999973,0.797488775569946,922,599,"sec",1,4973.56457330379,98.8945459987036,98.3218947917011,"word",-1.37852362186644,0.597387877758592,9.81566841714084,790,599,"sec",1,5012.3650736444,"word",0.500069613164819,0.850047884741798,1.50169540662318,317,599,"sec",1,5326.03510364389,101.005439056901,"word",-1.2908684482205,0.298569731414318,8.99830651236698,973,599,"sec",1,5070.2646614832,98.1199706853728,"word",-1.31079956069381,0.0254395906813443,9.2848335322924,716,599,"sec",1,4741.00996240035
"600",98.9562091657336,"word",-0.126009436833943,0.260189446853474,7.03001288929954,788,600,"sec",1,5122.36505728412,100.165171450572,100.36189335747,"word",0.0547297127979574,0.653702647890896,2.80012598494068,820,600,"sec",1,5041.70489013349,"word",-1.0223661262081,0.564109320985153,5.9572005784139,892,600,"sec",1,5128.52201890988,100.044053549531,"word",-1.26297031168124,0.0415120276156813,5.6304577877745,577,600,"sec",1,4972.72726751693,99.2697781468045,"word",-1.14405623825228,0.749570776708424,6.5591385983862,569,600,"sec",1,5086.34088353583
"601",100.451680798006,"word",0.560321420787538,0.621815545484424,6.98529594112188,391,601,"sec",1,5108.36297189605,101.073216948672,100.038829647817,"word",0.960409976123904,0.76178733818233,4.12702221889049,244,601,"sec",1,5222.15995924818,"word",0.278162553914929,0.672662930795923,8.7222281540744,313,601,"sec",1,5214.25564514226,99.6165070733179,"word",-0.76790939391934,0.657688473816961,1.82287885807455,700,601,"sec",1,5062.50012300991,99.5389764092451,"word",1.00154314204541,0.105126332025975,1.07580289244652,903,601,"sec",1,5280.91548547649
"602",97.9509797816765,"word",0.208065618497015,0.267286609392613,2.14780410286039,194,602,"sec",1,4821.79011754023,99.5740915584975,99.8670728271109,"word",0.631400643829945,0.376455629477277,2.93307195883244,481,602,"sec",1,4994.02563052026,"word",1.48494763549154,0.146647030254826,5.91791411628947,159,602,"sec",1,4953.74085649475,100.870119525387,"word",-1.00480906729414,0.141111375531182,2.71621262654662,722,602,"sec",1,4909.79155159104,101.247222869533,"word",-1.45092459264623,0.109865202801302,7.46231387369335,964,602,"sec",1,5078.4423744145
"603",99.7180995001052,"word",-1.5522908628254,0.672741499496624,6.77801347803324,657,603,"sec",1,4909.26784197866,101.40776928661,99.0698528719386,"word",1.82366947727844,0.752360298996791,0.0951537024229765,811,603,"sec",1,4919.78843674193,"word",-1.59082258015388,0.0890018325299025,0.269354595802724,899,603,"sec",1,5068.78869234678,100.272540602095,"word",0.888495446212121,0.907653390662745,1.93012332543731,542,603,"sec",1,5189.8192227874,99.1833839528266,"word",0.586305559076654,0.888414855813608,9.78847235674039,95,603,"sec",1,4637.28363392367
"604",99.3043181769238,"word",1.00168919106793,0.352912304457277,8.02350057289004,292,604,"sec",1,5165.30487693537,100.987155000138,100.207208512877,"word",-0.731084735307268,0.393396985018626,6.67074332479388,311,604,"sec",1,5061.41896621198,"word",0.636750945626288,0.273058108985424,1.46398245589808,344,604,"sec",1,5178.31211013631,100.000864803797,"word",0.948794676729113,0.560990636004135,7.74344270816073,152,604,"sec",1,4876.69798318557,100.46584431928,"word",-0.990415144654659,0.125762134790421,3.76477106707171,58,604,"sec",1,5215.07163479688
"605",99.743561653571,"word",-1.40774525074604,0.167515381006524,5.86113133933395,476,605,"sec",1,4953.2218050256,100.611048307415,101.938779063867,"word",0.313519587812395,0.137697847327217,7.23325255792588,269,605,"sec",1,4973.53938721975,"word",-0.848261695344575,0.694136107573286,4.49374485062435,757,605,"sec",1,5110.85413898721,101.378155847705,"word",0.601068698983038,0.87206139229238,1.00963072385639,578,605,"sec",1,5061.46451629929,98.6365396791252,"word",-0.852013037760946,0.816883284365758,9.40232682041824,222,605,"sec",1,5050.22216630185
"606",99.8222263419147,"word",-0.554620665380847,0.436575788073242,2.78916441136971,519,606,"sec",1,5126.92952661502,99.9108314003695,98.7004230768071,"word",-0.866026634304013,0.754388869041577,1.45335545297712,937,606,"sec",1,5324.32471693354,"word",-1.971615816008,0.466566051356494,1.1431108112447,972,606,"sec",1,5208.50298708778,97.690028445675,"word",-0.394383534029335,0.486810409463942,2.75718116434291,75,606,"sec",1,4917.79457806213,101.069318131259,"word",-0.245509416364088,0.642340653575957,5.64660246949643,962,606,"sec",1,4548.14188090469
"607",99.0595476086097,"word",0.433494213421311,0.816000468097627,9.80904850177467,959,607,"sec",1,5121.6922298464,100.948500844799,99.7081073042311,"word",-0.784532016493038,0.172438146546483,5.96198052400723,282,607,"sec",1,5427.81110919332,"word",1.87712996584283,0.0652645865920931,1.97036574594676,119,607,"sec",1,5255.52223928947,100.950594818412,"word",0.0434227528387031,0.559066277230158,8.44406612915918,659,607,"sec",1,4949.69545253298,101.138973281065,"word",1.00448954294948,0.728704569395632,3.47070113057271,937,607,"sec",1,5057.89689501727
"608",102.133092916451,"word",-0.0270807077766411,0.830602205591276,0.0848135491833091,100,608,"sec",1,5206.83981269562,101.158774535548,100.272461845407,"word",0.499480298822368,0.571095722494647,6.27767445752397,415,608,"sec",1,5039.88646443525,"word",-1.82042944658732,0.561720904894173,2.61117422953248,144,608,"sec",1,4456.84378379163,100.973088976516,"word",-0.15563092015141,0.730926220072433,8.51370593300089,558,608,"sec",1,4799.699430438,101.792765175213,"word",0.213818326386314,0.76621532952413,7.00809660134837,584,608,"sec",1,5127.31268009725
"609",100.283500155476,"word",1.17251058222228,0.55232418817468,5.54730788338929,443,609,"sec",1,5350.58074960731,100.711305842041,101.364116354105,"word",-1.09143441880581,0.575662964954972,2.45397084392607,84,609,"sec",1,4904.05069147855,"word",-1.68208011674417,0.965626483317465,5.67843398544937,217,609,"sec",1,5078.79928368672,99.8488533765579,"word",-0.791824366978608,0.844084868440405,3.56496120803058,403,609,"sec",1,5201.80267396661,100.193732667419,"word",0.479688086810508,0.245773819973692,3.4624930517748,58,609,"sec",1,4756.36824887906
"610",99.4150565749901,"word",-0.30622654635827,0.489052593475208,7.91477737016976,287,610,"sec",1,5342.5661162002,100.034522837192,101.304532162702,"word",0.973113977703977,0.106369903543964,2.58251401828602,506,610,"sec",1,5237.32643440903,"word",0.292745104375614,0.637670355616137,5.81134444335476,549,610,"sec",1,4784.82689029351,99.5631580482904,"word",1.57016074924585,0.0507493286859244,7.7111371117644,855,610,"sec",1,4600.43685148808,97.8488573371348,"word",-0.0670990008546746,0.525663184467703,6.25616883626208,948,610,"sec",1,4736.97860581023
"611",101.665849385788,"word",-0.15371620863262,0.82396819931455,2.78211922384799,590,611,"sec",1,5039.50841312611,100.152615763754,98.7770282708356,"word",1.99181021160348,0.499767192173749,5.58862982317805,864,611,"sec",1,5300.68264448113,"word",-0.535687868437611,0.931687656790018,2.37663706066087,111,611,"sec",1,5327.96775614121,98.520913202287,"word",-1.85019507783632,0.268963990267366,7.02687136828899,933,611,"sec",1,4743.9501290678,100.600728127354,"word",1.23218513740422,0.410622898722067,3.54620659956709,850,611,"sec",1,5338.72454933112
"612",99.8683425916313,"word",1.18387243333075,0.871595836943015,1.98195502860472,616,612,"sec",1,5124.45351454985,100.850319154208,99.3249370916153,"word",-1.68418750728621,0.6959477821365,4.04489351203665,572,612,"sec",1,5030.26530167427,"word",1.2211754937195,0.966565055307001,9.32544437004253,95,612,"sec",1,4868.16756175554,97.9543514026523,"word",0.34142319164172,0.268381597008556,0.366407067049295,136,612,"sec",1,4693.93619233434,100.272698608294,"word",1.03628529449726,0.132608109619468,4.64571555843577,519,612,"sec",1,5014.21490972666
"613",100.645448587778,"word",1.94489968671842,0.304050362436101,6.4613391761668,804,613,"sec",1,4567.51105049907,100.031249037059,101.469993009691,"word",-0.757612043385003,0.833858887199312,7.66621601069346,365,613,"sec",1,4990.86225195731,"word",0.574637835681431,0.20929577993229,1.39933329308406,547,613,"sec",1,5214.49081084762,100.150293167769,"word",-1.59983553428517,0.457067619543523,9.73388300044462,528,613,"sec",1,4642.20019991656,100.167635076108,"word",0.468148644852571,0.842820865334943,7.68623061012477,904,613,"sec",1,5174.16066964254
"614",101.858920421688,"word",1.01120115339308,0.503951379097998,1.42385025275871,268,614,"sec",1,5016.37920504708,98.2647912331396,99.1831695036903,"word",0.983309285343815,0.663492544554174,9.6308379387483,793,614,"sec",1,5161.16680635386,"word",0.35981834148137,0.508710543857887,1.68941714568064,825,614,"sec",1,5085.25474829998,101.550182700502,"word",-0.652680746378038,0.161469202488661,2.73088430287316,359,614,"sec",1,4810.63548660193,100.394770756725,"word",-0.358875375056066,0.852717434521765,4.86709483899176,16,614,"sec",1,4891.2569839329
"615",99.3539560449722,"word",-1.05005707723426,0.68284255056642,8.04142304696143,869,615,"sec",1,4785.2776277465,102.27418630942,100.627788321134,"word",0.073061035839186,0.291094887303188,8.47024212358519,13,615,"sec",1,5005.59241676185,"word",-0.382991845480813,0.103945913026109,1.33191816275939,101,615,"sec",1,5290.97206652629,100.043973202552,"word",-0.546847696483482,0.649707690114155,6.05842451564968,197,615,"sec",1,4853.70844633988,99.7180234134935,"word",-0.728161627740003,0.648321287240833,4.47885618777946,425,615,"sec",1,4863.55454836853
"616",99.33377074916,"word",-1.53792378987833,0.05337108601816,2.76596510550007,673,616,"sec",1,4640.99740891296,100.205503977232,99.1885571644537,"word",0.457907538826769,0.180762502364814,1.10440481919795,138,616,"sec",1,4991.58028575088,"word",-0.270826392658181,0.756016249069944,4.26939418073744,999,616,"sec",1,4875.5106720648,101.264344196818,"word",0.684780149923795,0.775917214341462,8.60480413073674,600,616,"sec",1,5305.48968110384,98.4440241635025,"word",0.0408669624798322,0.45254465425387,1.23953917529434,353,616,"sec",1,5129.60925913006
"617",100.298466779061,"word",0.902859515988443,0.0987803558818996,0.303661222569644,414,617,"sec",1,5188.47672427532,99.4304353010992,101.063742690061,"word",1.00289684792694,0.640188935678452,4.9461554386653,285,617,"sec",1,5259.33372575856,"word",0.228008422752006,0.882043555146083,5.80333231948316,561,617,"sec",1,4953.04174433619,99.4712130565542,"word",0.354828527712935,0.205362437060103,8.36438730591908,97,617,"sec",1,5581.58324699997,99.7381082522007,"word",-0.207955449062155,0.128782744053751,7.3425755999051,133,617,"sec",1,5140.28749504931
"618",99.9644959270306,"word",-1.58744754251669,0.161011022282764,0.240203961730003,345,618,"sec",1,4715.96791106028,100.911442074146,101.393584887801,"word",0.545153806732321,0.781802331795916,8.13703703926876,245,618,"sec",1,4649.05184507751,"word",1.35421750456425,0.534053680952638,3.52848477428779,126,618,"sec",1,4782.96131449882,100.215104167517,"word",0.0553268480884404,0.94506774819456,2.2609892510809,998,618,"sec",1,4903.84230444181,98.8286162046465,"word",-0.147933957613117,0.998003956861794,5.31315222149715,568,618,"sec",1,5051.95648766892
"619",99.2823326775307,"word",1.39837696783704,0.0600362976547331,8.57221423648298,955,619,"sec",1,5073.1439466162,99.4431545524913,100.041044446632,"word",0.579031531698419,0.473495443118736,8.8535250001587,332,619,"sec",1,5115.04631513802,"word",-0.481941400281018,0.445864045061171,8.81241543451324,209,619,"sec",1,4934.23926964051,100.280798319498,"word",-1.21226637055663,0.305280667031184,1.27120521618053,737,619,"sec",1,4829.64477030556,100.041142845159,"word",0.127816701066443,0.0653720262926072,0.715443142689764,507,619,"sec",1,4986.56049314332
"620",100.292108239404,"word",-0.394640472147466,0.954053616384044,9.7925216355361,449,620,"sec",1,4987.88039104438,101.515714779566,100.596207348613,"word",1.05805962418834,0.117107573663816,2.54947607172653,702,620,"sec",1,5119.9747558605,"word",0.462125083075715,0.98550009704195,6.78483523894101,773,620,"sec",1,5185.68649809031,101.469861253452,"word",0.310434712656229,0.696278099901974,3.3626443031244,308,620,"sec",1,5068.54341487988,99.96062032291,"word",-0.0616091056948967,0.322598293889314,8.20753696374595,262,620,"sec",1,4662.33496206194
"621",99.3093614312456,"word",-0.965127918260552,0.676323053659871,8.46625429810956,374,621,"sec",1,4685.83513699999,101.111575885354,98.7711774592115,"word",-1.17186662470627,0.821887020021677,5.50358733162284,191,621,"sec",1,5010.76689396237,"word",-0.254819606208679,0.318189138313755,5.06771240616217,42,621,"sec",1,4954.69313479409,99.1773809807385,"word",-1.47026783667888,0.779945985646918,5.07882480509579,825,621,"sec",1,5367.36912203971,101.224160628551,"word",-1.34811181433513,0.128488569520414,7.85466451430693,848,621,"sec",1,4826.76598125945
"622",99.0986651307667,"word",1.74902626339722,0.111216484801844,9.01663911761716,996,622,"sec",1,5003.64326055045,99.1353451695332,99.9063487519686,"word",-0.259192586659856,0.549184706993401,5.69683630717918,278,622,"sec",1,5040.58950500458,"word",-0.0779772744222631,0.307432409375906,4.68888154253364,526,622,"sec",1,5109.90673686873,99.2610074976295,"word",-0.444532898683078,0.000807503238320351,2.1421803557314,118,622,"sec",1,5060.29221135356,100.694599900264,"word",1.26259007630253,0.886079856194556,3.25639888644218,539,622,"sec",1,5413.34867580648
"623",99.4175256490093,"word",0.0158110949037221,0.275091137271374,7.81037958571687,589,623,"sec",1,4891.42051577138,98.8378105881737,98.9567354095845,"word",-0.736317499774025,0.00339561305008829,6.43671044614166,621,623,"sec",1,4726.20928541092,"word",-0.284638363124454,0.372438540915027,0.267539173364639,936,623,"sec",1,5239.27593484016,100.396334192381,"word",0.453748066405902,0.434404359199107,3.81531196646392,83,623,"sec",1,5287.20444750443,100.748855578489,"word",0.0420287536376436,0.765208218246698,6.81017554365098,505,623,"sec",1,4986.76252054406
"624",99.9111863016481,"word",1.19095513277949,0.179815212497488,5.26982285315171,423,624,"sec",1,5106.77040765803,99.6796837647542,101.081186399574,"word",-0.793088669747513,0.592786577530205,3.22478747693822,578,624,"sec",1,5017.34792334079,"word",-0.996477730587817,0.93658246519044,6.53685577213764,178,624,"sec",1,4757.79562131629,100.304875615948,"word",-0.499107806759238,0.780083562480286,6.48847059812397,126,624,"sec",1,4380.77554272204,101.28000557889,"word",-0.605239554144216,0.971354917855933,7.53043479751796,839,624,"sec",1,5034.54047638258
"625",101.185148361862,"word",-2.10982496322231,0.202694633277133,5.72407059604302,439,625,"sec",1,5154.14592809459,100.159813084215,99.2686479906866,"word",0.398269403933278,0.594702954869717,1.28836612217128,585,625,"sec",1,4813.92584239212,"word",0.211106143176805,0.41795308352448,0.759507443290204,572,625,"sec",1,4968.89032741237,100.102365243777,"word",-0.294378984392148,0.854453726205975,0.557730535510927,41,625,"sec",1,4975.28641602701,102.266124450726,"word",-0.777178978272585,0.0937891257926822,0.666429060511291,618,625,"sec",1,4821.95895195646
"626",101.332324686108,"word",-2.31474480496077,0.439318388467655,9.84019270166755,908,626,"sec",1,5157.39839447469,100.122145406423,99.7618061404842,"word",0.26836170822645,0.299578203586861,8.89487213920802,122,626,"sec",1,4650.91811929932,"word",-0.535061946241631,0.56830091890879,3.87724771630019,441,626,"sec",1,4973.25916183448,100.610589135802,"word",0.290751626057353,0.565759635763243,7.19523313222453,822,626,"sec",1,5098.50189347413,99.2108070320626,"word",1.83603175421478,0.0852650902234018,4.08333364641294,685,626,"sec",1,5121.0559690324
"627",99.0004587671709,"word",-0.563131095418249,0.609567165840417,8.66436214884743,116,627,"sec",1,5024.38786896174,99.1759591889493,99.3291100614874,"word",0.701650771224567,0.565625834511593,6.04965874692425,371,627,"sec",1,5117.7146779135,"word",0.0705644606655544,0.957644285168499,9.13259315304458,997,627,"sec",1,4990.46719897465,99.4318025903973,"word",-0.351099854387717,0.503589445259422,9.22735280124471,325,627,"sec",1,5272.67266666879,99.3951956748309,"word",0.515739436675051,0.644651558250189,2.71862490335479,962,627,"sec",1,5019.65747856916
"628",101.118495755251,"word",1.5777460189609,0.27348016272299,7.30717394733801,704,628,"sec",1,4670.45546388171,99.8874845099385,99.1544271768869,"word",-0.534456982873848,0.877931931521744,6.54876966727898,42,628,"sec",1,4986.92735672809,"word",-1.81637027942973,0.829218627186492,2.86447464022785,498,628,"sec",1,4978.32861350899,99.3929395404875,"word",1.20367566544477,0.357268061488867,5.5110081541352,409,628,"sec",1,4971.43999001271,99.865918293283,"word",-0.028908879553416,0.315670060692355,2.39160721423104,951,628,"sec",1,5115.98247993808
"629",101.361103756537,"word",0.617914348725434,0.608774127671495,9.98041309881955,346,629,"sec",1,4918.28097196538,100.965186946872,99.0257040978096,"word",1.60223984579665,0.285695031285286,2.66478295437992,903,629,"sec",1,4788.57399604138,"word",-0.393815256620325,0.065717841964215,2.33924865024164,952,629,"sec",1,5263.86356617791,99.8748045934878,"word",-1.67925240522931,0.522059021983296,6.13697037799284,7,629,"sec",1,5062.73776628574,98.7827082235344,"word",-0.175648247364503,0.837906823959202,7.39761183736846,886,629,"sec",1,4898.72433870821
"630",101.961366794667,"word",0.802126966789977,0.903143484378234,7.29266375070438,185,630,"sec",1,4799.05266656994,99.6725691615417,99.8951932776727,"word",-0.545701433638954,0.833744646748528,5.91202977113426,818,630,"sec",1,5013.10570916187,"word",0.209858449059556,0.132298338692635,1.82847207877785,772,630,"sec",1,4982.72065899738,99.6057306541664,"word",0.17883877860813,0.115962442941964,9.42351231584325,375,630,"sec",1,5140.69037370284,100.451546644225,"word",-0.401343751280986,0.505486935609952,5.70400896016508,419,630,"sec",1,5054.48486953251
"631",102.294911158745,"word",-0.623614019016172,0.163615301717073,0.813268013298512,319,631,"sec",1,5030.26702032037,98.8344430527838,99.5351130275868,"word",-0.64633038369307,0.24867143528536,4.58508427254856,329,631,"sec",1,4727.47042417017,"word",-0.242584058231057,0.44407496531494,3.57557344948873,21,631,"sec",1,4883.58947081896,101.178906084796,"word",0.613896921054962,0.444233074085787,7.74864891776815,483,631,"sec",1,5091.79584042844,98.8431208244073,"word",-0.718374925388367,0.905162453651428,2.43285443633795,30,631,"sec",1,5266.94882095958
"632",101.878971988832,"word",2.414881127348,0.609929405385628,3.69542852742597,502,632,"sec",1,4859.7258033658,101.442361465546,100.034939489597,"word",0.320831272103904,0.126452288357541,9.39233436482027,690,632,"sec",1,5438.03916325718,"word",0.259384502230407,0.637787883169949,4.62276107165962,433,632,"sec",1,4908.72625468927,99.3688460005371,"word",-0.550397301051816,0.0377128515392542,2.5223127589561,916,632,"sec",1,5113.56940485091,99.2811665454683,"word",1.03067658872187,0.388725434895605,0.235477699898183,989,632,"sec",1,4909.55284381801
"633",99.3745269154997,"word",1.11708002986655,0.143217199249193,0.197538705542684,731,633,"sec",1,5105.88306285503,100.629445061712,100.661387793374,"word",0.0466948863758113,0.183457520091906,5.93102198559791,733,633,"sec",1,5099.04593406414,"word",-0.061798416514381,0.410493517760187,9.42120628198609,308,633,"sec",1,5048.98988657137,99.1451105576721,"word",0.333388226456642,0.608128590742126,6.81655399966985,653,633,"sec",1,5060.48002278161,101.01891414678,"word",-1.21745706923131,0.648496331879869,4.89107502857223,371,633,"sec",1,5076.4880664975
"634",98.3199215111267,"word",-1.12100891104713,0.436720988713205,7.22385620698333,544,634,"sec",1,4791.5736947901,99.50967437851,101.559725168553,"word",0.631630942088798,0.634761423803866,9.23509132815525,754,634,"sec",1,4998.61137224706,"word",-0.14073791773655,0.16253419383429,5.56073053507134,322,634,"sec",1,5039.61402675279,100.166447651479,"word",-0.102492687028634,0.0618552179075778,5.76935366494581,288,634,"sec",1,4881.76641896492,100.233988717916,"word",-2.00664525971064,0.171810014406219,0.439847770612687,953,634,"sec",1,5087.16296288681
"635",100.522839610087,"word",1.65046304658007,0.495470128022134,3.46144254785031,429,635,"sec",1,5205.80565309818,100.182025690922,99.1389442836742,"word",-1.46141618459741,0.925205359002575,8.4573980467394,35,635,"sec",1,4804.2664971376,"word",0.557221844438059,0.614804608514532,6.58333675935864,793,635,"sec",1,4748.72206399364,99.6769970296711,"word",0.437167293077316,0.121274956967682,5.6505667977035,525,635,"sec",1,4914.04656001658,103.457919894854,"word",1.12149456080121,0.799966958817095,0.665731418412179,246,635,"sec",1,5010.65743227826
"636",99.3624258642817,"word",-2.16287207843068,0.5659715810325,0.257466922048479,687,636,"sec",1,4693.26600412735,99.2983660078391,100.43557954644,"word",0.518223730376135,0.101386310299858,0.978990588337183,822,636,"sec",1,4679.16404059635,"word",0.638593041559136,0.790745379636064,4.0819338732399,178,636,"sec",1,5374.1712938035,98.8861089738897,"word",-0.507649195987541,0.626082211267203,6.71071879332885,117,636,"sec",1,4757.51695172211,100.649572292894,"word",-0.46365140822585,0.480953288031742,7.16033170698211,267,636,"sec",1,5097.07681812442
"637",100.659591843756,"word",0.993895346665477,0.508500958560035,7.29865617817268,88,637,"sec",1,4677.56161274981,101.2476263586,101.110990355354,"word",1.59942145456362,0.48284597415477,4.01750132674351,566,637,"sec",1,5079.20062765364,"word",-0.182604232874783,0.0954123025294393,8.97076417226344,828,637,"sec",1,4744.48792924084,100.218430282258,"word",-1.45862260019372,0.490226590307429,6.31996069569141,705,637,"sec",1,5057.93955606277,99.6326635764296,"word",0.434387261948777,0.445700647076592,7.65651518246159,649,637,"sec",1,4475.45819266253
"638",100.158928432267,"word",-0.695566058887121,0.372655461076647,7.86259109387174,473,638,"sec",1,5273.24070269881,100.016750194958,100.759470323745,"word",0.99423342088272,0.614885026356205,9.97488804161549,418,638,"sec",1,4917.77116217198,"word",-0.709181869811869,0.0884770101401955,6.65516294073313,920,638,"sec",1,4895.07889646739,99.4259270823479,"word",2.36710349172412,0.386436985805631,1.09377453103662,411,638,"sec",1,5015.45110742131,100.914382394707,"word",-0.427122839419162,0.00081595266237855,1.34213556535542,780,638,"sec",1,4888.89799529591
"639",99.4727406674962,"word",0.0389081385550422,0.0111052191350609,0.108934452291578,723,639,"sec",1,5197.71385328712,101.068557981346,100.780629562354,"word",0.920981918278961,0.721707303309813,4.95090960524976,141,639,"sec",1,4608.13071879853,"word",0.419647575845454,0.00994184636510909,5.24473923025653,845,639,"sec",1,4899.20496218552,100.800679237758,"word",-1.57849598335894,0.898783076321706,6.92327018128708,328,639,"sec",1,5108.94809615323,99.3168195740505,"word",0.258639278382484,0.0470346449874341,0.677632228471339,658,639,"sec",1,5207.51287629151
"640",100.167639087426,"word",-0.993004097842363,0.870264805620536,3.36923871887848,18,640,"sec",1,4956.3943995459,99.1777280536381,99.9436067381987,"word",0.614387569399206,0.831706147408113,7.12063607526943,956,640,"sec",1,5241.77773599257,"word",-0.526471904916718,0.192108308430761,5.63809519167989,677,640,"sec",1,5217.72300440002,100.017965607922,"word",-0.409109171557599,0.321003870107234,5.02410394605249,252,640,"sec",1,4683.91527919629,98.5934484844687,"word",2.67855916689336,0.774107415927574,1.17241457104683,267,640,"sec",1,4930.01969342871
"641",98.8316585780025,"word",-0.930241583244489,0.286727136699483,1.53146307915449,986,641,"sec",1,4981.95607327265,101.007100990391,99.7873225062978,"word",0.486600246972875,0.666044341633096,9.77865222608671,195,641,"sec",1,4544.47550197117,"word",-0.290813003173155,0.671499930555001,2.43508490966633,964,641,"sec",1,5244.35014703093,99.7629618370103,"word",1.25299670022912,0.456597421318293,6.87239568447694,228,641,"sec",1,5038.46512755155,99.8713140238667,"word",-1.50439431684478,0.338813748443499,1.71528533799574,158,641,"sec",1,5457.49540662177
"642",101.251732946672,"word",-0.0712984379098762,0.903282444924116,8.29471899662167,959,642,"sec",1,4892.64493389654,98.1218344212417,99.1438308125754,"word",-1.25844887185961,0.64940705569461,0.471309842541814,157,642,"sec",1,4947.92920233125,"word",-0.182872941232722,0.292729925364256,1.16883900947869,620,642,"sec",1,4955.43643906793,98.1282496205147,"word",-1.63834095597166,0.14147013053298,7.98039505491033,247,642,"sec",1,4880.95639871843,102.051577821307,"word",2.36303826542433,0.195449047256261,0.220254769083112,510,642,"sec",1,5259.49167768247
"643",100.014102986394,"word",0.0152194254382727,0.769211008911952,8.15455180592835,890,643,"sec",1,4986.56108714339,100.880277785996,100.106215673759,"word",1.46054151127574,0.67183975293301,5.29721047263592,862,643,"sec",1,4752.97500489264,"word",-0.692267945260818,0.984583090990782,0.23218029178679,461,643,"sec",1,5024.39724612321,97.853630802606,"word",-0.447620845231467,0.15004464937374,8.61666427692398,853,643,"sec",1,4799.93619466349,101.949209237897,"word",-2.59098651066596,0.617156422929838,4.51728367246687,102,643,"sec",1,4908.20909488621
"644",100.409291870902,"word",0.528814610533629,0.388354231603444,8.34167579887435,381,644,"sec",1,5263.82673133764,100.861509200348,99.8121520260149,"word",0.0912093289445477,0.836266987491399,8.25294093228877,234,644,"sec",1,4957.55012038674,"word",0.56065934187711,0.0926361880265176,8.34885830525309,969,644,"sec",1,4727.52634269251,98.5539598028447,"word",-0.00432695110216325,0.851125492248684,2.7982501569204,929,644,"sec",1,4811.79848966316,99.8727805691765,"word",0.133561661655914,0.582860536873341,7.50643677311018,731,644,"sec",1,5049.49986958034
"645",100.602493012198,"word",-0.34055409721711,0.000371154164895415,3.69662990560755,641,645,"sec",1,5283.03812407318,100.380197312542,99.7400841362895,"word",0.761699629958186,0.88900526589714,6.49645855650306,979,645,"sec",1,4712.43664002911,"word",-0.847097228627004,0.0405801995657384,3.34037575405091,24,645,"sec",1,5100.29813419205,99.1992738696515,"word",2.08268586247104,0.937750128330663,6.42801741603762,664,645,"sec",1,4753.91174157429,101.033716863521,"word",-2.12625893468382,0.897457357263193,1.34669039864093,151,645,"sec",1,5182.5226309074
"646",100.437433584384,"word",0.972790971713983,0.597853095270693,3.54661093559116,780,646,"sec",1,5370.18923479206,101.149746114128,99.8449788160214,"word",-0.515946083484917,0.352169910911471,1.47460918873549,694,646,"sec",1,4829.65488941168,"word",1.22383451680463,0.209828841499984,7.37855612765998,114,646,"sec",1,5141.09250789963,100.114083214858,"word",1.59579689862615,0.451879677129909,0.0520131224766374,325,646,"sec",1,5161.60698119186,101.049204957637,"word",2.03978813838157,0.513133649947122,9.1927281068638,263,646,"sec",1,5056.30651829431
"647",97.9072460593931,"word",-0.997194150372761,0.559835007181391,4.64278987143189,332,647,"sec",1,4878.15424927453,100.386019441591,98.5127184857008,"word",-0.744105414555033,0.708962592529133,8.22924538748339,567,647,"sec",1,5068.214376938,"word",1.61689553939842,0.222733383765444,6.83840049430728,883,647,"sec",1,5164.57998929263,99.3520658790592,"word",-0.280427858017585,0.0810326882638037,2.9541223635897,939,647,"sec",1,5049.56054567103,100.251660460586,"word",1.08423998351312,0.0988049802836031,6.21342493453994,174,647,"sec",1,5146.54979383081
"648",98.3073413730175,"word",0.685374363394624,0.697783309966326,1.69537881854922,756,648,"sec",1,5256.57070336742,98.4252116552519,99.707389925845,"word",0.316815985076674,0.574745365185663,9.21347052790225,370,648,"sec",1,4996.25177975767,"word",0.560388369728312,0.84804322081618,1.90046358620748,500,648,"sec",1,5131.2337627012,100.316036075179,"word",0.267464461065642,0.584113313816488,5.42285110801458,493,648,"sec",1,4971.60313536834,98.7736367008422,"word",0.0645232068421323,0.621818748302758,0.720243477262557,512,648,"sec",1,4759.46886202742
"649",98.8737892720729,"word",0.65748607636611,0.340475272387266,4.48922446230426,304,649,"sec",1,5067.31711842311,100.431257795864,99.9802636419108,"word",3.24368574616454,0.894086599349976,7.31407047016546,819,649,"sec",1,5022.06556663801,"word",-0.454991493451752,0.381985960761085,9.32195419212803,991,649,"sec",1,4645.98791053964,100.104025132579,"word",1.47856247179827,0.718202556716278,6.44109769491479,4,649,"sec",1,5134.2391158235,101.199679793803,"word",0.790690044569938,0.106182187097147,2.49010845785961,116,649,"sec",1,4663.97673084373
"650",100.744806086593,"word",-0.0127409051824718,0.190075503895059,8.51067595649511,170,650,"sec",1,4618.55131499241,98.4795094031537,100.859612780997,"word",0.242512346879496,0.792326733237132,3.91144768334925,155,650,"sec",1,5209.76378352419,"word",0.475462707686714,0.378719359636307,2.9210613691248,627,650,"sec",1,4773.47746344976,100.032490057263,"word",0.159545490533872,0.280031482456252,0.860012057237327,328,650,"sec",1,5013.02391423369,100.687478448344,"word",-0.392457450841347,0.930151713779196,9.58859665319324,115,650,"sec",1,4834.10235980112
"651",99.6295549789777,"word",0.308524281972068,0.509079405572265,0.520605500787497,736,651,"sec",1,4554.91423469253,101.93072094231,100.5102932517,"word",-1.33841703319659,0.131820020498708,2.55301046185195,657,651,"sec",1,4629.33304287391,"word",0.853526098911804,0.784244465408847,8.83381437510252,708,651,"sec",1,5110.40742424595,99.1423617734906,"word",1.13394967689585,0.205793877365068,1.67827108642086,551,651,"sec",1,5032.23613228117,99.4622247449862,"word",0.518261068687619,0.612182567594573,5.84966870490462,7,651,"sec",1,4651.03480936273
"652",100.323232185319,"word",-0.295436354173879,0.292703271843493,9.09257775172591,826,652,"sec",1,5360.93293355173,99.9175451248553,100.294076357552,"word",-0.373174921509155,0.642037854297087,4.30395623901859,877,652,"sec",1,5128.11812015671,"word",-0.406564025735243,0.360532083315775,6.74705202924088,1,652,"sec",1,4739.94536232524,100.627492430092,"word",0.651226170645404,0.0645547162275761,1.40846989350393,669,652,"sec",1,5189.58410961657,99.2725967570305,"word",1.63217073710259,0.431671580998227,5.92658601468429,389,652,"sec",1,5228.18492654464
"653",100.242754021239,"word",0.310379803061644,0.750139227835461,8.58684109291062,22,653,"sec",1,5106.0458053191,99.5802185211284,99.3581686473706,"word",0.242393369272406,0.200459685875103,5.00287776114419,696,653,"sec",1,5347.70258482779,"word",2.05707902683901,0.54767814418301,1.23995664063841,702,653,"sec",1,5138.11085522299,100.478909637342,"word",-0.885425759833511,0.0633113521616906,7.28676353115588,11,653,"sec",1,4945.81033870117,98.7778585597803,"word",0.680128739243688,0.973975744331256,1.46078255027533,992,653,"sec",1,4924.57766934262
"654",99.2591986452864,"word",-0.524501933150766,0.797219803789631,3.55014360044152,708,654,"sec",1,5099.51114555544,98.3456908095051,100.61807950844,"word",-0.239078111973164,0.674839148763567,4.91372976452112,113,654,"sec",1,5011.40955545743,"word",1.69721400853945,0.211325705517083,5.96265342319384,957,654,"sec",1,4726.24946690055,100.044346069001,"word",0.47222333318254,0.685955063672736,7.77951123425737,414,654,"sec",1,5004.99061951718,101.781914539926,"word",-1.40923238146724,0.171715826261789,4.95298616820946,370,654,"sec",1,4971.70878638006
"655",99.2015512271577,"word",0.460192609118268,0.52197569492273,9.28652466740459,986,655,"sec",1,5609.85189201289,101.529467352135,98.1245914065126,"word",0.845641059945787,0.608124632155523,3.33756315521896,735,655,"sec",1,5182.75211453015,"word",0.0270005234901387,0.707847542129457,0.561012499965727,471,655,"sec",1,4771.93472344911,98.0321214705238,"word",-0.619400680533429,0.856784217059612,4.93061676621437,314,655,"sec",1,4889.33895173082,99.3845727832931,"word",0.0460354449409524,0.0885648138355464,9.97004086151719,424,655,"sec",1,5261.67497381543
"656",101.141721604686,"word",-0.262700688246115,0.422021995764226,8.39235154911876,329,656,"sec",1,5375.38887589753,101.32290307709,100.597853044784,"word",0.964631150131155,0.392678489908576,5.17438094131649,124,656,"sec",1,4881.4770802744,"word",1.08769478690991,0.0982275337446481,5.71026886580512,39,656,"sec",1,5128.17142915209,101.796213339994,"word",-1.08662443246214,0.701597097562626,6.84616352431476,307,656,"sec",1,4749.02108066702,98.8220348346059,"word",0.154799707662147,0.130802383413538,3.54718528920785,484,656,"sec",1,4803.23460754047
"657",99.7621281082306,"word",0.291748519913764,0.666424384806305,4.70556108746678,756,657,"sec",1,5030.55062007466,101.809686884814,101.90533830326,"word",-1.24719852848951,0.0193041311576962,0.710485342424363,78,657,"sec",1,5188.59886479328,"word",0.420969959167647,0.801119139418006,2.45055937441066,571,657,"sec",1,5019.28406104845,101.018241784678,"word",-3.48268503699068,0.463607677957043,5.07503767730668,97,657,"sec",1,4940.97968193113,99.2021859188955,"word",-0.193918615899902,0.0716222729533911,9.06102474778891,345,657,"sec",1,4878.47672174524
"658",99.7159709277802,"word",-1.20023291584583,0.896632638992742,7.95280253747478,299,658,"sec",1,4974.22939058798,100.047275823609,99.3609534653998,"word",-0.177195678559843,0.887814969057217,4.45262293564156,603,658,"sec",1,5107.78973342744,"word",-0.844693528489376,0.710487822070718,5.22346394602209,358,658,"sec",1,5031.53286820517,101.626036637558,"word",0.149721643007186,0.917598998639733,8.3340626116842,88,658,"sec",1,5291.81397599626,98.6060324837353,"word",0.0534863620947438,0.775451886234805,2.36627926351503,677,658,"sec",1,4947.32900929318
"659",99.9946780601717,"word",-0.113428154528509,0.668464502785355,5.4556892067194,38,659,"sec",1,4992.56366456118,98.8963020254157,98.4271291978893,"word",-1.89866245816058,0.294078830163926,9.16824218118563,433,659,"sec",1,5131.67760894423,"word",-0.670615731343336,0.357411812292412,5.99070656113327,958,659,"sec",1,4816.29351064409,100.538779070697,"word",0.148910108379583,0.95371393323876,9.9853490316309,655,659,"sec",1,4941.94423564148,100.538538199849,"word",0.712072654623723,0.473799112252891,7.58153708418831,636,659,"sec",1,5114.06118352448
"660",101.831325985246,"word",-0.809883763599546,0.729543891269714,4.26023116102442,847,660,"sec",1,4983.6990435417,99.8441742664905,99.6680786377915,"word",0.996351557972945,0.921805500751361,4.76976584875956,166,660,"sec",1,4998.99783047426,"word",-1.07723722185157,0.384734525578097,5.37061281735078,817,660,"sec",1,5017.87961115177,101.057543515209,"word",0.29428393711996,0.478995536686853,5.46009670710191,134,660,"sec",1,5039.53744183005,99.6449060856156,"word",0.589648961575496,0.52665768424049,5.93138313153759,929,660,"sec",1,5102.45717965095
"661",99.689393139655,"word",0.711023415108005,0.81027235253714,8.49987338297069,384,661,"sec",1,5143.92329653411,98.8289666714348,100.265670038503,"word",1.27532800410311,0.187723501585424,3.62492344575003,733,661,"sec",1,4692.19988812029,"word",-1.20670513402829,0.0793313116300851,6.31764756748453,483,661,"sec",1,5208.49907401621,101.502886593987,"word",-0.169532143266702,0.44257574970834,7.48660703189671,902,661,"sec",1,4869.82072546611,99.9392391293784,"word",-0.104306354217224,0.236507832771167,8.76444291323423,751,661,"sec",1,4981.54693586226
"662",101.397071501845,"word",0.054619880132526,0.576701384503394,8.44831887632608,604,662,"sec",1,5203.27689837314,99.3031213603113,99.8325388977876,"word",-0.0200512891881134,0.567482053302228,0.382524633314461,188,662,"sec",1,4882.52621282459,"word",-0.214590806095273,0.922257568221539,8.60913231736049,946,662,"sec",1,5124.97627034068,99.5285718137277,"word",1.39281129269362,0.613812462426722,7.16977073112503,748,662,"sec",1,4950.68678691348,97.5569027565104,"word",0.761462661114783,0.869542954489589,7.30317223351449,939,662,"sec",1,5054.32028219644
"663",100.895844742,"word",1.66890021960573,0.810287252767012,9.15093847317621,310,663,"sec",1,5193.05686650483,100.313012904931,98.3141223694614,"word",-0.817065126213745,0.713505564490333,4.94537562830374,511,663,"sec",1,5157.24962795788,"word",-1.51233010064379,0.0285030524246395,4.14444939000532,76,663,"sec",1,4814.00676455063,99.9830580512949,"word",0.350601063332433,0.64783627865836,3.0281102238223,306,663,"sec",1,4942.36692860379,100.887717639503,"word",-1.04807130590375,0.679329717066139,6.94884874625131,695,663,"sec",1,5517.07225262057
"664",100.923764708108,"word",-1.39431259768115,0.960586810018867,9.06638234155253,972,664,"sec",1,4849.00603763297,100.859751421051,99.9982032186453,"word",2.28087369733902,0.771492298459634,9.53329593408853,110,664,"sec",1,4612.64936632603,"word",1.28775658807088,0.447957051452249,1.76119687734172,818,664,"sec",1,4510.41698289594,98.8679611772448,"word",0.030559189423783,0.95821042987518,2.12623795028776,690,664,"sec",1,5186.09221194373,101.684593056577,"word",-0.301194832612489,0.473898508585989,6.58116173930466,141,664,"sec",1,5130.86887786186
"665",99.0420281334151,"word",0.838257897157673,0.518432738259435,3.51894490187988,435,665,"sec",1,5131.18367855387,99.8987001601452,100.918352437271,"word",-2.14761747883559,0.433643463766202,3.75400754623115,91,665,"sec",1,4736.11870414563,"word",-0.543277164382229,0.71549619990401,9.6671062358655,797,665,"sec",1,4952.98238660815,99.5361392511367,"word",-0.171553644245292,0.0226085500326008,8.51742521859705,551,665,"sec",1,4658.6280132458,100.729016009621,"word",0.213633572683379,0.791695276740938,4.1299205343239,609,665,"sec",1,5095.86539667536
"666",100.47093220739,"word",-1.02031535756271,0.931379597866908,5.32846177229658,14,666,"sec",1,4986.56685070694,100.314431199417,98.1342289693751,"word",-1.50408902100424,0.0306499025318772,5.48993982141837,873,666,"sec",1,4917.88451621076,"word",-0.506863735505474,0.503587309969589,1.4778990088962,528,666,"sec",1,5148.29957323701,100.382505683847,"word",0.503049600718885,0.697903121821582,8.71764588635415,879,666,"sec",1,5413.92067262347,99.7339368311951,"word",0.135132697765428,0.61010457156226,2.38330407766625,711,666,"sec",1,5423.8905083202
"667",100.60475121456,"word",-0.63360418485189,0.580212143016979,4.78319575544447,733,667,"sec",1,5064.94347605624,99.8822232759852,99.9415206203267,"word",-1.00891922197897,0.651664629811421,7.76710207341239,82,667,"sec",1,4537.5687899333,"word",0.901294323164524,0.133809943217784,7.16038683662191,574,667,"sec",1,4810.84724912866,100.517262028649,"word",0.904918542726094,0.623447706224397,5.63987811561674,2,667,"sec",1,5129.0155341022,102.076541051345,"word",0.564781256423442,0.377417985117063,0.569471612107009,722,667,"sec",1,4795.87560916641
"668",99.7969259191003,"word",-1.17478207884266,0.733593548182398,8.44633060973138,655,668,"sec",1,5106.98085883403,100.897095899319,99.1803869620258,"word",-0.356999420722524,0.389868216821924,3.69063114514574,93,668,"sec",1,4774.37143957871,"word",-0.0753961127087949,0.507025537081063,9.44749197689816,590,668,"sec",1,4781.85238992003,99.7290799611924,"word",0.809740725489708,0.270909693092108,9.90026204846799,526,668,"sec",1,5047.70071407287,100.749618816443,"word",0.00759518272931855,0.0963293795939535,3.36805249098688,181,668,"sec",1,5297.46828221908
"669",100.377320915911,"word",-0.234952233705452,0.903209859970957,4.95388719718903,979,669,"sec",1,4948.51503923372,99.45797626931,100.639440662383,"word",-1.28063233922568,0.14286245778203,9.20835040975362,950,669,"sec",1,5117.2760512793,"word",-0.283299735145775,0.630979240639135,5.31125097768381,993,669,"sec",1,5014.79580476909,99.6261991276056,"word",0.867626644118856,0.0868351135868579,8.93070912919939,635,669,"sec",1,5103.83181610231,99.8047182214023,"word",0.253695515832194,0.163711332948878,7.42084422381595,562,669,"sec",1,5356.63842923917
"670",100.312185763685,"word",1.98948898024591,0.574240131070837,4.07394259702414,251,670,"sec",1,4724.69017281362,100.132520734932,100.329325612765,"word",-0.230311325597922,0.620492504211143,1.87921939184889,521,670,"sec",1,5093.97910599651,"word",-0.143747902695971,0.514264843892306,7.48306911904365,882,670,"sec",1,5177.71156744967,99.2486675684365,"word",1.12556654717844,0.250050108879805,1.01492286892608,849,670,"sec",1,5104.12160793899,100.85132967819,"word",-0.212619746642892,0.292270745383576,1.50446091545746,65,670,"sec",1,4802.26028151598
"671",99.4462659254688,"word",0.940848352382545,0.900083660613745,0.348459070082754,461,671,"sec",1,4749.9995656945,99.0700813241047,99.7360675964062,"word",1.24800189227769,0.431905420264229,6.38793478487059,116,671,"sec",1,5231.94839427379,"word",2.36633439764283,0.64102019672282,9.31814310140908,603,671,"sec",1,5150.92896359661,97.6583465723072,"word",0.565526139862516,0.602486095856875,6.1699314089492,232,671,"sec",1,4960.98333253275,99.0675963851324,"word",-0.0261704292243424,0.401500260457397,8.54492085753009,829,671,"sec",1,5080.58670090407
"672",97.9496890155315,"word",-1.26152575205682,0.416437549283728,3.65519914543256,880,672,"sec",1,4631.13573662791,100.064192320593,100.359704327369,"word",-1.20065438832599,0.508173478301615,3.27901017386466,50,672,"sec",1,5023.22947519607,"word",2.38004400743368,0.800529933534563,8.45465956255794,45,672,"sec",1,5198.07626468763,100.890127301534,"word",-1.13393862949356,0.63988150190562,0.571385561488569,406,672,"sec",1,5091.96219049906,99.4613247280127,"word",1.02389821818803,0.265465766889974,0.628263610415161,592,672,"sec",1,4634.55714419722
"673",100.102375829366,"word",3.95313926358108,0.0258128496352583,4.77056865114719,314,673,"sec",1,4860.07983910277,99.1135907275335,100.49022537958,"word",-1.15586611357497,0.386236699763685,1.86856487765908,240,673,"sec",1,5039.64484582321,"word",2.41150695935557,0.472513102460653,3.30524049000815,846,673,"sec",1,4985.32729825876,99.7501486386724,"word",-1.33564131446633,0.681280414341018,3.63175915321335,810,673,"sec",1,5280.13493572518,99.7179731016345,"word",1.19520391764983,0.628665408585221,5.40006377501413,310,673,"sec",1,4591.09183769583
"674",99.6328335666628,"word",0.319362606123272,0.328817557776347,8.35413955850527,710,674,"sec",1,4820.13759390937,101.303673041389,100.859651820821,"word",0.354471072530629,0.384203261462972,1.35387476999313,787,674,"sec",1,5362.06521535811,"word",-0.0793999932132039,0.434770350111648,6.65681347018108,842,674,"sec",1,5194.75336311686,99.1813184051622,"word",-1.32065104333757,0.649116160348058,1.47389297140762,704,674,"sec",1,4911.5709225914,99.0484992044552,"word",1.82863853627474,0.621729284059256,6.18428484071046,568,674,"sec",1,4987.48669466041
"675",99.8387022421998,"word",1.07169699431782,0.619011730421335,7.62714334297925,987,675,"sec",1,4852.53864509705,101.079687660474,100.931176764495,"word",0.465108917374567,0.00938849500380456,0.742224368732423,593,675,"sec",1,5289.20672241457,"word",0.382215865693815,0.590138778788969,9.83133476460353,415,675,"sec",1,5439.77344379445,100.687320730261,"word",0.692607941157267,0.436111940769479,0.295488408301026,690,675,"sec",1,4697.55204402848,101.808999025824,"word",0.742621558591403,0.53268197295256,4.20644286554307,63,675,"sec",1,5068.92230683648
"676",100.042247323939,"word",-0.203440043184094,0.488466632086784,3.40463603381068,978,676,"sec",1,5113.64502874431,99.4959204473917,99.8456630904311,"word",0.413188682651576,0.186698861187324,0.104272256139666,832,676,"sec",1,4739.97230700598,"word",1.90402428680153,0.533290887018666,1.04150962317362,941,676,"sec",1,4978.25968932051,100.393397794554,"word",-0.888455915989704,0.537325449753553,4.188892764505,384,676,"sec",1,4721.9674125596,98.1344147831642,"word",2.2746116447987,0.816791371908039,6.4734068303369,823,676,"sec",1,4744.69061657483
"677",101.433259997459,"word",-0.921600194560276,0.373640406876802,7.18655203469098,204,677,"sec",1,5172.0134553394,99.5423092462364,98.9741486915219,"word",0.886518231989294,0.672563875792548,8.91235265647992,13,677,"sec",1,5177.63241157051,"word",0.98883096529508,0.439165534917265,4.56958866911009,104,677,"sec",1,4938.18699659717,100.209645180153,"word",-0.567127197921794,0.933836281765252,5.64921574434265,793,677,"sec",1,4641.34357656338,99.4999771870418,"word",1.19616708907776,0.164542499464005,3.98330572526902,801,677,"sec",1,5039.65387315295
"678",100.011822974307,"word",-0.744420976401253,0.274494676385075,2.76677907910198,527,678,"sec",1,4882.62711908074,100.592151928668,99.775106821016,"word",0.461907876930512,0.296087708091363,8.49192211637273,219,678,"sec",1,4903.96653379119,"word",0.0143599464475243,0.491169800749049,1.445899810642,810,678,"sec",1,5112.27942994382,98.8034409544153,"word",0.460680035761192,0.291883572936058,5.11496240738779,159,678,"sec",1,4810.0510774648,98.5420985394492,"word",-0.802595990518868,0.0878241991158575,5.61952490825206,552,678,"sec",1,5358.51575358676
"679",100.425493988415,"word",-0.765264593855005,0.634215775877237,4.20425112824887,119,679,"sec",1,4497.51722658302,99.1121615951279,98.8908999617781,"word",1.10954969971706,0.0667023633141071,1.90595526248217,61,679,"sec",1,4986.29933206851,"word",0.634828799822495,0.743183399317786,9.42195016657934,982,679,"sec",1,5179.20275868161,99.7074318612643,"word",-0.225359454804943,0.78013886581175,8.93918694928288,875,679,"sec",1,4923.52626460574,101.040501483854,"word",0.180779168971324,0.0408335565589368,9.98319472884759,209,679,"sec",1,5184.76432806798
"680",100.259350151264,"word",1.33081945117302,0.879762259079143,7.74328640429303,80,680,"sec",1,4959.77155081068,100.205609387661,100.716013713867,"word",0.252887715824132,0.289474836783484,6.72722631599754,384,680,"sec",1,5076.54712722542,"word",-0.806525321698485,0.117938056122512,7.90425865212455,934,680,"sec",1,4525.12970659742,100.847531587771,"word",2.06982736356388,0.0192345976829529,0.22087664809078,883,680,"sec",1,4975.58373658906,99.7615026623338,"word",-0.658789087691344,0.0309198850300163,1.73218701034784,783,680,"sec",1,4975.30893474163
"681",99.5779278767063,"word",0.570515521321343,0.729381483979523,6.00083626108244,838,681,"sec",1,5060.85660907981,100.060101266911,102.454134978098,"word",0.323466844102661,0.555382498074323,7.07182307261974,232,681,"sec",1,4932.79300673001,"word",-2.59223577699671,0.916844427585602,4.62493487168103,985,681,"sec",1,4908.98677220126,98.8096044634636,"word",0.241852622225747,0.133974218508229,4.68921009683982,564,681,"sec",1,4535.52909159239,99.7496510045286,"word",-1.31173205491156,0.70530585735105,8.95603097509593,147,681,"sec",1,4802.19391057592
"682",101.462706642215,"word",-0.207527802524551,0.71775851608254,2.41585927316919,768,682,"sec",1,4633.36975876921,98.7992372544369,100.693472978669,"word",0.0389431961039756,0.10760778747499,2.79815506655723,519,682,"sec",1,4888.19526811,"word",-0.0189963996162823,0.0356843343470246,9.35802188003436,394,682,"sec",1,5197.61620232049,99.6643951982979,"word",0.759466952022714,0.0411195945926011,6.31987874628976,578,682,"sec",1,5133.69221542067,97.8165793851691,"word",0.181606691082696,0.45403659180738,6.33973624091595,367,682,"sec",1,5192.70221626145
"683",101.865575091732,"word",0.0936514503726327,0.736528319306672,2.71685707848519,397,683,"sec",1,4961.84792597492,99.0894715239494,98.7562171082267,"word",-1.44596953113916,0.584018782712519,9.21859449706972,220,683,"sec",1,4636.01370776485,"word",0.461196398072629,0.654404908185825,2.96105294721201,793,683,"sec",1,5082.224237954,100.60690198065,"word",0.80744188929472,0.946177504956722,4.49628221103922,412,683,"sec",1,4853.91137298775,98.7792480400834,"word",-0.202365618102759,0.784270016243681,6.20462239254266,572,683,"sec",1,5233.95345663379
"684",100.975983710315,"word",1.06165578232818,0.189908342901617,5.8900534035638,330,684,"sec",1,4768.35417405749,97.4847004968908,100.230669314087,"word",-1.39937786641902,0.542747245170176,4.18634945526719,361,684,"sec",1,4734.71308273866,"word",0.362177978145125,0.728093356126919,9.64216603431851,377,684,"sec",1,5224.19220989114,100.245971928551,"word",-0.0355971270123714,0.6012363366317,0.618595064152032,446,684,"sec",1,4893.90781841797,100.192538782116,"word",-0.411022458571173,0.025761624565348,7.09221690660343,658,684,"sec",1,5331.75974376593
"685",100.953830079817,"word",-0.378689789962696,0.832189279142767,5.26303144637495,162,685,"sec",1,4993.51669959599,99.5587388549947,99.2040428136289,"word",1.53519873051047,0.66816827072762,9.61256207432598,487,685,"sec",1,4638.03556445081,"word",0.702194131968186,0.771298359613866,6.1981166084297,245,685,"sec",1,5120.87350378525,100.740911641577,"word",-1.85168772934028,0.987537685316056,9.07047087792307,523,685,"sec",1,5798.25011701503,99.2147685220988,"word",0.512108333420811,0.345331048360094,1.75167534966022,429,685,"sec",1,4848.79920749494
"686",99.2893827097445,"word",0.506805084364349,0.0530431121587753,3.82242970168591,875,686,"sec",1,4833.11540296943,100.830558832666,100.906037887649,"word",-2.73356996993068,0.884472257224843,0.924382284283638,888,686,"sec",1,4885.2004772564,"word",-2.25071504641163,0.0195158629212528,8.30346612958238,791,686,"sec",1,4463.86727565353,99.4811991772796,"word",1.0513837063449,0.426052443217486,5.46890448546037,530,686,"sec",1,5018.50091617036,99.6473164350674,"word",-0.496761778985821,0.0342673703562468,8.43261728761718,174,686,"sec",1,5046.32519961529
"687",101.06872836963,"word",-0.471180023758189,0.697543109301478,4.84085670439526,663,687,"sec",1,4653.96073585606,98.8865198990935,101.090706039937,"word",-0.409214552496665,0.467757787322626,5.67829760257155,909,687,"sec",1,5079.081861089,"word",0.476800023914676,0.609253105707467,2.59762441040948,133,687,"sec",1,4939.19159325332,100.492718049828,"word",-1.32217674131296,0.565054142847657,3.92554057994857,666,687,"sec",1,4925.2588620563,101.433240739048,"word",1.6755510426453,0.515257201390341,0.802415413782001,386,687,"sec",1,5289.29595388404
"688",101.397541662454,"word",0.632333192217478,0.130261907353997,5.75377599801868,725,688,"sec",1,5183.31521965587,99.9619413874199,97.5436806381827,"word",0.672644248079713,0.259967619320378,5.95131597481668,933,688,"sec",1,5026.29729632829,"word",-0.987509081926481,0.376268946798518,8.60132221831009,431,688,"sec",1,5351.4676154891,99.0291335786858,"word",-1.37986167526537,0.228996802354231,8.81111475871876,708,688,"sec",1,4747.2846333137,100.437783218652,"word",-0.353575673251901,0.427382445661351,9.47174247121438,299,688,"sec",1,4845.45747438859
"689",100.601771203526,"word",-0.792175329664207,0.790872338227928,0.672752105165273,928,689,"sec",1,5088.53125312068,100.732978665269,98.564435624137,"word",-0.363038056298308,0.754236544715241,4.82226748252288,140,689,"sec",1,5206.74560055211,"word",0.15179921891961,0.106484148884192,7.79605600284413,589,689,"sec",1,5378.87424365013,100.394423809698,"word",0.418723843488824,0.880183970555663,0.650739884003997,787,689,"sec",1,5147.58678600356,98.5573514103372,"word",-1.42032212081063,0.0463466157671064,6.09645901015028,626,689,"sec",1,5040.92677844304
"690",100.184620549765,"word",0.731672067265291,0.0417743942234665,7.82046731794253,343,690,"sec",1,4963.51378165318,101.261266635396,99.7672379365491,"word",0.829019367176149,0.272619431372732,1.5846220147796,403,690,"sec",1,5452.66695129674,"word",-0.0072247807614506,0.981817745836452,5.0910095195286,713,690,"sec",1,5169.18436885305,99.6244555673566,"word",-1.20393543749272,0.0685082795098424,7.7389435400255,258,690,"sec",1,5057.63783953309,99.4231151577888,"word",-0.574169607065985,0.0261379238218069,4.29007770493627,786,690,"sec",1,5351.68316423103
"691",100.388308856647,"word",0.245917300719201,0.13082372257486,5.86308227851987,929,691,"sec",1,5040.81803563873,102.540255683495,100.53364116102,"word",-0.489609889295835,0.746891021030024,6.62550482200459,885,691,"sec",1,4660.7009888737,"word",-0.429178276225446,0.290727549931034,9.99466250184923,90,691,"sec",1,4777.16981437043,100.736386437524,"word",-0.355754533369878,0.553272211691365,4.83115545939654,751,691,"sec",1,5000.94538820053,99.5921171634903,"word",-0.495344351634013,0.0495495407376438,0.79776574159041,950,691,"sec",1,5545.16230943279
"692",99.9293918357532,"word",0.285019129899947,0.651025190018117,4.89567430922762,100,692,"sec",1,5041.5653291909,99.1638819598336,100.884477598859,"word",-1.18011014863964,0.544937575934455,5.25553358253092,666,692,"sec",1,4893.30908479426,"word",0.283756490734432,0.774215482873842,0.564806885086,686,692,"sec",1,5055.04840750132,99.7171446991998,"word",1.44636491677062,0.258979346137494,4.17906894115731,589,692,"sec",1,4980.59299986281,98.8644026500549,"word",1.1017158176935,0.741440995363519,5.45750817283988,747,692,"sec",1,5005.03696882199
"693",99.9691523521801,"word",1.25781207409704,0.157420310657471,3.75092353438959,366,693,"sec",1,5301.74511831498,101.488987568423,101.47510300823,"word",-0.421505513568382,0.750608402537182,5.62124922173098,643,693,"sec",1,4752.4981865647,"word",-2.50367123612838,0.131368658971041,3.76314383000135,548,693,"sec",1,4996.57312395482,99.2537360468656,"word",-0.947643453135202,0.63941039564088,7.03153607901186,38,693,"sec",1,4653.14190171848,100.810167037201,"word",1.10384574250196,0.546023569768295,0.0247877510264516,330,693,"sec",1,5047.6796063652
"694",99.5104047401702,"word",-0.474695450143803,0.678690200438723,7.74253410752863,126,694,"sec",1,5154.39543151755,100.801891991033,99.1742676700237,"word",1.13862968645631,0.482950336998329,9.22321372665465,602,694,"sec",1,5087.09815570762,"word",0.452171028490205,0.0115397644694895,3.05909551447257,851,694,"sec",1,5105.35747908943,100.256474030324,"word",-1.2022563441964,0.368359568296,8.37248323252425,414,694,"sec",1,5018.33188282125,100.64418779221,"word",1.98645353552829,0.0685900261159986,1.52921759989113,971,694,"sec",1,4760.7689469278
"695",101.603404624391,"word",0.903367572744584,0.497811686480418,8.51524277357385,459,695,"sec",1,5218.608023443,100.942442339414,99.9166149504533,"word",-0.624282959961065,0.00266069336794317,4.08140192506835,448,695,"sec",1,5317.19118109882,"word",0.0703988397172,0.0433222658466548,9.66986868996173,599,695,"sec",1,5233.53371718601,100.934401600832,"word",-1.45293951781971,0.73698309273459,8.73557147337124,269,695,"sec",1,4951.06560788261,100.805758910974,"word",-1.21606237994916,0.428947967477143,8.83318856824189,777,695,"sec",1,5004.30042742556
"696",101.060352205116,"word",-0.137553605471886,0.0326693556271493,9.47041611885652,577,696,"sec",1,5062.05172785667,100.559927050396,97.3822539309957,"word",0.663594862037503,0.590531340800226,3.12559023033828,916,696,"sec",1,5280.56599091521,"word",-0.352905122982147,0.0117873698472977,8.81383694708347,444,696,"sec",1,5137.13104787963,102.311629755318,"word",1.70335463484541,0.87522487458773,2.54633796168491,265,696,"sec",1,4776.99196179964,100.247901037425,"word",1.29251353012247,0.378059521084651,8.16917010815814,854,696,"sec",1,5111.11769174088
"697",100.375371051848,"word",-0.0994933220436422,0.145008128834888,5.5906612961553,96,697,"sec",1,5059.03874980045,98.3397672767844,98.5376300235333,"word",1.62399920133591,0.753735616570339,6.487777819857,583,697,"sec",1,4629.18737842178,"word",-0.319647865750907,0.274372736457735,8.8116545509547,522,697,"sec",1,5028.16305943451,101.190514141209,"word",-1.44618663561223,0.58685113536194,4.99696667073295,75,697,"sec",1,5367.07800530513,99.7898457003107,"word",1.32068872213995,0.948606363963336,3.18211539881304,525,697,"sec",1,4805.43042653629
"698",97.2767464938589,"word",0.744888670487965,0.39077255059965,5.92581319855526,869,698,"sec",1,5022.50939386626,98.9722947622212,100.536698716074,"word",-0.852332650220888,0.63179105357267,3.93734188983217,86,698,"sec",1,4913.7438580401,"word",-1.34147544909637,0.997574375243858,3.11423417180777,745,698,"sec",1,4923.84265107546,99.7385110348749,"word",-0.277661447878943,0.878417414613068,4.28613168653101,295,698,"sec",1,4731.06815030006,99.1309238976586,"word",-0.398050449316206,0.61512809805572,2.44229210540652,945,698,"sec",1,4685.60029745509
"699",100.82948680281,"word",-0.898333483908363,0.79477404220961,7.41516975220293,335,699,"sec",1,4961.99724451361,101.477433056122,100.081559021272,"word",-0.241892087077027,0.542583425529301,4.92976537905633,287,699,"sec",1,5118.90985568755,"word",-0.196277839099336,0.43560875672847,5.92860807664692,239,699,"sec",1,4846.21694428948,100.505924646661,"word",0.514054462429233,0.254990715766326,5.16571058193222,734,699,"sec",1,4879.28065374691,99.0329842487519,"word",-0.157976630251691,0.91626515914686,7.12313910247758,113,699,"sec",1,4741.47613147678
"700",99.7693378204637,"word",0.615667905307071,0.0877555727493018,1.10262871487066,167,700,"sec",1,4848.65047749058,99.1618551261558,100.340340869805,"word",1.1301659951806,0.117992013925686,2.3501139646396,737,700,"sec",1,5146.65383797245,"word",1.34885971802871,0.64832493243739,2.87590142339468,98,700,"sec",1,5087.52255116849,101.667826720394,"word",0.215503826422678,0.639356431784108,3.95730353659019,40,700,"sec",1,4955.6338954405,100.928781082944,"word",-1.60322531832051,0.939863685984164,3.04957637796178,681,700,"sec",1,4867.36163551132
"701",98.3580830569683,"word",1.08246740124974,0.549251592252403,7.68677140353248,630,701,"sec",1,4963.66596764578,99.7659218844156,100.171712558485,"word",0.561613538191047,0.838624482508749,9.66448443708941,905,701,"sec",1,4789.47375512633,"word",-0.0474592959110957,0.553536728024483,4.21306537464261,295,701,"sec",1,4862.43658633056,100.669717900492,"word",0.0484784422994649,0.535449893446639,8.8154402282089,379,701,"sec",1,5290.55403119834,99.9669041258378,"word",-1.11929607794992,0.457766962470487,1.68740635039285,175,701,"sec",1,5119.68036479532
"702",99.0205944481985,"word",-0.121257692949718,0.590520234545693,3.28378741862252,193,702,"sec",1,5181.93133732496,98.1513539922069,100.689036262776,"word",-1.32378271859767,0.927447337890044,3.64841761998832,366,702,"sec",1,5329.85480201313,"word",-1.99592271972035,0.117442323593423,0.57456630282104,503,702,"sec",1,4687.27544607938,100.62703499394,"word",0.677742171153904,0.162536514922976,3.80981267662719,345,702,"sec",1,4761.26494504668,100.096098392551,"word",0.395932244372434,0.78624345222488,6.2180134258233,220,702,"sec",1,5425.31853682585
"703",101.239576332528,"word",-1.09754613347556,0.580282193608582,0.76868791365996,584,703,"sec",1,5218.59909584863,99.9532652417931,102.162685108553,"word",0.387824791172835,0.0424460887443274,2.20572475111112,338,703,"sec",1,4760.99649878609,"word",-1.48182137031268,0.0717954926658422,3.33590971538797,690,703,"sec",1,5182.65095192361,100.223126180708,"word",-1.19739037349947,0.679384548217058,4.98651828384027,87,703,"sec",1,5037.44333499883,101.018478577086,"word",1.3080131063014,0.895802173297852,4.68454057117924,43,703,"sec",1,5344.4971148816
"704",98.9876031349872,"word",1.95520078140625,0.613848216366023,4.69525256892666,280,704,"sec",1,4917.43256384539,100.320143124196,100.2605978831,"word",-0.242140548698905,0.792404509149492,5.63091452233493,41,704,"sec",1,5356.85547375418,"word",0.172487194202484,0.541196978650987,8.73051100410521,487,704,"sec",1,5046.38810012622,101.157874541491,"word",0.544360955159793,0.553557473002002,3.1712678540498,392,704,"sec",1,5131.73801352991,99.3056994994815,"word",1.31712227429525,0.868078752886504,5.90656367596239,330,704,"sec",1,5136.57403488798
"705",101.107566861007,"word",-0.0310140828797534,0.143398472573608,8.46565291052684,812,705,"sec",1,4959.89426214791,99.0054018561457,99.8666781384225,"word",1.110477121194,0.0758273731917143,6.69696002965793,552,705,"sec",1,4900.65135283099,"word",1.43314037383438,0.340401536319405,2.80394224449992,799,705,"sec",1,4890.0199455156,100.988889627285,"word",-0.0539779676082173,0.997388724936172,2.07007612567395,755,705,"sec",1,5118.84102264059,100.018186755506,"word",-0.0339461534352095,0.864086178597063,7.46029738569632,31,705,"sec",1,5081.19414426244
"706",97.0775711592216,"word",-0.295413902982978,0.372484475141391,2.66276349546388,958,706,"sec",1,4990.05371240207,99.774809708467,99.2985249824025,"word",0.542678433291465,0.652098821243271,7.29650470195338,811,706,"sec",1,4953.15757513815,"word",1.39357097759785,0.320590070681646,7.60586188174784,684,706,"sec",1,5233.87752200518,97.7478038037324,"word",-0.123159107444766,0.334815188776702,8.47754196031019,769,706,"sec",1,5034.12271956239,100.617285033478,"word",-0.396353266130295,0.926321716746315,3.49399949656799,63,706,"sec",1,4847.89182136243
"707",100.670127309912,"word",-0.264674000811005,0.357706026174128,9.03727936791256,454,707,"sec",1,4486.4015122208,99.6781770602064,99.9609378889351,"word",0.916643505525428,0.953563169576228,5.32988085178658,6,707,"sec",1,5191.08725485241,"word",1.00234484950692,0.599920033011585,4.02594023616984,708,707,"sec",1,5169.19820914151,100.168287921192,"word",0.56387925445097,0.759859304642305,2.85840440075845,959,707,"sec",1,5038.45042221587,101.307852393991,"word",-0.450727039419907,0.479447733378038,0.744379730895162,77,707,"sec",1,5350.75066008677
"708",101.213173433394,"word",1.39056433137462,0.00911879050545394,1.75418211845681,127,708,"sec",1,4674.54368487799,99.0081007554411,98.3626628514113,"word",0.314124793663467,0.00486609735526145,6.82883655885234,723,708,"sec",1,4981.16226293163,"word",0.0551586949192681,0.364530309103429,3.95947439828888,455,708,"sec",1,5210.4313824836,100.093104724413,"word",1.42302470033473,0.0348226586356759,7.83058246830478,802,708,"sec",1,4962.79672942166,99.8969492305612,"word",0.798355086764368,0.973781042732298,8.03136658156291,549,708,"sec",1,5068.55048065825
"709",99.3937732324848,"word",0.481059279072421,0.910368640208617,9.90197750041261,31,709,"sec",1,4971.99290179274,99.7219915979993,100.85947955553,"word",0.484178111016163,0.640789716504514,4.02634583646432,310,709,"sec",1,4856.88949791896,"word",2.03600922671229,0.641239047981799,3.70637684362009,899,709,"sec",1,5083.30244667267,100.189716110591,"word",-0.524160035422344,0.928617035970092,0.614239040296525,154,709,"sec",1,4939.15957510442,99.1421512537658,"word",-0.378692575938455,0.915675227530301,5.44730544323102,707,709,"sec",1,4842.07798618128
"710",101.324028652808,"word",0.406764369620272,0.303074446273968,2.02610312029719,637,710,"sec",1,5026.80415440809,101.333941543563,99.6449529888753,"word",-0.116948020947829,0.516677827574313,3.07864134898409,851,710,"sec",1,5235.39805398629,"word",-1.15411356069587,0.82998601696454,1.59293064381927,151,710,"sec",1,5434.00058341505,99.5607399839299,"word",0.524260742518981,0.569638126762584,9.7701267618686,422,710,"sec",1,4872.22448153861,100.933100931156,"word",-1.76660176419951,0.757165026385337,0.0440833508037031,633,710,"sec",1,4972.81042901995
"711",100.97803408253,"word",1.31503622254193,0.605614026077092,5.21761569194496,776,711,"sec",1,5076.83362907161,99.1452829270168,100.663742796406,"word",1.18484301117856,0.82708038110286,8.62476505804807,415,711,"sec",1,5207.95610413537,"word",0.824957504476604,0.304056156193838,6.5000939858146,851,711,"sec",1,5133.21112269269,99.5249223496834,"word",0.00305363200365006,0.131509124068543,3.51633932907134,633,711,"sec",1,4964.13887268819,99.05894986498,"word",-0.115382930105041,0.264221087796614,5.49031626433134,101,711,"sec",1,4909.49507914693
"712",100.987875709328,"word",0.0413982510544481,0.233253053855151,6.46301489789039,344,712,"sec",1,5151.66902596446,100.813216238132,101.12218707786,"word",0.0180279805346393,0.853209018241614,5.32173380255699,899,712,"sec",1,5068.38650356171,"word",-1.5907175157539,0.596595353912562,3.47432153765112,810,712,"sec",1,4964.53227390383,100.084894235287,"word",-0.696902628891515,0.3599377439823,6.45418988075107,668,712,"sec",1,4669.56526494347,97.9450338113227,"word",0.400583813834665,0.337524968199432,3.67463385453448,634,712,"sec",1,5150.63218031828
"713",100.367306166259,"word",1.23586702656221,0.521209971513599,6.70962657080963,660,713,"sec",1,5247.04188147068,102.395259592579,100.907392240865,"word",-0.357375983135782,0.539121887646616,7.2476874734275,924,713,"sec",1,5246.83822807134,"word",-1.07228565180864,0.622571691870689,7.7710062963888,653,713,"sec",1,4555.18215889926,98.9213405937532,"word",0.805600989540695,0.0551163840573281,6.80269901640713,886,713,"sec",1,5312.13261519191,99.3781470335736,"word",-1.19901791734413,0.462253458797932,2.80716334935278,3,713,"sec",1,4748.25792242373
"714",101.033331129596,"word",-1.05638929154517,0.435362948803231,2.9645358514972,809,714,"sec",1,5063.67654663371,101.087063568813,98.9089713518242,"word",-0.427489301655735,0.167078137863427,2.73267639102414,857,714,"sec",1,4786.93095879359,"word",-1.04744061983335,0.14902356849052,1.10807485645637,80,714,"sec",1,5119.37915597625,101.272879639261,"word",1.45836760955163,0.95244946051389,5.46433764975518,477,714,"sec",1,4955.27212708113,98.0296662692185,"word",1.91227659795865,0.411866314476356,4.64766362449154,917,714,"sec",1,5150.45398362486
"715",101.502885608784,"word",-0.0457082477419241,0.604330209316686,5.21453218301758,871,715,"sec",1,5111.99200129814,100.021931780547,100.056623733208,"word",-1.56969415987969,0.546242429176345,0.822049668058753,615,715,"sec",1,5031.47748547039,"word",-0.467031242484521,0.0511414357461035,6.8836865760386,864,715,"sec",1,5106.89689290846,99.9284717136432,"word",-0.303808637536688,0.393964392365888,4.40616447245702,72,715,"sec",1,5041.11964150212,99.1390349625738,"word",1.77449635985878,0.83967252750881,8.77497306326404,601,715,"sec",1,5595.50350311431
"716",98.0129202444046,"word",0.326698803440863,0.262433533091098,2.79081742744893,340,716,"sec",1,4811.26958767666,101.460165313967,98.8984975023076,"word",1.0412876169426,0.19422437180765,9.21410355018452,544,716,"sec",1,4935.63819016951,"word",1.93269880187346,0.206612603273243,1.43252123612911,527,716,"sec",1,4671.64438075806,98.4953904054669,"word",2.3999411664336,0.239001311128959,1.28263081423938,335,716,"sec",1,4981.3874863441,98.7723171022967,"word",-0.470696456093246,0.972792093409225,2.62870728038251,807,716,"sec",1,5201.87440454087
"717",99.7520782967271,"word",2.01406471015732,0.560887375148013,8.72966265073046,752,717,"sec",1,4796.56928505983,100.820340695501,100.701106336739,"word",-0.097812376591463,0.0708639649674296,5.26445601833984,126,717,"sec",1,5025.91389213013,"word",-1.44006995683496,0.256103254156187,4.33701087720692,487,717,"sec",1,5004.34763067156,100.003557958131,"word",-0.952748292352034,0.384061936056241,5.61369347153232,214,717,"sec",1,4795.83394206983,101.017167952946,"word",0.926302248097154,0.051380769116804,6.32014368893579,912,717,"sec",1,4935.58020800048
"718",101.291700032537,"word",-0.401171458852965,0.700947922188789,0.345598235726357,867,718,"sec",1,5348.53424259457,100.959650558614,98.979380175317,"word",1.78380766563944,0.48138315603137,4.78701401269063,472,718,"sec",1,5224.02522532127,"word",-0.0915518100571504,0.855776900891215,6.13982326583937,84,718,"sec",1,5310.04096792779,98.7283495823855,"word",-0.292168172543962,0.622723603155464,1.04573756223544,173,718,"sec",1,4909.00484883392,101.193133171107,"word",1.50104030010172,0.553992938483134,1.14097056444734,134,718,"sec",1,5335.44042244372
"719",100.84748297466,"word",0.0664704880691633,0.377065906766802,0.566532153170556,195,719,"sec",1,4976.60064166389,99.0009363074188,98.9189708958598,"word",-1.11386310385458,0.880236812634394,2.55892224842682,340,719,"sec",1,5014.36550836612,"word",1.60774588742866,0.264769077068195,0.394860869273543,108,719,"sec",1,4857.3952671664,100.69205244169,"word",-0.84362008184344,0.0585272824391723,0.987642344553024,110,719,"sec",1,5091.73212469318,100.692748881562,"word",-0.375543992582142,0.91395790851675,8.05540640838444,987,719,"sec",1,4865.38379849927
"720",100.025865315734,"word",0.591908165574063,0.917853080434725,4.83295853482559,214,720,"sec",1,4888.73898206561,99.1095596911367,99.4102167766453,"word",-2.00065481705149,0.441408372018486,3.70003972901031,688,720,"sec",1,4715.04167072207,"word",-0.227629837517241,0.485944586805999,9.94514151476324,161,720,"sec",1,4732.50146030129,100.331684866116,"word",-2.14563568754446,0.507639362476766,2.86468167323619,4,720,"sec",1,5194.56654428229,101.658576800407,"word",0.029995592451488,0.356286674039438,9.52763439854607,803,720,"sec",1,5148.29572376964
"721",99.9725180126338,"word",1.90116580117,0.758794611087069,1.90023775445297,916,721,"sec",1,4860.31540097905,99.7586218808083,101.612382909158,"word",0.45280922118339,0.0184261330869049,3.76990393269807,786,721,"sec",1,4808.31134968366,"word",0.618619143629198,0.0254832203499973,9.387627763208,613,721,"sec",1,5163.71551009359,100.435676271073,"word",0.927708052986908,0.997649098979309,1.13050683401525,776,721,"sec",1,5030.81352547331,99.6723505531349,"word",-0.5523649958626,0.132820159196854,1.71976181678474,915,721,"sec",1,4982.82663310828
"722",101.963989961431,"word",-1.2399605519224,0.968161313096061,9.51046650065109,895,722,"sec",1,5123.14158897587,100.503009452004,99.1847925231706,"word",-0.304397015593698,0.448485327651724,1.83084832271561,666,722,"sec",1,4873.22526457183,"word",-1.69093118275116,0.704511736519635,9.71784607041627,989,722,"sec",1,4822.0531992211,101.13739950329,"word",0.445793789451883,0.214913150528446,3.19326564436778,631,722,"sec",1,4915.10768545942,98.701730391987,"word",-2.25052998987888,0.684913729550317,8.63297694828361,883,722,"sec",1,5334.92862515562
"723",98.9116739480134,"word",2.16912260218797,0.317359626991674,6.88427208689973,226,723,"sec",1,4743.02414644608,98.8736525053465,99.057492105332,"word",0.95685563932611,0.745473243063316,9.57833230495453,821,723,"sec",1,5015.55578863068,"word",0.292839238758847,0.618137907702476,2.68045879667625,889,723,"sec",1,4965.23825078843,98.7049128446305,"word",-0.584855359731245,0.418930947314948,2.80416451394558,546,723,"sec",1,4911.74652320143,99.6670342035405,"word",1.18339659139967,0.660469257738441,2.33910474227741,261,723,"sec",1,4959.29453356755
"724",103.531278824989,"word",0.55022898221042,0.711934642167762,9.92176515748724,834,724,"sec",1,5220.75628992056,99.5746636388117,100.2076864175,"word",-0.366705709334891,0.959184870822355,7.25547302514315,858,724,"sec",1,5185.16917040847,"word",-0.12578181330564,0.108137880684808,0.540844690985978,183,724,"sec",1,5249.29216137202,100.677488883046,"word",-0.40347957789632,0.901615798007697,1.12103436142206,627,724,"sec",1,4546.2457984298,99.8305503995574,"word",1.11071215652509,0.402448854641989,5.55648561567068,334,724,"sec",1,5091.90994027618
"725",100.625182318018,"word",0.273959632425498,0.940823313547298,4.57180810859427,877,725,"sec",1,5107.95679851908,98.5965415880599,98.5230052669471,"word",-1.2344725747248,0.584459168370813,3.83141107158735,181,725,"sec",1,5168.9300069051,"word",0.429058976195306,0.711729822913185,4.80344125302508,603,725,"sec",1,5080.7660901089,101.358654353029,"word",-0.507489971318323,0.424905249616131,7.00105789350346,280,725,"sec",1,4988.00379376329,99.2292577662281,"word",-0.596396351734159,0.834503753809258,0.177862173877656,666,725,"sec",1,4803.58772871886
"726",101.280599704129,"word",0.00249951501420496,0.762293529929593,7.5936619611457,887,726,"sec",1,4772.80602269757,100.032069676104,100.184732463629,"word",0.904648618362896,0.186250214697793,8.63397134933621,673,726,"sec",1,4879.40357416329,"word",-1.1711016219476,0.0933815543539822,4.55236613051966,13,726,"sec",1,4900.16232524138,101.30283502107,"word",1.04007092057362,0.295973130501807,3.36654293118045,955,726,"sec",1,5440.07362061739,100.036846058474,"word",-0.258588634945803,0.0697562017012388,8.5137299564667,728,726,"sec",1,4873.47997186913
"727",99.0136076170805,"word",0.095783048228134,0.272383539471775,7.03834933694452,795,727,"sec",1,5074.60523197556,100.521240458635,100.857890889371,"word",0.109520677302693,0.300085129449144,5.97772737499326,282,727,"sec",1,4894.57927592343,"word",0.564671156002472,0.428911280585453,6.02484923787415,521,727,"sec",1,4610.07776131545,101.641298452671,"word",0.00291476428347481,0.963843700708821,2.49060858273879,204,727,"sec",1,5193.39106836498,101.210455714669,"word",0.39831852853946,0.313142136670649,8.04982716683298,366,727,"sec",1,5136.94450510104
"728",100.08451482705,"word",0.443796228491146,0.0590116588864475,7.14423642493784,570,728,"sec",1,4732.72194461401,100.164909850024,99.4081605167762,"word",-1.1271857855358,0.0894049156922847,6.88415623735636,599,728,"sec",1,4994.06617887917,"word",-1.31815991703906,0.4762703247834,8.83209706284106,823,728,"sec",1,5018.99812522679,101.079824840212,"word",0.666788316654767,0.703010852914304,5.94225308392197,197,728,"sec",1,4993.39839973437,99.1704325863629,"word",1.31632049910461,0.726954119279981,9.46301986696199,459,728,"sec",1,5149.56653654813
"729",99.3086255818179,"word",0.363266709133779,0.04542575776577,7.4660661444068,550,729,"sec",1,5074.76880891329,99.676930325032,100.283187006969,"word",-0.788309276957225,0.462416989495978,8.71835903497413,353,729,"sec",1,4842.25582178428,"word",0.692948744060162,0.465339821297675,4.22805102309212,352,729,"sec",1,4909.62985258834,98.6323677523057,"word",0.323169173720498,0.370626472169533,0.788667115848511,79,729,"sec",1,5329.09178556337,99.8815887801041,"word",-0.879045234592197,0.977859253296629,5.09735565865412,103,729,"sec",1,5036.10270118327
"730",98.4586106644198,"word",0.801941262480187,0.697476925561205,6.7559446580708,517,730,"sec",1,5096.3507979831,99.8025740052658,98.989653201686,"word",0.178989588914704,0.562105983728543,9.18070873711258,932,730,"sec",1,5359.48968719991,"word",1.09850956550172,0.327304014004767,7.01918713049963,785,730,"sec",1,5143.80888099245,99.6615833072004,"word",0.655470709779269,0.47591281379573,4.64105886872858,155,730,"sec",1,5238.02738535152,100.131266045463,"word",-0.382879358755815,0.956502124201506,3.1172991823405,935,730,"sec",1,4923.41394139925
"731",99.6791044178811,"word",-0.906177062202463,0.469386609969661,4.86059811897576,77,731,"sec",1,4886.74853653795,100.200593597566,100.313183490931,"word",1.80056878475038,0.672024292405695,4.82878592098132,491,731,"sec",1,4916.8801567342,"word",1.88260769703568,0.695960627868772,2.68587636295706,364,731,"sec",1,4957.08925748602,100.488359352026,"word",-0.249758949993178,0.678807087708265,4.76408430142328,949,731,"sec",1,5169.16780237376,99.4245849501268,"word",-0.485245480486595,0.0627029051538557,2.96631757169962,149,731,"sec",1,5207.0990308011
"732",99.7320528347927,"word",-0.152518056600427,0.514930253848433,1.08562099514529,789,732,"sec",1,5135.07716944826,98.9822705388906,100.006544222932,"word",-1.70457214624563,0.60965309292078,8.01030232105404,330,732,"sec",1,4956.35589472646,"word",-0.247682155127924,0.754105809144676,8.87890348210931,578,732,"sec",1,4923.46243497923,98.8413415321589,"word",-2.24751643279211,0.342664033873007,4.97275324305519,862,732,"sec",1,4824.97620787529,99.1524377930127,"word",0.606264753165978,0.093900696374476,3.93750078743324,262,732,"sec",1,5543.09482683797
"733",99.6271123100771,"word",0.31446252269584,0.55231420439668,1.43676900304854,875,733,"sec",1,5337.9047917908,99.6201630664743,97.8294975993636,"word",0.249042939182921,0.461588018806651,9.631225427147,479,733,"sec",1,5000.86854653757,"word",0.630377948003448,0.0445233413483948,9.36072223586962,386,733,"sec",1,4969.77795337172,99.3041292504376,"word",1.14231661451398,0.21850453922525,6.0395077127032,163,733,"sec",1,4985.09203473536,100.188497383215,"word",0.958066737956408,0.679312134860083,2.01550150988623,906,733,"sec",1,4645.35133525311
"734",99.4875150293926,"word",0.590508151584424,0.880369902122766,9.87882088171318,920,734,"sec",1,4817.10708359882,98.3445288337351,99.5669633177344,"word",-0.307866684120409,0.515958882169798,6.22865128330886,33,734,"sec",1,5118.38278736946,"word",0.111941453595285,0.0908413892611861,5.97537478199229,860,734,"sec",1,5473.20154531325,100.643080973169,"word",-0.559198057177297,0.399005739949644,7.84028106369078,625,734,"sec",1,5087.07490375128,99.0594170639896,"word",1.44104262618375,0.597504928940907,8.63209909526631,997,734,"sec",1,5064.58312156392
"735",98.903260244375,"word",-0.407794292561388,0.137884496012703,7.72761619416997,352,735,"sec",1,5151.26697804911,98.8723628574321,100.966785980942,"word",0.147554014078654,0.588510870467871,1.2766003748402,17,735,"sec",1,4934.59803637428,"word",-0.65236197066899,0.511653319001198,9.55652396660298,906,735,"sec",1,4735.17144562558,100.723497771001,"word",-0.142332151421972,0.167945228051394,1.81980767752975,834,735,"sec",1,5055.66216495068,101.09577590457,"word",-0.23316957919094,0.0837667838204652,0.743931389879435,193,735,"sec",1,4661.39072683041
"736",101.523198458521,"word",-0.789821692454598,0.882805613568053,0.586067298427224,732,736,"sec",1,5275.96606187038,99.1784004715018,100.05240585042,"word",0.402109600577543,0.133262154646218,1.52707710396498,415,736,"sec",1,4657.47056198256,"word",0.130881415021745,0.434015960199758,1.13100198796019,78,736,"sec",1,4992.75228787399,101.105307577032,"word",1.11486139469552,0.919035287108272,7.73766517173499,124,736,"sec",1,5228.29971706549,99.7125963501994,"word",0.753576415580881,0.616758964722976,3.90555056277663,392,736,"sec",1,4808.17430115732
"737",98.3781007476053,"word",-0.989198194908676,0.61179966898635,9.31039773859084,171,737,"sec",1,5237.31146196789,101.372611179661,98.5186241022407,"word",0.5811072917017,0.475574332755059,7.43004045914859,483,737,"sec",1,5190.86280906005,"word",-0.00252310221162524,0.749051686609164,4.00640733772889,588,737,"sec",1,4991.95293203051,100.457819428348,"word",-0.0880933041979284,0.734291943954304,7.15597158297896,661,737,"sec",1,5014.59121629778,100.10510351196,"word",0.178626741242067,0.587009789189324,3.23110634693876,662,737,"sec",1,5196.59810502339
"738",99.8020772321052,"word",1.3093186106361,0.890578364022076,4.88772568758577,378,738,"sec",1,5235.3779117637,100.48201752173,99.6721489941128,"word",-2.41412054949522,0.566110543208197,8.34378882078454,457,738,"sec",1,4946.7523920159,"word",0.0420358531764444,0.603891371516511,9.16879559168592,369,738,"sec",1,4657.35380328431,99.536739418048,"word",0.219910059249544,0.192076249280944,8.471210594289,529,738,"sec",1,5195.68654860045,100.520710097165,"word",0.0944039858374708,0.655195044819266,5.73834802489728,650,738,"sec",1,5094.48162719076
"739",101.181075507472,"word",0.798133871795337,0.743484856095165,8.57301239855587,691,739,"sec",1,4681.20292649202,98.1499873905046,100.207054520391,"word",-1.74523719110271,0.181947777280584,3.27852693619207,932,739,"sec",1,4905.71756582716,"word",2.16089589884796,0.849214036716148,1.48883312940598,361,739,"sec",1,4966.40209429475,100.474501626923,"word",1.83715104836222,0.647857676493004,5.96386102261022,100,739,"sec",1,4969.27284553514,100.408105882088,"word",-0.594903616861308,0.333631471730769,0.219168581534177,166,739,"sec",1,4544.27441756794
"740",97.0611995861146,"word",-0.501001977389834,0.175246173050255,2.26939246291295,751,740,"sec",1,4954.43842729654,99.3300778215142,100.121672065836,"word",0.0289322512886528,0.00954799237661064,8.56603860622272,602,740,"sec",1,5205.98639630106,"word",0.248988614409121,0.218276079976931,2.79527775477618,588,740,"sec",1,4849.92123027758,99.0039186740905,"word",0.868205905481078,0.345695191062987,6.66405607480556,79,740,"sec",1,5153.13666569542,98.2239093375874,"word",-0.555677256815037,0.2562963408418,0.405732046347111,402,740,"sec",1,4640.16381910849
"741",100.735770303355,"word",-1.05584573723398,0.817896396154538,7.04988688463345,574,741,"sec",1,4961.69399784859,99.9893412389551,98.9524077747927,"word",1.98636480481837,0.121151174185798,7.11540814489126,268,741,"sec",1,5010.73784179269,"word",0.768040201011091,0.493513677502051,2.3135655047372,652,741,"sec",1,5059.79350600288,98.2377474068942,"word",-0.156312494825964,0.748805335024372,7.43133986135945,101,741,"sec",1,4959.0079653947,100.338331984041,"word",-0.110872730809631,0.703202492324635,4.08429372822866,693,741,"sec",1,5122.6647766976
"742",99.8314821854169,"word",-0.681769183321177,0.916612169006839,8.76909164479002,741,742,"sec",1,4853.12602664895,100.32707115865,100.780567142321,"word",-0.683195967983601,0.184688286622986,1.50519953807816,400,742,"sec",1,5192.93531538096,"word",1.86847336202366,0.577361476607621,6.72799899475649,429,742,"sec",1,4649.96435946309,99.8192419613212,"word",0.590396967477213,0.518628896446899,3.5275691584684,740,742,"sec",1,5325.08318687667,99.2536569263806,"word",0.0195212165948873,0.887176694348454,3.7853882741183,689,742,"sec",1,5032.39392335807
"743",98.2815313432848,"word",-1.31143335324373,0.579596012365073,4.88937363494188,636,743,"sec",1,5075.03859165701,100.287557585429,100.598927151531,"word",1.4859386728194,0.978517801966518,0.266682531218976,887,743,"sec",1,5068.30739837303,"word",1.14658958947645,0.966827827971429,3.45039951382205,269,743,"sec",1,4886.55615797285,102.260153150335,"word",1.19223531388001,0.368034956278279,7.73732848465443,578,743,"sec",1,5107.01609861701,100.755161828757,"word",-0.766545764107396,0.769050707807764,2.96054395847023,690,743,"sec",1,5009.91127852018
"744",100.632370790876,"word",0.786594499913619,0.394448160426691,0.249929919373244,978,744,"sec",1,4851.99735318052,100.80920071084,99.6534792583023,"word",-0.00232960303837285,0.651819550199434,0.252523014787585,124,744,"sec",1,5163.59878315664,"word",0.193207048478115,0.387815251247957,0.409467921126634,560,744,"sec",1,4895.53553440291,98.9588207793184,"word",3.1576046719433,0.179602566175163,7.24254434928298,753,744,"sec",1,5024.39153851076,101.085943929134,"word",0.877090446293079,0.696617772802711,2.53781872102991,372,744,"sec",1,5051.08391424139
"745",100.218376401168,"word",-1.47566535944816,0.916992525570095,2.33002982567996,282,745,"sec",1,5507.25043890485,99.0414032706485,101.256797315725,"word",-1.4124794041637,0.935904482612386,0.21657868521288,375,745,"sec",1,4795.52154497077,"word",-0.154474380507273,0.859863272868097,2.59868181543425,189,745,"sec",1,4731.00666677593,99.8961900938112,"word",-0.779200240153955,0.402797874994576,1.9452938134782,158,745,"sec",1,5248.90903502865,100.591378265015,"word",-0.773449738589573,0.27261713007465,4.45918750483543,462,745,"sec",1,5072.06082561624
"746",100.477596456536,"word",-0.333098903726653,0.256768158404157,9.98076423769817,196,746,"sec",1,5002.77567482379,100.428087447217,101.947438288294,"word",0.125198821655625,0.603589914273471,0.720343142747879,101,746,"sec",1,5009.27919036831,"word",-0.734439017237124,0.304150604642928,6.62584037752822,207,746,"sec",1,5216.79201635326,99.0919328245753,"word",-0.20061512099144,0.504963437328115,3.50866731023416,565,746,"sec",1,5213.26616381576,101.361940320982,"word",0.0486293972161393,0.0273291205521673,8.81250660168007,759,746,"sec",1,4958.87255951597
"747",101.425519606075,"word",1.49434481953385,0.417821323499084,3.56228118995205,256,747,"sec",1,4949.39847486817,100.208540306676,99.2007475397693,"word",0.0485091403814191,0.57726929243654,0.093260770663619,244,747,"sec",1,4916.73251654138,"word",-0.182346450416175,0.290484739700332,8.76734303310513,328,747,"sec",1,4825.12192365643,101.954429219333,"word",0.199380882262445,0.589058921672404,2.04284023493528,417,747,"sec",1,5233.3663998334,99.0410818121403,"word",-0.684518905758424,0.716552417725325,3.23527708649635,230,747,"sec",1,4994.87484688424
"748",98.2597293083319,"word",0.858619342627621,0.988577198237181,2.69822753500193,2,748,"sec",1,5137.1895449174,99.1139707891122,99.3047035867766,"word",-0.398758689527032,0.925273785600439,2.96752296388149,24,748,"sec",1,4934.1582502914,"word",-0.463709988593294,0.690756980329752,6.16996921366081,208,748,"sec",1,5069.06869079209,98.9705265175227,"word",-0.472056959843517,0.124593995977193,2.5671000406146,803,748,"sec",1,5104.85661194295,101.454311567919,"word",-0.533587626049635,0.779850459424779,4.28925285581499,766,748,"sec",1,5064.34488434993
"749",101.965921616454,"word",0.866339608477531,0.0674562884960324,1.31075306329876,808,749,"sec",1,4779.88037207311,100.761426502199,99.3223607301846,"word",-0.0186167633846331,0.801447900943458,5.41003911523148,235,749,"sec",1,4892.32388258664,"word",-0.260474824347368,0.931784499902278,1.83518525678664,239,749,"sec",1,5264.25082363924,97.8925637704419,"word",2.0506782286967,0.393766571301967,9.48736508376896,657,749,"sec",1,5080.94521599479,101.833140701894,"word",0.300341326053806,0.437188818119466,3.08905953308567,608,749,"sec",1,4707.27373855481
"750",100.588468603517,"word",1.2883254177014,0.632522952742875,9.94610241614282,186,750,"sec",1,5109.5377565465,98.992830910663,98.4226353337722,"word",0.619564332520829,0.99044917919673,7.51807221677154,789,750,"sec",1,5338.92415596906,"word",1.41068862389459,0.47650292608887,1.67369274189696,36,750,"sec",1,5016.1717998673,99.5632119212396,"word",-1.22430083482296,0.209634418599308,1.27704372862354,104,750,"sec",1,5079.23089731373,101.803844282989,"word",-0.561939051778232,0.706085115671158,7.95645779697224,359,750,"sec",1,4524.88528883122
"751",100.266234862146,"word",-1.26749765307101,0.805855449754745,1.11777245299891,114,751,"lec",1,5202.40027572084,102.148531608691,99.4105769343243,"word",-1.35465787431265,0.872121858643368,8.88912726426497,597,751,"lec",1,5026.95964043496,"word",-0.212148976611569,0.88807176053524,0.122666661627591,66,751,"lec",1,4603.54011813284,99.5725904665936,"word",1.10507809091537,0.915757330134511,2.50050109578297,177,751,"lec",1,4890.77587985007,99.5223650944508,"word",2.22967304003579,0.73840432218276,3.12519679311663,44,751,"lec",1,5129.99326058516
"752",99.8902785557951,"word",-1.1456269217093,0.640759980306029,7.55592516856268,489,752,"lec",1,5154.20025625805,100.476395674981,98.2234662216719,"word",-0.00940412283788048,0.258340292377397,0.417927908711135,444,752,"lec",1,5069.49608938839,"word",1.04983079812874,0.794309861259535,7.47389122843742,145,752,"lec",1,5337.89694267478,98.0919844341257,"word",0.950652928523921,0.44282098300755,9.32975204661489,769,752,"lec",1,4562.00136268554,98.7318529349855,"word",0.487349001879282,0.0864463758189231,2.82956324517727,812,752,"lec",1,4744.12483350913
"753",102.15837982911,"word",-0.908541836739789,0.350102809490636,8.02089635981247,66,753,"lec",1,4952.52592722902,98.9284800076544,99.3769347273496,"word",-0.216556732163377,0.457289521815255,1.89517591148615,122,753,"lec",1,5097.58391579916,"word",-0.291037469130586,0.616886936826631,4.05470906989649,667,753,"lec",1,4963.13310163528,97.8132361460601,"word",0.0983218390254206,0.0118428345303982,4.74402544554323,353,753,"lec",1,5596.2649140682,100.439897583813,"word",-0.328856207941088,0.33291180152446,6.62039639661089,768,753,"lec",1,4967.71343110898
"754",99.4062900061821,"word",0.286125572174443,0.617123794741929,2.70124109461904,482,754,"lec",1,4904.80266617528,99.69875457317,101.304671388273,"word",-0.748318736239087,0.147915865527466,8.38839215692133,662,754,"lec",1,5271.35705170647,"word",-0.0544047286764093,0.195400111144409,1.33754085749388,669,754,"lec",1,4822.12269641299,99.6200490076747,"word",0.0517873380123657,0.302649561315775,4.76538160583004,306,754,"lec",1,5058.96206503086,100.935180758583,"word",0.235699845045688,0.618395281722769,8.67751154350117,649,754,"lec",1,4957.92958510827
"755",99.379893518884,"word",-1.05874377452417,0.407912237104028,7.36488203518093,512,755,"lec",1,4561.03803160675,98.6193718086213,100.251850988677,"word",1.33078097336044,0.404250174760818,8.4869546466507,409,755,"lec",1,4862.9838087447,"word",1.09107090595767,0.110274521168321,7.0816573407501,173,755,"lec",1,4943.14041097853,99.1931890443817,"word",-0.908017615706933,0.2231279022526,1.92353128921241,232,755,"lec",1,4844.62653989444,99.1883415087441,"word",-0.524642590028212,0.10136593459174,0.966422888450325,48,755,"lec",1,4834.86533344126
"756",99.5742636608283,"word",-0.271664988333636,0.997618327382952,5.89877113699913,630,756,"lec",1,4821.12667476118,100.12818923787,100.742751017932,"word",0.772634902690241,0.27886197087355,6.56354887643829,609,756,"lec",1,5089.30495246224,"word",0.3226092080981,0.989620186155662,8.93856214825064,621,756,"lec",1,4965.7915005843,99.1252297415695,"word",-0.065119135206085,0.420114619657397,2.24366208771244,276,756,"lec",1,5245.34550900076,99.8986136451113,"word",0.687528330271324,0.800475325668231,1.1427702778019,480,756,"lec",1,4975.94134857868
"757",99.2441915749327,"word",0.421843333365732,0.0701590678654611,7.78934760717675,417,757,"lec",1,4687.29392317967,99.5130052471254,99.3545263917685,"word",0.535571222357166,0.801769307116047,8.54616903234273,53,757,"lec",1,5213.24757629988,"word",-1.18170824214701,0.366780161391944,8.24579516425729,296,757,"lec",1,4998.17498701595,100.514449735241,"word",-0.776723666352206,0.767628764733672,4.66838786611333,782,757,"lec",1,4647.96440594796,99.8798690081877,"word",1.46688065222356,0.214520721696317,0.061632078140974,105,757,"lec",1,5412.38556639209
"758",99.7459461858378,"word",-1.07751565669174,0.65191440586932,0.909022749401629,499,758,"lec",1,5126.45141733538,98.758333707653,100.390092342401,"word",-1.27170504902898,0.227431464241818,3.32402773899958,332,758,"lec",1,4733.01348713085,"word",0.176212223879535,0.207083392888308,6.6075127874501,544,758,"lec",1,5102.16625125728,98.5966258912681,"word",-0.674918882955239,0.790283900918439,8.59313031192869,784,758,"lec",1,5081.7521727952,101.096059084134,"word",0.425706652187631,0.0188456200994551,0.389285010751337,517,758,"lec",1,4814.9952842913
"759",99.9403677710941,"word",0.326602537415414,0.384785723639652,4.51415719697252,413,759,"lec",1,5153.4568369119,100.33544418981,99.977445631544,"word",-0.292906773157301,0.328909960342571,3.04360104491934,932,759,"lec",1,5016.02731421766,"word",-0.0880568609593711,0.357920920243487,3.10001658508554,563,759,"lec",1,5195.25945061746,100.807054481184,"word",0.391051228156431,0.139835593989119,8.92487849108875,524,759,"lec",1,4750.87066256316,99.3417708654088,"word",0.946138986256147,0.853766073938459,1.19464303599671,549,759,"lec",1,4959.0041603307
"760",99.0588565971667,"word",0.0856579032278811,0.932239426067099,5.71100759319961,765,760,"lec",1,5051.06746476311,100.794681253349,100.580634862105,"word",-0.31252845942444,0.853855383349583,8.72544290265068,935,760,"lec",1,5095.26345900618,"word",-0.0577968724310315,0.779383831191808,8.14733991865069,5,760,"lec",1,4865.30234326682,99.7393747202392,"word",0.168910233797057,0.40404568403028,3.11489050742239,53,760,"lec",1,5013.64809367616,100.615972484783,"word",0.0562007587246707,0.723862348822877,0.18090752651915,220,760,"lec",1,4972.82721117205
"761",101.1344839529,"word",0.677145296389052,0.930307403206825,6.25152730150148,886,761,"lec",1,4930.61771314655,99.4611145466558,100.631798930017,"word",-3.11916618698531,0.991075046127662,7.56273760227486,213,761,"lec",1,5228.61490976106,"word",0.879902763107531,0.0160157661885023,8.10317544033751,184,761,"lec",1,4992.55498848568,100.535044682887,"word",-0.01215777066282,0.832346892915666,3.29982191789895,369,761,"lec",1,4870.14089888761,99.6690994546772,"word",-0.735024773216391,0.1758136972785,5.4242956195958,159,761,"lec",1,4847.85289725916
"762",100.90720349355,"word",-0.528675298833773,0.0169463381171227,8.38890488725156,345,762,"lec",1,4930.16115145822,99.6251929730669,100.32465390785,"word",-0.275384865206134,0.36661495314911,5.07090500555933,869,762,"lec",1,5183.96031319594,"word",0.490777991508664,0.209563757525757,9.63792509399354,106,762,"lec",1,4856.27486799105,99.0989880383331,"word",0.90453027399267,0.0244483991991729,8.53904398391023,248,762,"lec",1,4741.64384184502,100.429403918972,"word",0.873455821615031,0.711839057039469,5.68352149799466,673,762,"lec",1,4754.12087238846
"763",98.6827608118673,"word",0.628139964890259,0.150678932899609,1.80129613960162,572,763,"lec",1,5120.21383196341,101.907680202928,99.5385645082451,"word",1.16949300107115,0.912889188388363,6.37812323868275,835,763,"lec",1,5192.22848427274,"word",-1.35108328593238,0.915962720056996,7.72686679149047,312,763,"lec",1,4896.33489108417,99.4155445348056,"word",0.336357372691613,0.270209419773892,0.332170478068292,686,763,"lec",1,5315.72975722075,97.8047898363015,"word",-0.165054014522529,0.498202691785991,2.78020435012877,165,763,"lec",1,5011.06163230927
"764",99.2019514873024,"word",-0.382972485881747,0.481901467777789,1.6693183965981,902,764,"lec",1,4807.58816963956,100.450691170324,101.691304992308,"word",0.0304262309854145,0.0563776770140976,3.81199924973771,683,764,"lec",1,5366.28026382104,"word",-0.410047725772572,0.428206938318908,9.45110310800374,954,764,"lec",1,5032.81174929229,99.9855385007739,"word",-1.47384117823239,0.551296181743965,1.08478042995557,263,764,"lec",1,5135.50404384724,99.1966084792587,"word",-0.436017941749359,0.580223152879626,1.09687946038321,936,764,"lec",1,5018.99016330937
"765",98.7219587871056,"word",-1.47917911731251,0.357502894476056,9.30150976404548,863,765,"lec",1,4960.13993526135,99.6380229032286,100.192923750051,"word",0.173248393052268,0.448001720476896,3.44563037389889,282,765,"lec",1,4826.47403532687,"word",0.428023181714699,0.615032736910507,6.52659622486681,661,765,"lec",1,5387.88784678248,101.062229882143,"word",1.71309310905307,0.0130253531970084,2.18983492348343,135,765,"lec",1,4833.68215567546,100.065536684736,"word",-0.400528980706879,0.0394539267290384,2.03087743371725,725,765,"lec",1,5140.34573304291
"766",97.9861537409279,"word",-1.04422176540103,0.850890064844862,5.85428516147658,747,766,"lec",1,5200.8542758463,98.648750175641,100.366218662081,"word",-0.850745907643097,0.551890970673412,5.98855340387672,627,766,"lec",1,5095.18027935043,"word",-0.848670066397216,0.0613266443833709,3.37523944908753,397,766,"lec",1,5119.47221144669,98.4237104188757,"word",0.531166705297244,0.381630568765104,9.92094393353909,583,766,"lec",1,4873.41916357368,101.113645282433,"word",0.978380947830831,0.134100503986701,5.683638821356,835,766,"lec",1,5055.78043898863
"767",97.8240291101018,"word",-0.0770867849539998,0.614528953097761,2.82357532298192,913,767,"lec",1,4937.77853594702,100.618483541164,99.6693410531247,"word",0.928617125562611,0.685155397513881,0.355659301858395,57,767,"lec",1,5346.23492433006,"word",-1.16797383393476,0.642692065564916,7.24876435240731,164,767,"lec",1,5308.88450093867,99.8159473138378,"word",-0.554113390540375,0.572040431201458,8.0372925940901,346,767,"lec",1,5188.77940529426,98.9700881633004,"word",0.0689169213216524,0.425301182782277,2.67939279321581,764,767,"lec",1,4880.40494055173
"768",98.7807059675227,"word",0.79466475556462,0.180755418492481,9.85683227656409,946,768,"lec",1,4892.81168319164,101.385238751364,99.0729034515279,"word",0.386891205412657,0.777490359265357,4.46346089942381,575,768,"lec",1,4761.87137046649,"word",0.891063377082894,0.276506310328841,7.51550413202494,959,768,"lec",1,4679.22008896126,99.1726813292495,"word",-0.61581422581007,0.783617912558839,9.14481922751293,9,768,"lec",1,5008.2685512034,100.895967621913,"word",-0.305915977722962,0.475957807153463,3.97886623395607,641,768,"lec",1,4646.19532608312
"769",101.548225339133,"word",-0.518175143918716,0.0975690740160644,8.6507036886178,596,769,"lec",1,4708.69835448253,100.492661075988,100.279883272409,"word",-0.0927984225979551,0.188676178688183,1.36840062681586,427,769,"lec",1,5207.89787835243,"word",0.0898434537520435,0.134393368847668,7.04788855277002,188,769,"lec",1,4987.99165605472,99.5491182745778,"word",-0.461163411400423,0.570765513461083,2.96513487119228,700,769,"lec",1,4825.60523579565,100.244681793198,"word",0.714255330969771,0.95122242718935,4.34385736240074,858,769,"lec",1,4860.64108731903
"770",99.0567822761414,"word",0.73691084993935,0.349019099026918,2.94987739762291,284,770,"lec",1,5053.07360430293,102.354509109914,99.693599429406,"word",1.38217026100564,0.0368000001180917,8.40397828957066,839,770,"lec",1,5051.13593833687,"word",0.902938384170653,0.369974192464724,2.53514228388667,712,770,"lec",1,5279.58875423862,99.2663577325889,"word",-0.96056957229196,0.861743872985244,1.50774924084544,21,770,"lec",1,5303.29727259839,99.8079680610204,"word",2.56450054877755,0.972358035389334,4.7261420940049,834,770,"lec",1,5095.50990732591
"771",98.7359028200445,"word",0.0749248614707985,0.957312921527773,6.11205660039559,104,771,"lec",1,4683.4831918463,101.434379168079,101.217307965321,"word",-0.611056679968105,0.879174497211352,8.95391426282004,832,771,"lec",1,4911.7529202575,"word",-1.04831783243237,0.75131374085322,2.81108896248043,290,771,"lec",1,4978.49129549196,99.6526821908392,"word",-0.744811359342635,0.328380107413977,3.49466693587601,823,771,"lec",1,5244.45886884342,100.537189720668,"word",0.733329326119115,0.572823489783332,7.75740767130628,130,771,"lec",1,5143.27528680701
"772",99.9127364071691,"word",-0.197847211110631,0.67116119293496,8.63369218073785,857,772,"lec",1,5148.23700481886,99.0610815893149,98.8664665234696,"word",-0.239665233084338,0.202377259731293,5.42328706476837,601,772,"lec",1,4801.33839213903,"word",-0.084946321490882,0.460316479904577,4.59653376368806,916,772,"lec",1,5003.57419401167,100.651057928516,"word",0.257563563393362,0.292232272913679,9.53766955528408,442,772,"lec",1,5271.16832714547,99.605621414505,"word",0.537506117091516,0.340973269660026,2.25708911893889,614,772,"lec",1,5089.41775405934
"773",99.4259247829724,"word",0.245659182030741,0.997121592285112,4.87577682826668,855,773,"lec",1,4957.0349776067,99.5187139042634,101.752495647084,"word",0.106160224638634,0.766177084529772,6.49768477072939,713,773,"lec",1,5015.72478216905,"word",0.959863752093052,0.759574729250744,4.1163237625733,911,773,"lec",1,4991.42467865128,100.729155036702,"word",0.616358147426253,0.84596128645353,7.16408098582178,904,773,"lec",1,5319.48781978612,100.176726079146,"word",1.09222129126905,0.223124401411042,8.77776351058856,806,773,"lec",1,5173.53822934328
"774",98.8054895826124,"word",-0.18369058875018,0.6483525109943,8.63525740103796,806,774,"lec",1,5070.16612328406,98.9553835735831,100.846849993837,"word",1.48516935018428,0.358120277756825,6.06189606478438,305,774,"lec",1,4766.42752435955,"word",0.656222214456928,0.827785246539861,3.03297781618312,941,774,"lec",1,5007.07297475865,99.528452531281,"word",-0.267195636992722,0.936194736044854,6.58849052619189,503,774,"lec",1,4996.61610976462,101.590955564306,"word",-0.955712357468184,0.0136291980743408,9.70124409999698,478,774,"lec",1,5015.92212802676
"775",99.1082901972539,"word",1.41626853162619,0.269672202412039,0.381166287697852,775,775,"lec",1,4726.50183942435,98.783864281715,100.275768612616,"word",1.82384217202022,0.524498033570126,8.09919644147158,936,775,"lec",1,5140.02877482825,"word",-0.0939764171795102,0.50086954399012,9.65033831540495,440,775,"lec",1,4832.99184208085,101.266242580212,"word",-1.21896451873035,0.109513895353302,2.97620067372918,381,775,"lec",1,4764.72925000846,99.2553831142744,"word",-0.16393125495405,0.772756094345823,0.557526615448296,993,775,"lec",1,4712.63380997679
"776",100.595279247725,"word",1.37780335786169,0.0502866175957024,3.97093716077507,522,776,"lec",1,5081.27966324433,100.375525393879,99.5958668461408,"word",0.146565238613211,0.546116791898385,1.19043776532635,643,776,"lec",1,4471.13175658211,"word",1.15954154172568,0.83902799198404,9.52954394044355,950,776,"lec",1,5088.08657070568,97.8718160098644,"word",0.00671179370446435,0.129012978402898,1.30218233913183,438,776,"lec",1,4888.48118434179,101.298203516792,"word",0.414248782907944,0.417937131598592,7.51403369009495,209,776,"lec",1,4897.89253971183
"777",99.6526669950306,"word",0.10598021171373,0.369091838831082,9.06338343629614,602,777,"lec",1,5189.92063341521,100.691802006682,99.9435536116372,"word",-0.105530005839349,0.431528039509431,2.89452402153984,630,777,"lec",1,5123.26813266559,"word",-0.125048896886606,0.119018126046285,4.74115517223254,555,777,"lec",1,5187.19676288475,100.617057499685,"word",0.310710941171473,0.00358647177927196,8.88346707215533,220,777,"lec",1,4881.13297706232,100.311995911661,"word",0.126083563831537,0.347709787078202,8.34121474763379,183,777,"lec",1,4958.15391538043
"778",101.286584091617,"word",-0.355238934286735,0.33365091891028,4.99780574813485,332,778,"lec",1,5087.06825489811,100.817723479354,99.2775676363058,"word",-0.050968363499542,0.274304154096171,2.69583554472774,692,778,"lec",1,4699.94287899288,"word",0.132824064717135,0.305874163284898,4.13158148759976,910,778,"lec",1,5032.12434939396,100.15492931606,"word",0.399571419860256,0.702436683466658,8.7281524320133,692,778,"lec",1,5086.69641782729,101.226299258533,"word",1.49753205120994,0.821519215824082,5.48481059493497,699,778,"lec",1,5011.06665021743
"779",100.237272456988,"word",0.953511901900686,0.114555610343814,8.74226174550131,41,779,"lec",1,4803.03993434577,99.6563834769917,100.505632719982,"word",0.875325561012403,0.902200596639886,4.75332209607586,752,779,"lec",1,5028.54956809073,"word",0.882382670081513,0.819553511450067,2.03392531024292,459,779,"lec",1,4563.03865435253,97.8608126581763,"word",-1.44290079122563,0.826044193468988,2.42889983346686,941,779,"lec",1,4787.49579393475,98.1315651492816,"word",-0.593373788029476,0.735303747700527,0.00797995598986745,447,779,"lec",1,5170.53057130951
"780",100.141855357011,"word",0.638970590002504,0.730900390539318,9.50854841154069,841,780,"lec",1,5020.67104242317,99.2473716152078,101.302004145188,"word",-1.27170523381386,0.0878578380215913,4.61218669312075,672,780,"lec",1,5100.43344415329,"word",1.17102418496676,0.0667975284159184,1.97023883694783,130,780,"lec",1,5002.22343093748,100.921993056824,"word",-0.852672545833595,0.388521885499358,0.937946941703558,827,780,"lec",1,5083.48766431234,100.283845275084,"word",0.684566296039608,0.812363835284486,9.29515807423741,574,780,"lec",1,4933.51922969805
"781",101.350802069865,"word",0.474006234629431,0.670984941767529,9.16751750512049,437,781,"lec",1,4979.38769158649,99.6724562484977,99.3908955666808,"word",0.926031856531356,0.669080476043746,1.15200917702168,833,781,"lec",1,5074.05540589596,"word",-0.450858345826438,0.375422580400482,8.73166050761938,196,781,"lec",1,5212.85692203809,99.8953470759206,"word",0.0295180027291386,0.283417873550206,2.66833248315379,843,781,"lec",1,5150.61240289681,97.8904734135925,"word",-0.812519235903826,0.374030317878351,5.40411592461169,971,781,"lec",1,4828.91731017032
"782",99.5052999237622,"word",-1.50577740103586,0.947794042760506,2.53365599317476,540,782,"lec",1,5359.55864305476,99.7210988257502,101.535615374896,"word",-1.97926748363784,0.997460788814351,6.94307372439653,320,782,"lec",1,5016.25456966547,"word",0.408156248019944,0.502980112098157,7.29339484125376,487,782,"lec",1,5093.75674202929,100.407482862428,"word",-0.824615548836436,0.72526770690456,5.12610877398401,26,782,"lec",1,5077.74468393035,99.2439668291494,"word",-0.363623804453775,0.646831444697455,6.66803400265053,892,782,"lec",1,5032.39877893579
"783",100.056082932234,"word",-1.27253626538305,0.996926869265735,9.64234809391201,513,783,"lec",1,4714.67462622626,100.507794763661,99.4898151542274,"word",0.446575657546988,0.516518966993317,4.233948814217,75,783,"lec",1,5126.9664436884,"word",-1.17765847451916,0.208172421669587,6.90812716726214,908,783,"lec",1,5091.48825381525,100.20777095884,"word",-2.02032324786818,0.403872061287984,9.84220392303541,701,783,"lec",1,5225.91273972823,101.011011144754,"word",-0.289298480008514,0.0270099532790482,8.46240206155926,171,783,"lec",1,4577.82310605363
"784",98.8991298718894,"word",0.62043068619267,0.391886565834284,4.75407991092652,834,784,"lec",1,5072.32959746338,102.763600044766,100.321218756749,"word",-2.63971890743817,0.40216086874716,0.168266533873975,608,784,"lec",1,5083.79990220889,"word",-0.117242644824289,0.219234682852402,7.06153659382835,397,784,"lec",1,5391.98510224143,100.013396836103,"word",1.13335440877091,0.780677917646244,5.60828583082184,747,784,"lec",1,4854.86557795122,101.371662087605,"word",0.398874303626143,0.114167273044586,7.55457970313728,713,784,"lec",1,4708.47433665573
"785",100.434600205949,"word",0.928519645587244,0.739480993710458,4.35394180705771,640,785,"lec",1,4947.807294743,100.049155760562,98.7005827557122,"word",0.501303999792319,0.691268837312236,7.47289353981614,549,785,"lec",1,4844.67334000693,"word",-1.70964260520693,0.767198052024469,1.36648042825982,874,785,"lec",1,5048.13384663281,101.20867900914,"word",1.24985915012127,0.664791069226339,2.5490670115687,485,785,"lec",1,4781.89458425594,99.4555038932939,"word",-0.189199422026959,0.30578778591007,4.42320266040042,811,785,"lec",1,5075.16022956585
"786",100.082709383239,"word",0.0562495211621098,0.665993069298565,8.30755924805999,707,786,"lec",1,4894.23953524657,98.3911809005071,101.630644469405,"word",0.0484996348762183,0.893871755339205,2.87020827876404,462,786,"lec",1,4767.32778362976,"word",0.552467717266812,0.856613549636677,2.84997341688722,159,786,"lec",1,4887.83333667358,101.012188917171,"word",0.990121573844476,0.632514587370679,9.65876256814227,665,786,"lec",1,5131.58232490532,100.262507734776,"word",0.880476970855121,0.373783727874979,7.58490757085383,8,786,"lec",1,5250.37275474187
"787",100.781534108829,"word",-0.127570781675118,0.284280986757949,4.07253152923658,777,787,"lec",2,5178.6643738236,99.7989288567748,101.036105286447,"word",-0.585913766377034,0.55093078291975,0.532715767621994,147,787,"lec",2,4974.01156262778,"word",-0.153585724645259,0.421419341815636,7.21092246007174,140,787,"lec",2,5030.51103660728,100.173156120168,"word",-1.25828918155607,0.10441915714182,7.79021654743701,484,787,"lec",2,5212.00976096619,101.430124379366,"word",0.132256952781855,0.316817410523072,9.28736481117085,619,787,"lec",2,4796.0439204459
"788",101.038198199594,"word",0.874922735579909,0.0698823090642691,3.03864449961111,792,788,"lec",1,4848.3223737739,99.5109220813061,100.861640704734,"word",2.06861004111257,0.613521680003032,5.35646723117679,41,788,"lec",1,4733.34786764471,"word",-0.258921430037006,0.926724635995924,2.07245355239138,923,788,"lec",1,4913.36204151277,100.359493449775,"word",1.03802805718595,0.0225179051049054,9.4031795556657,818,788,"lec",1,5432.36141661079,99.883646076605,"word",0.76372940491267,0.959724095882848,6.26699501182884,820,788,"lec",1,4820.68960446402
"789",99.4867206783329,"word",0.686297255131813,0.188281888607889,4.79128529084846,789,789,"lec",1,4537.46694782041,101.057423505385,99.9313286774234,"word",-0.796344790676574,0.537499903468415,1.09595394460484,956,789,"lec",1,4952.5430987755,"word",2.14868879544997,0.541226620320231,3.22294067358598,358,789,"lec",1,4684.67892867575,101.216245454005,"word",0.666112969976969,0.0876493412069976,3.67333952570334,622,789,"lec",1,4929.01002357587,100.161402588442,"word",0.111576416393185,0.45522277825512,0.00742876203730702,576,789,"lec",1,5010.71018125445
"790",100.799729427233,"word",-1.32796775984575,0.236946139484644,9.73812574520707,158,790,"lec",1,5098.89308168185,99.0139559750044,98.689947797532,"word",-0.0473324149288274,0.77441197889857,8.99663737276569,223,790,"lec",1,5152.09188331972,"word",-2.52482462819399,0.146200266899541,0.0886757462285459,557,790,"lec",1,5048.46964194388,102.421830407967,"word",1.80808385986862,0.59695518319495,8.20490253157914,383,790,"lec",1,5006.57765805386,101.908751514071,"word",0.0908550835800082,0.216147245373577,9.88419032189995,904,790,"lec",1,5140.75043948735
"791",100.758981248111,"word",-0.515731562275576,0.613707209937274,3.62614217447117,99,791,"lec",1,5205.12854240304,100.626860452566,100.877557632926,"word",-0.699860442206427,0.476229023654014,4.17598011204973,813,791,"lec",1,4791.82524684847,"word",-0.316450644160641,0.49954143492505,0.316740120761096,740,791,"lec",1,5107.65965585796,99.6575248093913,"word",-0.340149220470119,0.475510771619156,3.71999426977709,779,791,"lec",1,4751.93559890036,102.397937137219,"word",-0.794030121236062,0.338438787730411,1.72783988527954,630,791,"lec",1,5278.07758154514
"792",99.8603083218027,"word",-0.41945070621669,0.127345481654629,3.6295161745511,645,792,"lec",1,5062.09472024203,102.300005121297,101.157854054607,"word",0.835701958676898,0.372086339397356,3.99090460734442,404,792,"lec",1,4954.31833666079,"word",0.420586888019253,0.21361096855253,6.16395208053291,24,792,"lec",1,4861.5734143954,100.165547870689,"word",1.46447779111942,0.34627850796096,5.78156396048144,453,792,"lec",1,4834.38089118206,98.4338362225177,"word",-1.43437447947438,0.561973125441,1.44080037251115,459,792,"lec",1,5137.91499686279
"793",98.83616712579,"word",-0.444751658396251,0.404224497266114,5.71562542812899,817,793,"lec",1,4797.31802343364,101.887186240864,100.645156927291,"word",0.424531651510725,0.188941930187866,1.84247808996588,257,793,"lec",1,5429.61983466606,"word",0.512222655466507,0.197990370681509,7.21889933338389,57,793,"lec",1,4907.71494807468,98.8599688346556,"word",-1.3154148747399,0.490272655384615,5.42205091565847,460,793,"lec",1,4977.64471134392,99.8506486389636,"word",2.18316510774429,0.967522341758013,0.637833897490054,663,793,"lec",1,4704.61184837363
"794",99.1714470804236,"word",-1.23704396220946,0.0624153716489673,8.43276304891333,587,794,"lec",1,5192.89423515237,101.023168425561,100.296737711079,"word",1.52616140945433,0.284584049135447,1.41572847263888,307,794,"lec",1,5184.68626224919,"word",-0.0188413656619973,0.221810647286475,3.12474671285599,426,794,"lec",1,5311.96429350246,100.757821068079,"word",-0.195310840479423,0.888802021043375,6.76174262771383,541,794,"lec",1,4650.32600051418,101.205852395448,"word",1.19786858938289,0.359529822831973,9.04964983928949,195,794,"lec",1,5280.94039220297
"795",98.7750347004617,"word",0.762818318241527,0.144921298604459,0.779884429648519,937,795,"lec",1,5148.18113583567,101.075556366583,99.8731820347156,"word",-1.09018376830747,0.980535611510277,4.58303735591471,606,795,"lec",1,4888.76219050659,"word",-0.198503215188645,0.699880618602037,4.07137066591531,582,795,"lec",1,5119.62794780016,100.049053613991,"word",-2.94821001856263,0.389247027924284,5.18484267638996,714,795,"lec",1,5223.6209992318,100.691493206954,"word",-0.969979012652054,0.106096599018201,6.19459694484249,242,795,"lec",1,4611.44607507976
"796",101.468132420488,"word",-0.110183015175028,0.609146266244352,2.8910647239536,852,796,"lec",1,4839.11516037566,99.1149975540443,100.880073254962,"word",0.878383309063249,0.706322903046384,8.64208571147174,434,796,"lec",1,5181.3276552358,"word",0.0285517688350858,0.798750824294984,4.81676707044244,336,796,"lec",1,4778.28992801864,99.9950966983185,"word",0.0676517486924176,0.629989812150598,9.04224258149043,705,796,"lec",1,5177.59432113772,98.1725004792321,"word",-0.1882450414473,0.732608736958355,1.76614064723253,171,796,"lec",1,5168.3510020141
"797",99.4005285186785,"word",-0.538676187002339,0.371636435622349,0.798803037032485,191,797,"lec",1,5251.46760615288,100.640496010533,100.058700476501,"word",1.36211104756964,0.426214043051004,3.02334394073114,425,797,"lec",1,5111.1425387787,"word",-0.0713279648702401,0.450256426120177,3.40149902738631,429,797,"lec",1,5192.87577848674,100.502573248868,"word",-0.517400475939029,0.916619509691373,3.9492791518569,116,797,"lec",1,5030.6375217914,101.768655670927,"word",0.397072118860409,0.0692610014230013,3.29184650909156,972,797,"lec",1,4902.29779429849
"798",101.381866340994,"word",0.703622320321477,0.107982908841223,5.00712377252057,748,798,"lec",1,5134.00191252318,100.798191874477,101.749039469785,"word",0.0423718932833373,0.0314962191041559,5.91034119017422,566,798,"lec",1,4921.04142684783,"word",-0.485047938968365,0.266285086749122,0.937679058406502,440,798,"lec",1,5162.21118246458,100.005253360271,"word",-0.26671367088597,0.14393972652033,2.67126046353951,485,798,"lec",1,4910.36442474166,100.910717890374,"word",1.81674394592784,0.666336034890264,9.0300863282755,96,798,"lec",1,5202.21549253782
"799",100.367657719417,"word",1.54236882625701,0.00377054139971733,0.824259505607188,181,799,"lec",1,4658.96123012958,99.4335099035695,102.323185779964,"word",1.81166121273522,0.188696662662551,6.44034046912566,396,799,"lec",1,4917.85197891906,"word",2.39071926072467,0.85255496064201,3.20728682447225,524,799,"lec",1,5003.71328358866,101.656569396495,"word",-1.95748579615351,0.101448321714997,2.88256201893091,86,799,"lec",1,5394.70791316914,99.4185079071594,"word",0.733536010896481,0.691793259698898,9.13394855335355,988,799,"lec",1,4902.00563360486
"800",98.4555572249465,"word",0.192278638886259,0.195267284289002,4.07672410598025,879,800,"lec",1,4960.16513634596,100.345315573098,99.6182248720121,"word",0.995504336316994,0.969751596683636,7.03186152502894,412,800,"lec",1,5033.45848215745,"word",0.050874286248654,0.55361662642099,2.14349955553189,240,800,"lec",1,5206.60435470002,100.938731737854,"word",1.09261529827973,0.119435284752399,2.23459727363661,324,800,"lec",1,4861.08064270143,99.1005755117922,"word",2.73261646953113,0.442232785280794,5.92588503146544,558,800,"lec",1,5087.89967577464
"801",98.5677097819527,"word",-0.718117264875038,0.689098653849214,5.83407399477437,433,801,"lec",1,4890.57013763148,100.453664670542,102.305261757889,"word",0.333330595642205,0.489725354127586,2.91397878201678,696,801,"lec",1,5049.78804713318,"word",0.285209035130016,0.151880162768066,0.799811072647572,672,801,"lec",1,4826.0368779279,101.874002378329,"word",0.854612123897599,0.389512689551339,5.37734342738986,18,801,"lec",1,4716.06106985985,101.283240664443,"word",-0.740015892105655,0.0832096545491368,8.7564908969216,963,801,"lec",1,4888.01497005076
"802",100.516233938646,"word",0.95213617947541,0.721916782902554,2.65114526730031,401,802,"lec",1,5066.22781376955,101.56606113977,100.957561154476,"word",1.49861149036274,0.0165950716473162,4.18382480042055,12,802,"lec",1,4975.20856395611,"word",0.991298833285473,0.791255266638473,8.0701525718905,92,802,"lec",1,4832.97766350557,100.611593990688,"word",-1.51038738174257,0.794764905003831,3.17861224757507,970,802,"lec",1,5228.9437027875,100.447586005596,"word",-0.0438125962541813,0.540859350236133,6.75545673584566,416,802,"lec",1,4444.55828995386
"803",98.9041569995987,"word",0.694354363763899,0.840802423190325,9.245550846681,839,803,"lec",1,5074.23293960147,99.4120204279608,100.61251349747,"word",0.51842048409732,0.960591008188203,3.33495510974899,707,803,"lec",1,4948.03830797264,"word",-0.600842180451276,0.331298731965944,2.06122615141794,992,803,"lec",1,4813.88895593557,99.5349324299651,"word",0.204570324112943,0.285216600401327,9.84881927492097,165,803,"lec",1,5099.49436875389,98.3282545528313,"word",-1.21239750004765,0.486408703029156,1.06895446311682,436,803,"lec",1,4967.17936901307
"804",101.943394924538,"word",0.752726190068367,0.378453498706222,7.33917354838923,993,804,"lec",1,5294.49988638058,100.933430691918,100.770408553538,"word",1.2176310351211,0.191389654763043,2.60666345013306,850,804,"lec",1,4951.3504262281,"word",-0.924200996809276,0.0417333473451436,0.186130555812269,688,804,"lec",1,4988.20772193202,100.289273188376,"word",-0.398460867482545,0.645560188684613,3.30808870960027,341,804,"lec",1,4876.69387135139,102.392739786228,"word",0.782904275904831,0.784037794452161,6.68226924724877,82,804,"lec",1,5117.53748100486
"805",102.502436276355,"word",-2.79459107454153,0.291139221051708,8.20109644671902,486,805,"lec",1,5153.11045700419,98.3329160810006,100.214436747008,"word",-0.161555764043827,0.428345932858065,5.31614969950169,810,805,"lec",1,5158.5712405874,"word",-0.168335668286326,0.969501592451707,0.0668746326118708,933,805,"lec",1,5123.16036130109,100.717885087172,"word",0.541450296418612,0.00119692203588784,4.03964612865821,890,805,"lec",1,5465.81097584673,100.84518044087,"word",-1.20840506716956,0.370122049935162,9.58327145548537,671,805,"lec",1,4712.41439805686
"806",100.606589584445,"word",0.495100668603284,0.875633330317214,5.81263936357573,330,806,"lec",1,4698.05758122141,98.0344660360755,98.8961666657502,"word",0.613792784583394,0.553038822021335,1.75466387532651,866,806,"lec",1,4693.30686218967,"word",-0.321888428457505,0.724448647350073,9.0052502672188,892,806,"lec",1,4860.80975540826,98.635963907761,"word",-1.54855186270916,0.535275015747175,6.85040469747037,53,806,"lec",1,4988.26145214077,100.135986619939,"word",-0.0766357494773051,0.363087195670232,3.4427355369553,189,806,"lec",1,4904.79552796289
"807",100.453382197703,"word",0.686619913485904,0.945892491145059,0.123976562172174,313,807,"lec",1,4976.81551261118,100.958785722964,100.341440964665,"word",-0.470797935722446,0.896902850363404,8.22224195115268,217,807,"lec",1,4800.00079247348,"word",0.877270611140403,0.553069608518854,8.9830376021564,478,807,"lec",1,5015.84436527186,100.219785950188,"word",0.661127091128573,0.77634072676301,1.916047798004,522,807,"lec",1,4972.13969442531,98.754989219564,"word",-0.302444580561061,0.0863696958404034,5.73103009723127,161,807,"lec",1,4928.96133014556
"808",100.616306731858,"word",0.403422964660908,0.660249991575256,5.59091636911035,351,808,"lec",1,5142.3790460669,99.4402980138277,100.819402599727,"word",-2.95686615646065,0.54182517924346,3.8673410913907,601,808,"lec",1,4900.92113977423,"word",-0.798421780388035,0.63957570400089,1.24989591306075,137,808,"lec",1,4737.56782638631,99.9270699968863,"word",1.15613502524256,0.617548068752512,6.06925597647205,7,808,"lec",1,5032.66721209621,100.045440675916,"word",0.167801864535543,0.836841920390725,8.84188232244924,834,808,"lec",1,5108.91602043307
"809",98.5258013490973,"word",-0.411101119210657,0.677378764608875,4.90734326653183,499,809,"lec",1,4824.2238035487,99.2786559315617,100.168020878178,"word",0.133133583226974,0.506690605543554,3.57099456014112,572,809,"lec",1,5462.4753083796,"word",0.672342962862625,0.315386206610128,8.88552151387557,714,809,"lec",1,5120.12616701716,99.6657745268852,"word",-1.19146827471523,0.359231749782339,6.17681674426422,884,809,"lec",1,5125.8744253084,100.021535204371,"word",0.595017392359524,0.0160996585618705,0.557010965421796,715,809,"lec",1,5024.22968179813
"810",101.237890753995,"word",0.966339201257319,0.416239026933908,6.39752386836335,322,810,"lec",1,4842.10146530934,97.6491006016627,101.432492669274,"word",-0.31072988349062,0.367457113228738,0.0671810656785965,240,810,"lec",1,4523.89200128108,"word",0.127054016848642,0.678548790281639,6.90767212305218,747,810,"lec",1,4788.66860647795,99.9578865090264,"word",0.137734133558487,0.580832051113248,7.82915599178523,339,810,"lec",1,5144.03069120117,100.512236959019,"word",-1.58373160286183,0.197058496298268,1.83152864221483,961,810,"lec",1,4763.43423002813
"811",100.585313784104,"word",-2.3267985121615,0.916026899823919,9.12965028779581,333,811,"lec",1,5192.24635030756,101.824075672283,98.6839485580204,"word",0.671403856937732,0.891356999054551,1.63548323325813,625,811,"lec",1,4904.761949705,"word",1.18278125958542,0.0334593551233411,9.79221679503098,376,811,"lec",1,5276.08815158079,100.050062772495,"word",0.232578668086031,0.161819995148107,0.764288029167801,789,811,"lec",1,4961.37857810618,102.261508604917,"word",0.50619142792183,0.717954449588433,4.51377335935831,583,811,"lec",1,5033.51190027691
"812",99.412832441401,"word",-1.08538941428867,0.66932066064328,7.00550380162895,19,812,"lec",1,5007.99902108716,101.297631811851,101.830752081851,"word",-0.224828109453303,0.233001935295761,3.89636425999925,555,812,"lec",1,4720.93205806654,"word",-1.71203750971739,0.161533977137879,2.40914487279952,843,812,"lec",1,4973.65316982296,100.481275798824,"word",-0.00159496607746705,0.744559182552621,3.89575802953914,882,812,"lec",1,5040.0799642002,99.9179447124933,"word",1.10362102282835,0.21401762124151,4.54379390459508,731,812,"lec",1,4943.96859546632
"813",100.947687015917,"word",0.0776235462047814,0.876792385941371,3.10421818401664,179,813,"lec",1,4966.43492163553,99.7350739079358,99.9163969403076,"word",1.18877600349291,0.15717332647182,6.5614398685284,244,813,"lec",1,5261.21395946247,"word",-0.610276508343021,0.107562772696838,0.624809181317687,333,813,"lec",1,5144.07985452375,98.7639885000675,"word",-2.07148736435646,0.808777000522241,3.3175778016448,509,813,"lec",1,5078.01210898699,101.106934040308,"word",0.86437674269362,0.582850677426904,4.92314024362713,665,813,"lec",1,5202.25332763329
"814",101.729082105039,"word",1.77021326756149,0.935839690966532,0.62280545476824,236,814,"lec",1,5107.46944075889,100.544102313517,99.833205105423,"word",0.855207588716473,0.0964340185746551,0.875252687837929,137,814,"lec",1,5019.86650641405,"word",1.79806868196365,0.126282820710912,7.73538572248071,756,814,"lec",1,4816.73085495444,100.252603021311,"word",-0.456363665274004,0.938677659258246,2.84203035989776,873,814,"lec",1,5048.84744258127,101.124338559847,"word",1.24195742703981,0.691373469540849,2.74573623901233,248,814,"lec",1,5040.61417319068
"815",100.01065997021,"word",0.454417961751755,0.971626782789826,9.70673118717968,634,815,"lec",1,4776.18615526143,100.580237449295,101.678348361146,"word",-0.368431702689714,0.897621229989454,3.86276327772066,396,815,"lec",1,4565.6160868684,"word",-0.484330268503436,0.396074429620057,9.77940628537908,944,815,"lec",1,4980.62047086374,101.010195610233,"word",-0.30834452034693,0.646180473966524,1.24723629793152,270,815,"lec",1,5245.73540257748,99.588369367029,"word",0.626546048475831,0.604680748656392,9.63424667483196,276,815,"lec",1,5062.23802041082
"816",101.330145943159,"word",0.699154869613355,0.697025453206152,0.176508028525859,79,816,"lec",1,4647.31743147224,99.5570278531442,99.8528336021474,"word",1.22723648113217,0.0992203906644136,3.81085721775889,320,816,"lec",1,5279.08275589968,"word",1.9148352142387,0.0531012220308185,8.85488657979295,381,816,"lec",1,4941.39952351832,99.7533526491758,"word",0.455183821076685,0.897490628762171,8.73565487330779,669,816,"lec",1,5023.53438826293,100.721001303688,"word",-0.455941668793647,0.435740382876247,5.97700263373554,406,816,"lec",1,5153.85466796675
"817",100.494249746983,"word",1.07454603769116,0.622054900508374,6.6538693010807,458,817,"lec",1,4799.70903121798,99.6298198598543,100.19230555227,"word",-0.220601213675369,0.897278473014012,7.69035276025534,497,817,"lec",1,4905.80224314334,"word",-0.418356858167054,0.643253841437399,9.28086726460606,661,817,"lec",1,4886.60475325523,100.662871314186,"word",-0.217775121477226,0.439824799308553,8.27297935727984,787,817,"lec",1,5135.62441996686,99.5724130097562,"word",-0.209862725600819,0.944273395696655,2.37239867914468,639,817,"lec",1,5291.77163153465
"818",100.295232583731,"word",-0.638541383113427,0.299637757008895,2.74809821974486,325,818,"lec",1,5065.37947028761,100.489901445643,100.361318713564,"word",-0.942871974682008,0.928247111616656,6.55914266128093,467,818,"lec",1,4860.45774413955,"word",-0.956455214004539,0.778026492800564,2.48086109058931,918,818,"lec",1,5157.13629494464,101.036754522902,"word",2.42839056342316,0.577505646506324,9.24772141501307,71,818,"lec",1,4927.7574601748,99.8718673941952,"word",0.720688337678493,0.942025727126747,1.59085961757228,240,818,"lec",1,4758.14692281522
"819",99.4601370188208,"word",-0.679025566772827,0.108418275136501,5.47786296345294,252,819,"lec",1,5305.50720114795,101.667371778278,100.162463057393,"word",-1.55094228140743,0.555417895084247,1.80540385656059,770,819,"lec",1,5025.75581736338,"word",0.733276349099418,0.530349244363606,2.83083031885326,463,819,"lec",1,4798.25780617962,103.102722048022,"word",0.458117647023056,0.108822453534231,1.05567933060229,28,819,"lec",1,5304.2947342238,99.5000616995535,"word",-0.353161729828799,0.745772512629628,4.4182472769171,392,819,"lec",1,4905.25722226082
"820",97.7476733811938,"word",0.274430924020367,0.8209164487198,2.92697577504441,337,820,"lec",1,4792.24971315869,99.6180998914753,100.127244210962,"word",1.27650156904156,0.360769224120304,1.68825166998431,81,820,"lec",1,4524.22720092253,"word",0.458793713910417,0.636282603256404,3.05349423550069,952,820,"lec",1,5003.08775765654,97.6994431360435,"word",-0.368686747236453,0.180826196679845,7.39034867146984,834,820,"lec",1,5379.48151149253,101.179934685175,"word",0.794025299222412,0.886131953448057,6.86584548326209,563,820,"lec",1,4758.39052369629
"821",101.115374274322,"word",0.0942024012996097,0.172310318564996,6.11510641174391,829,821,"lec",1,5153.09697209897,99.0628442370823,99.9697098344348,"word",0.946259887818423,0.812302963808179,3.75205331481993,950,821,"lec",1,4598.49821985029,"word",-0.340286263573224,0.351765072904527,4.67673562234268,951,821,"lec",1,4904.81924986871,99.9178842266156,"word",1.10185949730608,0.852299650898203,7.83774409675971,358,821,"lec",1,5128.92293662349,99.0774433986785,"word",1.14956023951669,0.0715521073434502,5.89289489900693,10,821,"lec",1,5231.60365194056
"822",100.045249533317,"word",-0.884744653274876,0.765494194114581,0.131141790188849,479,822,"lec",1,4802.27286432573,100.992915241728,100.752631578176,"word",-0.97646303322054,0.212962804595008,5.14404583023861,380,822,"lec",1,4802.44090954182,"word",0.255635811248766,0.543563137296587,5.4489718307741,381,822,"lec",1,5011.91393405988,99.493999667153,"word",-0.0784625533799205,0.022219022968784,0.621097509283572,760,822,"lec",1,5219.19958391887,99.3851117647236,"word",0.856305707762862,0.494796658400446,0.289185086730868,183,822,"lec",1,5155.79470737736
"823",99.9132663413883,"word",1.70999870479021,0.453691961010918,8.56398279778659,114,823,"lec",1,4889.02924121607,98.6050529728289,100.835769235583,"word",0.43630952475405,0.908867839723825,8.38005788624287,342,823,"lec",1,4957.47453955263,"word",-0.00379639465250745,0.691921032732353,9.86226407112554,35,823,"lec",1,4580.2242789018,99.691667051864,"word",-0.577250464884685,0.106115559814498,5.8598247775808,182,823,"lec",1,4918.58977309469,99.6538286245552,"word",0.651128481538657,0.793788145994768,1.03307683952153,619,823,"lec",1,5162.05993911458
"824",100.60279726937,"word",1.63750992275473,0.494867025408894,3.85020491667092,551,824,"lec",1,5063.00871476671,101.648126870507,100.68318849579,"word",0.560945216983809,0.578553867293522,6.23468604171649,805,824,"lec",1,4672.73282112794,"word",-1.20902526694763,0.924239902524278,5.28550720075145,692,824,"lec",1,4825.73383469402,97.1621640510608,"word",0.780482079430141,0.598583680344746,1.00900625344366,612,824,"lec",1,4782.1266586806,98.0189881726247,"word",-1.75422039855954,0.566063940757886,8.78861136967316,74,824,"lec",1,5010.93202574974
"825",98.1168831102004,"word",0.891835470871015,0.181943525094539,6.03952559409663,416,825,"lec",1,5005.98161923139,100.811566377657,101.150443404416,"word",0.366777858976824,0.659712638473138,2.76024920167401,790,825,"lec",1,4953.43299539683,"word",-0.889631062246294,0.591335461940616,9.44829523796216,654,825,"lec",1,4821.39341242804,102.095040571193,"word",1.7474131989166,0.178250687196851,3.33938350668177,212,825,"lec",1,5233.09986634992,102.097649507146,"word",-1.42038638384561,0.459562684642151,7.46799829648808,317,825,"lec",1,4814.75672036684
"826",100.175041541849,"word",0.51825045560155,0.786246829200536,4.25119516672567,10,826,"lec",1,4798.79268412862,99.5251483543372,99.2378687744741,"word",-0.874603435023891,0.444235475268215,1.66679008165374,121,826,"lec",1,5211.74630341427,"word",-1.50784662106065,0.995739654870704,6.74130476312712,796,826,"lec",1,5228.35113830954,100.998250284856,"word",-1.98377339728706,0.508948063943535,0.992957705166191,686,826,"lec",1,5018.26913593836,101.42142001863,"word",-0.982968674857927,0.395750627387315,2.92862367350608,406,826,"lec",1,4910.44126671269
"827",100.403071979365,"word",0.40419437404067,0.232858693692833,6.2001997185871,835,827,"lec",1,4812.53412037206,100.752414581611,100.051895817536,"word",-0.519395760042864,0.446576810441911,1.22213966445997,76,827,"lec",1,5239.20063188921,"word",2.11496452346509,0.729678938630968,6.50158323580399,688,827,"lec",1,5337.74272631681,101.1614641493,"word",-0.65027009941858,0.526399022201076,2.33939579920843,246,827,"lec",1,5139.63898610555,99.0324931220612,"word",-0.470380308124389,0.693487551063299,8.93838574644178,161,827,"lec",1,4942.94987790124
"828",99.8397416382076,"word",-1.90502511532876,0.313682864652947,9.69435835955665,906,828,"lec",1,4908.00516897685,101.15277398923,100.351007904472,"word",1.01254092832431,0.181622159667313,6.21299215126783,266,828,"lec",1,4887.19233305666,"word",0.903982790307014,0.802237327443436,5.96198718994856,909,828,"lec",1,5293.80860515793,99.6906002044777,"word",-1.98603291008501,0.339459534035996,3.57554260408506,597,828,"lec",1,5358.66236264644,99.6355122940282,"word",-0.21648770361476,0.293165945215151,9.06362102599815,722,828,"lec",1,4804.29086630601
"829",99.8819472279885,"word",-0.611101587123815,0.985333170276135,8.6137528787367,514,829,"lec",1,4842.95924119425,100.587145098202,99.1883040710074,"word",0.48193191414742,0.477010498056188,0.926324338652194,34,829,"lec",1,4975.10420698895,"word",1.72706183120345,0.747565613128245,9.16961583076045,240,829,"lec",1,4990.30479852155,100.754164822323,"word",-0.596888228671515,0.430288851261139,6.33377799764276,392,829,"lec",1,5048.43474429095,99.912048338012,"word",-0.852996013536928,0.192356544081122,5.1392963132821,711,829,"lec",1,4872.41574327294
"830",99.6325098325753,"word",-0.164581670649704,0.991660612868145,0.963051873259246,396,830,"lec",1,4773.17922310537,99.8445795438312,100.304202696907,"word",0.389707708853206,0.438017172273248,3.65422980394214,209,830,"lec",1,4504.39043975493,"word",1.69539653388838,0.319772891234607,5.06250169826671,12,830,"lec",1,4618.53180359419,100.847373802775,"word",-0.975430657712888,0.366824319353327,2.098700448405,517,830,"lec",1,5164.26734507745,99.2925384137201,"word",0.200744960988335,0.715524555416778,6.64199045160785,61,830,"lec",1,5212.54974671492
"831",100.135007734767,"word",0.538790429630314,0.897465663496405,3.4869796060957,522,831,"lec",1,5005.31248439135,100.538845160518,99.8635696674611,"word",-0.821500382459251,0.705188810592517,0.281393339391798,731,831,"lec",1,4879.21159079312,"word",1.20563471488043,0.437307324726135,2.03325519571081,400,831,"lec",1,4905.67819428334,100.80182313795,"word",-0.736444160069723,0.237385757733136,8.05276953615248,529,831,"lec",1,5209.30322981794,100.655801910438,"word",0.304886840835603,0.228868979029357,5.75046399142593,602,831,"lec",1,5171.62460436614
"832",98.4336462119072,"word",-1.83605598803215,0.17023187619634,7.5085301627405,957,832,"lec",1,4979.69368045492,100.737516768824,100.110876885437,"word",-0.119412357508507,0.292635439662263,2.09722105646506,881,832,"lec",1,5042.48934701527,"word",0.204471539417033,0.991584550356492,1.65912625845522,899,832,"lec",1,5101.55152138859,98.9353308813739,"word",0.559820911200832,0.584457017946988,6.70720477821305,393,832,"lec",1,4951.14014489399,100.044421278583,"word",-0.010408515470651,0.297814629971981,4.36430581146851,196,832,"lec",1,5455.0332375621
"833",99.472491209431,"word",-0.572438338398342,0.357551512075588,5.37748769856989,750,833,"lec",1,4930.86977604165,98.3952918651715,100.970740931029,"word",-0.420638156735536,0.670967224985361,9.15984267136082,858,833,"lec",1,4667.95829260358,"word",-2.60354794185905,0.456065964652225,2.92514089960605,540,833,"lec",1,4903.71138494321,99.4990549494908,"word",0.320614985451114,0.661068777320907,4.81828957097605,381,833,"lec",1,4922.36308122673,100.34514171343,"word",0.659245013904918,0.392096621682867,0.944298419635743,783,833,"lec",1,4868.30432434786
"834",99.9038157972343,"word",-0.0855262277011017,0.188252388732508,9.21112515265122,519,834,"lec",1,5537.2311047436,99.4928662000859,98.6726841127565,"word",-0.573407069850862,0.601706541376188,1.51237318525091,116,834,"lec",1,5150.63214434527,"word",1.1058483554921,0.0574849790427834,5.73973524617031,676,834,"lec",1,5425.33094974535,100.181336691277,"word",0.172586313693616,0.540137889096513,7.11462191306055,687,834,"lec",1,4990.0358238499,101.40603731066,"word",-1.06181239426467,0.54672291316092,1.1254424857907,762,834,"lec",1,5326.41955792272
"835",101.438336332472,"word",-0.0747003637298212,0.520687777316198,4.29995809914544,663,835,"lec",1,5271.2902537427,98.6668174553745,102.127633440929,"word",0.404968472256243,0.987541970796883,8.9851845940575,183,835,"lec",1,5136.04107328725,"word",0.964211812229973,0.483463541604578,3.41474343091249,411,835,"lec",1,5176.35470286388,101.410504205609,"word",-1.27431589552582,0.718574837315828,8.37274357210845,467,835,"lec",1,4990.07601640043,100.318057689111,"word",-0.243530237992042,0.477191249839962,5.11511907214299,458,835,"lec",1,4777.5271639597
"836",101.863122509761,"word",-0.320069218428763,0.504772205138579,0.569879056420177,424,836,"lec",1,4786.14411559615,99.6111694580619,100.871783269394,"word",-0.0306484237358135,0.731859421590343,6.40331571688876,422,836,"lec",1,5039.95199764428,"word",1.50216031107102,0.0899959662929177,8.98669815389439,986,836,"lec",1,5158.79328275639,99.3252337597597,"word",0.988006787893164,0.153414581203833,2.13409124873579,22,836,"lec",1,4742.37404323061,99.5907490667751,"word",-1.55999162794202,0.19924696511589,6.93721948191524,739,836,"lec",1,5138.79061099722
"837",99.882901741861,"word",-0.488870109462182,0.458208315307274,1.65010815486312,4,837,"lec",1,5281.1432457439,102.354743047317,100.804333260515,"word",-0.587949295704146,0.102607937995344,5.63872049795464,204,837,"lec",1,5241.72144968165,"word",0.346755256578229,0.902860449394211,9.49280980741605,948,837,"lec",1,5098.79771672805,100.492992142487,"word",-0.205472836751856,0.280207448173314,1.44817732274532,281,837,"lec",1,4975.40116108859,102.022989238919,"word",0.993693098026235,0.918627495411783,3.36806168779731,9,837,"lec",1,4980.01122021557
"838",98.5123995745958,"word",-0.353069738484085,0.837401931639761,6.0103786084801,440,838,"lec",1,5340.09528676071,101.296860531573,101.714690439202,"word",0.899547666442041,0.635820301715285,3.65939119365066,894,838,"lec",1,5017.17829367452,"word",-0.0417719033763135,0.320182045921683,7.37598434090614,857,838,"lec",1,5315.7715073484,99.7468186914877,"word",1.41577536901973,0.422002773964778,3.88937128707767,799,838,"lec",1,5005.52421278294,99.7464634138146,"word",1.10118739995216,0.428843385539949,5.2770470478572,506,838,"lec",1,4696.73767278532
"839",100.371088861685,"word",-1.55107874732725,0.680923513369635,9.9341979320161,200,839,"lec",1,4648.55197018452,100.053199217672,100.249157162763,"word",0.638848166186401,0.235475465655327,1.92836415953934,609,839,"lec",1,4783.33675210558,"word",-0.175856487910143,0.33115019928664,0.981448700185865,673,839,"lec",1,5012.01186425542,100.183914701697,"word",1.51620541926117,0.960111801512539,4.88630468724295,289,839,"lec",1,5281.04318459182,100.368244727856,"word",-0.024026748806338,0.443417320027947,6.48965792963281,208,839,"lec",1,4990.69983222253
"840",101.320255325695,"word",0.750924611615469,0.220291645033285,5.35589777631685,147,840,"lec",1,5298.33269668439,101.316983964682,100.664143886813,"word",-0.613833870872531,0.0312370096798986,1.86083724023774,88,840,"lec",1,4813.16218319435,"word",-0.977484190405728,0.595851940568537,3.90157968038693,336,840,"lec",1,5227.72156950037,101.003422671876,"word",0.846955077587517,0.492289543617517,9.42672120872885,453,840,"lec",1,4992.69653390333,99.3410697276706,"word",0.109640981500947,0.714672701898962,9.45299497339875,117,840,"lec",1,4906.44135299846
"841",99.9756124934379,"word",-0.329725906094544,0.630497600417584,3.38434706907719,646,841,"lec",1,4972.47835816661,100.107660781438,101.180715110324,"word",-0.139430022239389,0.284428939223289,1.86138175660744,44,841,"lec",1,4847.89650580988,"word",-1.67756135956602,0.198463587090373,0.991957103833556,966,841,"lec",1,5336.08995534529,99.405227380876,"word",0.871270049731457,0.917942253639922,5.28630920452997,948,841,"lec",1,4663.60822193796,100.271025205907,"word",-0.622987616127581,0.616774592082947,2.73995477706194,692,841,"lec",1,4833.4576111119
"842",101.273361559328,"word",-0.0104844549993072,0.349929471965879,2.24742714548483,875,842,"lec",1,4884.90694816886,100.512324564369,100.270980436649,"word",-0.711530534503885,0.024500168627128,8.34774607559666,464,842,"lec",1,5167.12009747646,"word",0.192508297054533,0.943676472175866,0.450646860990673,510,842,"lec",1,4986.23379205833,100.048017281088,"word",1.49574003261005,0.883606311166659,6.32248361129314,850,842,"lec",1,5129.84190939012,99.6599961381282,"word",-2.749926393194,0.940385595429689,8.61532056005672,605,842,"lec",1,5187.57739480605
"843",100.569759215145,"word",-0.367491836038896,0.828462523641065,1.91058325581253,492,843,"lec",1,4936.88036496268,99.9532614763534,98.4353361923884,"word",0.112807681139897,0.652868572389707,3.03607710637152,696,843,"lec",1,4936.65755590849,"word",-0.370931786412123,0.22550705098547,0.939488073345274,437,843,"lec",1,4907.3422691142,99.0088482708987,"word",1.49868118214148,0.0346777841914445,8.18983986740932,749,843,"lec",1,4877.66277187736,98.4044327798287,"word",0.519358169133348,0.0751419337466359,6.88047324307263,531,843,"lec",1,5419.37007058721
"844",99.5405337135134,"word",0.323499903116462,0.152620150940493,6.69591028708965,924,844,"lec",1,4974.20552843131,99.9010672013807,101.252345873436,"word",0.902629177156314,0.605090036289766,5.14011814026162,261,844,"lec",1,4888.35473385844,"word",-1.23464135371639,0.197343953186646,9.68184488592669,952,844,"lec",1,4971.28955207827,99.1871389109815,"word",-0.230689754033753,0.805635864147916,9.26213547587395,778,844,"lec",1,5013.60494750343,99.6321670018812,"word",0.699027229922405,0.0142550459131598,4.78168366942555,504,844,"lec",1,4783.65881949731
"845",99.7191033038143,"word",-0.717110012071676,0.0472246452700347,0.93458040850237,676,845,"lec",1,4986.22921348938,100.34588246443,101.273867218649,"word",-0.239233289489982,0.166996084153652,4.27287508267909,253,845,"lec",1,5172.56300967608,"word",-1.7054515938738,0.825272128218785,5.93652660492808,487,845,"lec",1,5049.5330324596,101.503140781611,"word",-1.19754639004329,0.115255885990337,4.12282344419509,697,845,"lec",1,4895.67549805374,99.4013136190671,"word",-0.266769671215864,0.257402326213196,8.00194479525089,116,845,"lec",1,5090.56782044546
"846",98.6389242457355,"word",-0.109594707840401,0.328212525229901,9.85607977025211,158,846,"lec",1,5029.25046130826,100.650317020595,98.7363761227182,"word",0.454591401245754,0.724877051310614,3.32371485419571,118,846,"lec",1,4790.95259819664,"word",-0.0439266275540168,0.637582724681124,8.29435473773628,4,846,"lec",1,4744.52250486914,100.499695134337,"word",-0.589065107122435,0.308727021329105,3.02204308100045,623,846,"lec",1,4552.48038693158,99.2340583256926,"word",-0.263950568409217,0.762902306159958,8.68989471811801,190,846,"lec",1,5139.74841941031
"847",101.228955070481,"word",0.362717012597313,0.54783945903182,2.19425100600347,386,847,"lec",1,5009.39511191976,102.380495907079,100.055210573407,"word",-0.00985045376427246,0.841237797401845,0.448058107867837,558,847,"lec",1,4701.87793143761,"word",1.00941613427043,0.184868200449273,9.97625290881842,417,847,"lec",1,4719.48610112596,100.950137700148,"word",0.100287460899761,0.462104792008176,3.58096825890243,588,847,"lec",1,4768.58990888881,99.7723706148198,"word",2.94589464236624,0.285059923771769,5.40380279533565,925,847,"lec",1,4982.98726808021
"848",100.291345899513,"word",-0.0104176187309145,0.125432441942394,2.11004159180447,306,848,"lec",1,5117.19811192759,99.6608433107382,100.405249892699,"word",0.529620004789842,0.522713673301041,5.19051174633205,526,848,"lec",1,5098.43907376294,"word",-0.33686532408149,0.850235002813861,0.677174541633576,431,848,"lec",1,5068.12311082007,98.8886299508698,"word",-0.0218968482494617,0.937320670345798,2.47455520555377,252,848,"lec",1,5145.9346398705,100.666067841147,"word",0.154805569017507,0.0350678528193384,1.75271801417693,73,848,"lec",1,5219.78162676142
"849",100.047529131573,"word",0.585028844106982,0.733671105233952,8.73765810625628,432,849,"lec",1,5371.40009833674,98.8213580779539,101.708490912472,"word",0.359753516039236,0.489673882955685,3.29769320320338,65,849,"lec",1,5084.4341025562,"word",-1.20605734518291,0.744262823369354,0.366896111518145,512,849,"lec",1,4844.98485710071,98.5809400570114,"word",-0.761231516393574,0.449760205112398,6.36993202613667,173,849,"lec",1,4529.41078398018,101.692268116303,"word",0.8989991914193,0.148774536559358,1.59393858164549,987,849,"lec",1,4883.31577541307
"850",98.9376537963529,"word",1.53098865257498,0.195904191816226,7.4668665532954,151,850,"lec",1,5044.56447923707,101.071979842322,99.7290367447797,"word",-0.702979408831401,0.254397355252877,8.22676400654018,657,850,"lec",1,4979.35020112268,"word",1.46887873443887,0.40087147266604,1.69999179895967,925,850,"lec",1,5264.13206763482,100.137855615267,"word",-0.232234671287379,0.667754361638799,1.38325493549928,244,850,"lec",1,4887.0463447881,99.3070278830796,"word",0.983602291646899,0.701573386322707,0.090606533922255,914,850,"lec",1,5123.66066710053
"851",99.5465094094542,"word",0.244524817923928,0.129217263311148,6.91419090842828,434,851,"lec",1,4910.45343193536,98.142082318962,101.661689274574,"word",2.26871286993797,0.197966262232512,9.585493481718,120,851,"lec",1,4692.09529021622,"word",-0.931291044796385,0.455900872824714,3.57374858576804,879,851,"lec",1,4848.71768315942,100.573610695164,"word",0.726849254181635,0.787078994326293,8.96887392736971,573,851,"lec",1,4903.05508461235,98.7528342161967,"word",-0.902801399754822,0.740887605585158,9.70291784731671,988,851,"lec",1,4843.71885229729
"852",100.709966247722,"word",-0.900426634246592,0.454593197442591,1.88277299515903,465,852,"lec",1,5256.58693663844,100.03887516874,99.7174691829842,"word",-1.42080963739112,0.072030664421618,1.02621687576175,739,852,"lec",1,5324.19083212835,"word",-0.2513117458524,0.268536056391895,6.61147745093331,445,852,"lec",1,5208.62286074925,100.195430949399,"word",0.20476847309496,0.742919664597139,3.76568908803165,578,852,"lec",1,4980.93539493282,99.2172210503672,"word",-0.164456985338935,0.86158316466026,5.27945857960731,212,852,"lec",1,5349.60867703905
"853",100.980236146179,"word",0.0785599993741638,0.153610855806619,8.78664455376565,379,853,"lec",1,5242.50237806564,100.055000706106,98.7176641307753,"word",-0.276635831534917,0.144609935116023,7.62130384566262,331,853,"lec",1,4897.55604502734,"word",-0.976404879626672,0.95567845297046,8.76195752294734,424,853,"lec",1,5369.8941317658,100.819701160366,"word",2.09142531439993,0.182179446332157,3.49293866660446,114,853,"lec",1,5184.60698760334,99.4173708324158,"word",1.70586697881187,0.492327198153362,9.16879530297592,25,853,"lec",1,4884.46871282293
"854",100.714048146947,"word",0.193157496931575,0.679801733465865,4.05887081986293,827,854,"lec",1,5193.67614733218,98.6926721402423,100.048039016667,"word",-0.00322348462257524,0.564335145521909,7.12913351831958,356,854,"lec",1,4653.92446155602,"word",1.71272083077032,0.809750487329438,6.34452986996621,610,854,"lec",1,5254.08681516371,99.5797751199259,"word",-0.278416952172473,0.960476682754233,7.81656213570386,328,854,"lec",1,4982.67571915282,100.365762137823,"word",0.675687801266774,0.309115835698321,1.98292419780046,578,854,"lec",1,5174.26017906334
"855",101.15878412565,"word",-0.146954072478754,0.282670236425474,5.85383105790243,491,855,"lec",1,5147.68380611173,101.186646289076,101.311065970105,"word",-0.786352113958318,0.0707718837074935,8.00137935671955,771,855,"lec",1,4882.19618792335,"word",0.120041525601037,0.121675189584494,5.44265731936321,983,855,"lec",1,5067.90543565939,99.856281413722,"word",1.54498333222123,0.423227750696242,1.28121001180261,990,855,"lec",1,4751.29078074258,99.4756042993724,"word",0.472226140197854,0.957289705052972,4.60863259155303,645,855,"lec",1,5289.60554022257
"856",100.104049655067,"word",-0.875522376202824,0.0914649695623666,8.64868544973433,453,856,"lec",1,5328.00104364952,101.15850096554,99.6848569304391,"word",0.217838996281795,0.432845423929393,8.40444666100666,383,856,"lec",1,4878.7270407998,"word",1.05260153224824,0.299004996195436,7.28457314660773,374,856,"lec",1,5038.74340247795,99.4393246199629,"word",2.46883462891328,0.624529990600422,0.259288973174989,955,856,"lec",1,4852.28955063388,99.4089211524208,"word",0.372637750396718,0.270693485625088,4.29058993468061,168,856,"lec",1,4894.16673344221
"857",99.7056234853808,"word",0.114843797308133,0.0316756821703166,6.63380017271265,37,857,"lec",1,5080.72918758762,98.3016042765179,100.661840024271,"word",2.568697192812,0.247346291551366,8.56175971217453,252,857,"lec",1,4768.57040899735,"word",-0.545608558826084,0.557244220050052,4.24298502737656,118,857,"lec",1,5041.86201327433,99.910661117801,"word",-0.354198157333543,0.1484093607869,4.0136653278023,609,857,"lec",1,5137.04328260091,99.2401109143528,"word",-0.0824957022903853,0.0300384154543281,7.99716121982783,332,857,"lec",1,5005.33996139373
"858",101.181539287741,"word",-1.0236947537931,0.874115988379344,8.80531367380172,986,858,"lec",1,5168.37057654017,100.491179911619,98.9575332261506,"word",-0.624984743965295,0.914217177312821,2.44640422053635,938,858,"lec",1,5074.45426725775,"word",-0.249943878673418,0.608905490953475,5.38657790282741,13,858,"lec",1,4851.49033907646,100.716122451632,"word",-0.756775647931121,0.0294259146321565,0.319281017873436,16,858,"lec",1,4764.76354048923,99.8437243140578,"word",-1.66073403860866,0.520813550567254,1.91508772550151,243,858,"lec",1,4891.6487527968
"859",100.743149494069,"word",-0.597279829456081,0.733586935326457,5.60417503817007,907,859,"lec",1,4681.84619805535,99.4068025315932,98.5663233265621,"word",-0.25987621131396,0.679553384659812,1.31885237293318,153,859,"lec",1,4987.67511844054,"word",1.03887600797676,0.821802317397669,0.527290890458971,713,859,"lec",1,4521.19466210565,98.8866874441498,"word",1.48893617627687,0.749618677888066,2.07987228408456,574,859,"lec",1,4997.70403690126,100.876602492758,"word",0.175280914650567,0.77046080888249,1.32901278091595,667,859,"lec",1,4826.37322710924
"860",100.98783393279,"word",-1.14909672539888,0.796488878550008,2.6869915635325,295,860,"lec",1,4729.15915345308,99.397171311696,101.5082276283,"word",0.717376835002965,0.820268795825541,5.76671446440741,331,860,"lec",1,4805.97760630563,"word",-0.147622450005131,0.84654953610152,9.99994376674294,201,860,"lec",1,5053.03780415729,99.5748047213965,"word",0.662586992687513,0.154901760164648,9.19798536924645,151,860,"lec",1,4766.91728561456,98.9481443582453,"word",-1.41720185959919,0.497979028616101,6.04980154894292,765,860,"lec",1,4984.40224505318
"861",100.218248014598,"word",0.176957805837991,0.376501808874309,6.02689357940108,386,861,"lec",1,4608.14835993974,101.021785556939,100.559968521832,"word",-0.881136546107708,0.42935126600787,3.6290280520916,356,861,"lec",1,4955.42280988778,"word",0.726231667810607,0.793902416946366,1.00929827662185,334,861,"lec",1,4815.45585098482,100.707134841062,"word",1.27557073674878,0.641611239407212,4.15157719515264,342,861,"lec",1,4973.41009137764,98.6790097706586,"word",-0.0240523051491876,0.552362924674526,5.96393266227096,845,861,"lec",1,4797.2742826653
"862",101.059141722255,"word",1.81896073209025,0.132008355110884,1.42532034544274,780,862,"lec",1,4910.75493095479,101.262219316342,97.7267298816566,"word",-2.06313545453317,0.751598499715328,4.85729791456833,682,862,"lec",1,5348.38125414008,"word",-0.127247607938959,0.0476020604837686,1.881258408539,622,862,"lec",1,5296.13525945184,100.407659944794,"word",-1.75751337815586,0.556096301414073,3.72683549998328,746,862,"lec",1,5183.74394316143,101.200069169251,"word",1.11426888826821,0.483825616072863,2.5991089339368,746,862,"lec",1,5037.53848534522
"863",100.67162404194,"word",1.84414286031495,0.111700768582523,1.16976349148899,7,863,"lec",1,4945.7600128812,101.304877397023,97.9244657807747,"word",0.662357387456307,0.352978187147528,9.48536451905966,236,863,"lec",1,5254.18743002064,"word",1.22975110991829,0.38971608877182,6.20062759378925,996,863,"lec",1,5135.943440335,99.7199942946373,"word",-0.0202121540186852,0.432730467990041,3.3705506939441,983,863,"lec",1,5324.90722412883,99.4675316243163,"word",1.04471073140476,0.665259591303766,9.88551593851298,185,863,"lec",1,5088.20555610459
"864",100.828582451268,"word",0.359304955886587,0.449759217444807,6.1739553604275,716,864,"lec",1,4752.9999274547,99.931668224688,100.373131431784,"word",-0.731020196413981,0.0914801396429539,8.89308254234493,270,864,"lec",1,4641.26409094184,"word",0.904634645546672,0.572385520907119,1.06975806178525,335,864,"lec",1,4869.89919300837,98.8530925555234,"word",-1.20649558943003,0.584553427295759,9.66484444215894,309,864,"lec",1,5070.55507661472,101.607761875639,"word",0.172388684915932,0.695374144474044,7.64583961805329,122,864,"lec",1,4660.33215273606
"865",99.6995442373341,"word",0.0562407643054991,0.0370086287148297,4.25685229245573,918,865,"lec",1,5092.47019283304,100.485601751901,99.4931619531354,"word",0.833006845191433,0.574490737868473,0.268517492804676,855,865,"lec",1,4557.57649805523,"word",0.190792532979936,0.212562265573069,5.58228644542396,119,865,"lec",1,4755.55438388713,98.0317987323897,"word",0.948952819161818,0.577467371011153,3.36570212151855,402,865,"lec",1,4747.4402701425,98.3213374625702,"word",0.632457756105564,0.741136295022443,5.40659841150045,614,865,"lec",1,5169.33850812633
"866",99.5237162318027,"word",0.0163643409864695,0.316414171131328,1.02639505639672,483,866,"lec",1,5392.98088109117,99.6618266906525,99.2314726704395,"word",1.00237154855727,0.15459224069491,0.110212028957903,219,866,"lec",1,5332.48278207074,"word",0.636530779880151,0.454265566309914,9.58678190363571,983,866,"lec",1,5142.28032205753,100.173449773035,"word",0.733298355717158,0.542147490428761,0.580392631236464,427,866,"lec",1,4997.63866397519,100.670650152934,"word",-1.42073975474606,0.0898167120758444,2.03251544386148,456,866,"lec",1,4824.98690522671
"867",99.08805806571,"word",0.475763163056829,0.382042561192065,0.788441265467554,793,867,"lec",1,5102.56795670112,100.129221022179,100.827431193166,"word",-0.304013946399728,0.484906350262463,6.53440271737054,406,867,"lec",1,4974.93048065853,"word",-0.0587924463544521,0.742092146538198,1.56240071402863,415,867,"lec",1,4965.06360054074,101.181791347145,"word",0.839594463984639,0.279161469545215,7.64524908503518,558,867,"lec",1,4828.1970377888,101.191115406911,"word",-0.755063569844997,0.55036263470538,8.70945147238672,360,867,"lec",1,5162.50873819236
"868",99.674349020643,"word",0.680165918133421,0.282678496325389,0.408004680648446,340,868,"lec",1,4951.72015576864,100.4514818807,99.7217158125783,"word",1.1949796365477,0.523643038002774,1.63508096011356,137,868,"lec",1,4905.43212992553,"word",1.16173945527949,0.171327602816746,5.56410006480291,436,868,"lec",1,5072.47089477701,98.779816799705,"word",1.21504809352793,0.171277793589979,7.62598857749254,129,868,"lec",1,5095.3960829417,101.020919720028,"word",-1.2133922960014,0.183633100474253,2.95806919923052,260,868,"lec",1,4656.92898403401
"869",99.9652608100241,"word",-1.64183894592444,0.560368373757228,0.987103686202317,31,869,"lec",1,4923.49324588769,99.8570947468767,99.9995254919062,"word",-2.16175005989482,0.737373401410878,7.01343234395608,135,869,"lec",1,4995.97935428442,"word",-1.44051693949324,0.886177841573954,2.11029658326879,344,869,"lec",1,5190.88438084889,99.1705488319734,"word",-1.48882256536332,0.163851604796946,8.3109869598411,45,869,"lec",1,4757.85228386346,100.726116401866,"word",-1.26179472633739,0.597700288752094,2.34432546654716,210,869,"lec",1,5214.44644388146
"870",98.1870954666313,"word",0.872630466164447,0.424690811662003,3.09387202374637,385,870,"lec",1,5060.18968957845,99.1371611423705,100.553515661316,"word",0.640206077339545,0.700409746263176,3.21212615584955,898,870,"lec",1,4927.40566753468,"word",0.251448062719389,0.373165444936603,4.52905753394589,105,870,"lec",1,5078.82771338268,100.250514285933,"word",1.13491979717006,0.215483422856778,7.31754450593144,486,870,"lec",1,4961.82941976314,100.213438686573,"word",0.603204850646594,0.440086730988696,9.13663249928504,515,870,"lec",1,5088.27069237121
"871",97.9532811662874,"word",0.702554496303591,0.884919007075951,3.60863446258008,456,871,"lec",1,4901.50761177377,101.8016249671,100.389607505725,"word",2.23420120875836,0.0991057974752039,7.7563285198994,424,871,"lec",1,5526.79487533541,"word",0.260496644828446,0.493154331110418,6.93436220753938,913,871,"lec",1,5048.21349067593,100.245507622652,"word",0.398654371978465,0.795151793397963,2.11949204327539,422,871,"lec",1,4916.43542081197,101.141495600517,"word",-0.816705152607048,0.822441735770553,8.15158023731783,787,871,"lec",1,4798.68023658019
"872",99.5487553577162,"word",1.54620247318371,0.362658124649897,5.52595690824091,652,872,"lec",1,5143.58097620138,100.185994679678,100.80418425539,"word",-0.902246002394683,0.719116988359019,5.36600979510695,744,872,"lec",1,5226.67641238776,"word",0.855881058752346,0.299522637622431,4.36448461376131,956,872,"lec",1,5147.8785019396,99.8626699674973,"word",0.228418353395595,0.62224189308472,3.91168144065887,739,872,"lec",1,5100.96746833185,101.652021764972,"word",-1.50551177045552,0.108713766559958,3.37504506576806,929,872,"lec",1,4878.86956037438
"873",100.193478701291,"word",-1.02863882866572,0.296506542479619,6.9772712700069,838,873,"lec",1,4929.36593683313,101.738972383106,100.713854997628,"word",-1.67899263797584,0.573211757699028,1.87017598887905,467,873,"lec",1,4982.7532821124,"word",-0.0123736904933772,0.615008554188535,9.11456591682509,881,873,"lec",1,4980.04405715613,98.5231974216366,"word",-0.220457040182329,0.00937066250480711,4.30446311598644,317,873,"lec",1,4836.68122450413,100.991741392058,"word",-0.4611614076979,0.848709979560226,5.14509224332869,150,873,"lec",1,4913.97653806808
"874",100.293455965084,"word",0.318851424862529,0.7045253359247,0.569883475545794,621,874,"lec",1,4966.67855805393,97.9280403105215,100.729565365181,"word",-0.402752004212581,0.50604564929381,5.25876931613311,838,874,"lec",1,4987.96373193651,"word",-0.915746533570609,0.589150192448869,7.28471793001518,264,874,"lec",1,4956.10921221436,99.7924765452563,"word",0.735394955923741,0.691440450493246,5.2991836052388,254,874,"lec",1,4874.84006034538,99.8996368401296,"word",-0.540134590260562,0.513314446667209,8.36743183899671,366,874,"lec",1,4913.60112729439
"875",100.711338076855,"word",0.994867030523515,0.396682915044948,9.27757492288947,415,875,"lec",1,5363.51334720211,99.5411678951232,99.2872117571727,"word",0.687267660830975,0.968023395864293,4.2383655696176,15,875,"lec",1,4939.32508052916,"word",-1.56090698149012,0.419194571208209,1.13851787755266,447,875,"lec",1,5052.33520552975,99.7614132782048,"word",1.55566941545278,0.792614959180355,8.63706475589424,985,875,"lec",1,5438.64172583504,99.8064174270499,"word",-1.06874674976328,0.846918517025188,6.42859143903479,89,875,"lec",1,5038.89805624064
"876",100.715799064905,"word",-0.453351361547384,0.847977933939546,0.816519234795123,196,876,"lec",1,5147.05071598365,101.686991101086,101.432261851365,"word",0.293293868390009,0.14484537160024,7.64140469254926,485,876,"lec",1,5120.23751963345,"word",-0.162805092607187,0.86684841895476,3.50548895541579,765,876,"lec",1,5144.36035329844,99.1899940290687,"word",0.115314181493878,0.589266998227686,5.34110184758902,605,876,"lec",1,4976.91549809586,99.2913044807412,"word",1.07685444762061,0.58428123453632,8.90102488920093,221,876,"lec",1,4598.15294683984
"877",98.878865164782,"word",1.88844486910574,0.415573268430308,1.82071855524555,655,877,"lec",1,5181.95979444928,100.108132421356,99.8432269988581,"word",0.361134142279592,0.713558982824907,5.83174961153418,833,877,"lec",1,5229.74392318612,"word",1.14964022129181,0.197695704875514,0.031948946416378,319,877,"lec",1,5113.16063820302,97.6368622577615,"word",-2.06790161379404,0.148169199703261,9.57191217690706,756,877,"lec",1,5246.24206858318,101.850084262714,"word",-1.35752707392544,0.884480720153078,0.115391814615577,605,877,"lec",1,4825.74037261277
"878",99.6657700595964,"word",-0.308647673466998,0.215240644756705,5.80711235059425,530,878,"lec",1,4973.86538525491,101.236859625792,100.933737074882,"word",-1.30288091324825,0.835077384952456,8.32576212706044,81,878,"lec",1,4897.39403712047,"word",0.422716684160961,0.339451275067404,6.85220151441172,659,878,"lec",1,4801.45758067829,100.007266326999,"word",-0.769151474101526,0.585815815720707,0.182177405804396,65,878,"lec",1,5362.10824496603,99.5190419870057,"word",0.0976152022839829,0.167433106806129,3.86291102971882,564,878,"lec",1,4821.26881041652
"879",99.5162901208631,"word",-0.957956864892381,0.739506783429533,0.774737137835473,605,879,"lec",1,5015.03003447705,98.9311425518014,100.968243124266,"word",-1.02993573154676,0.0768468109890819,6.26805298961699,686,879,"lec",1,5091.66327491188,"word",-0.133189659459122,0.311486409977078,0.390120835509151,452,879,"lec",1,4352.30174416014,101.451469658121,"word",-0.387477169127758,0.470437621232122,1.24382484238595,129,879,"lec",1,5049.39420889951,99.1504580824145,"word",1.32090774315445,0.544794108951464,5.58096709195524,407,879,"lec",1,5113.99509093612
"880",99.2044922853011,"word",0.426522254400364,0.60319372615777,4.78045516880229,836,880,"lec",1,4783.34591732961,100.158413582555,98.7496785467483,"word",0.50857959912678,0.908598553622141,9.47198188863695,688,880,"lec",1,4863.26690864485,"word",0.71351938142118,0.371048770844936,6.93721501622349,755,880,"lec",1,4919.1508109417,100.472494630754,"word",2.38014883095065,0.493102666223422,8.74010600382462,797,880,"lec",1,4443.88313388558,100.92372386848,"word",-0.0402804070816449,0.577782863983884,9.72533776424825,584,880,"lec",1,4958.1894108932
"881",99.5079498827858,"word",-0.44061173426493,0.362495738780126,3.23859514202923,16,881,"lec",1,5003.34865532067,101.819367669527,100.902423781848,"word",-0.423588374840789,0.569182749604806,7.18651160597801,732,881,"lec",1,4748.95776537148,"word",0.43212976111616,0.506952082039788,7.89126006187871,940,881,"lec",1,5246.56843563884,99.9574003909157,"word",0.342254252438325,0.9312365045771,5.47249383060262,669,881,"lec",1,5173.9795774764,100.22224272216,"word",-2.20978716011212,0.0123654385097325,6.68893856927752,784,881,"lec",1,5442.9240941324
"882",99.4612755464976,"word",-0.649166167006214,0.0418830155394971,4.50969903264195,629,882,"lec",1,5376.08246261266,101.367056652664,101.158851696642,"word",-0.603367049229592,0.384066327242181,0.304505589883775,561,882,"lec",1,4991.47220855957,"word",-0.981043551790897,0.453713400056586,8.28825075645,766,882,"lec",1,5099.35502853523,100.104257872437,"word",1.27686343505042,0.271762116113678,6.81806112872437,969,882,"lec",1,4807.77585197727,100.975946960892,"word",0.0706316849988635,0.509481985121965,5.97278772620484,651,882,"lec",1,4905.06054589939
"883",99.1479025949789,"word",0.0492782483204025,0.655820740386844,5.68597133504227,652,883,"lec",1,4986.32795902346,99.6834476560649,100.763247032021,"word",-0.925859567594589,0.113451424520463,9.16699477238581,341,883,"lec",1,4918.04124762796,"word",-0.916671940038651,0.484023469034582,0.51923788851127,676,883,"lec",1,4690.55381560394,99.1906774239238,"word",-2.34906907214558,0.285582019016147,9.84261103672907,777,883,"lec",1,5006.47382988218,100.454276448953,"word",-1.41960778579018,0.819903064751998,1.54909617966041,734,883,"lec",1,5021.72967077952
"884",99.4226408211877,"word",-1.09158269466831,0.461153777083382,6.04592002229765,126,884,"lec",1,4792.92345900243,101.865035259812,100.7268448865,"word",0.195118017099076,0.986016735434532,8.32323225447908,643,884,"lec",1,5041.90000008388,"word",-1.24544882816945,0.897947106976062,0.924762033391744,131,884,"lec",1,5012.39649123169,100.147453639105,"word",1.02166329741169,0.268563001882285,5.00112172681838,77,884,"lec",1,5162.79013548482,99.7901396276762,"word",0.757863561280017,0.29205560660921,5.77403204748407,726,884,"lec",1,5039.84297390285
"885",98.0894999906726,"word",-0.30041208109997,0.677904265932739,5.08574491133913,369,885,"lec",1,4785.97272061475,100.170407949428,99.0149819503207,"word",0.329682468388232,0.29457461531274,4.87354734214023,683,885,"lec",1,4980.43797304051,"word",-0.759635068872947,0.249496708856896,8.08007864747196,417,885,"lec",1,5464.19516749557,100.074017739413,"word",-1.27864327867663,0.833593408111483,4.38368649687618,896,885,"lec",1,4946.44064230772,100.163216700662,"word",-2.04556230354386,0.0159572486300021,5.06773314904422,695,885,"lec",1,4977.95783795445
"886",100.114202440145,"word",0.569887028182442,0.475243258755654,7.62551152613014,570,886,"lec",1,5048.76543251294,100.62656431647,99.6256193290101,"word",0.381743218814057,0.630474812583998,4.9432107899338,93,886,"lec",1,4963.84801758287,"word",-0.0363834412431144,0.273303716210648,9.21972458949313,226,886,"lec",1,4758.61412313297,99.1585096160266,"word",-1.38204438079599,0.519439737312496,8.82172319339588,491,886,"lec",1,5311.53187232955,99.3789747130228,"word",0.435830632230535,0.904867007862777,6.56248487299308,46,886,"lec",1,5216.63699839649
"887",100.785708704055,"word",0.845921335339727,0.124967130133882,8.51253886241466,27,887,"lec",1,5115.81272235185,101.272241428157,99.2926929688392,"word",-1.12338371016218,0.773742395453155,0.95987603534013,604,887,"lec",1,5013.70713000209,"word",0.293963684239185,0.700291961664334,4.42029764642939,627,887,"lec",1,4904.91302832026,100.244251295016,"word",-0.947943300891636,0.202347044367343,7.91555581847206,827,887,"lec",1,5122.79343499223,101.575755163982,"word",-1.23829790828133,0.431275779847056,3.94299903651699,121,887,"lec",1,5165.09293510355
"888",98.347562627335,"word",0.868243726215215,0.357211913913488,4.12240682635456,38,888,"lec",1,5162.89268790934,101.12480366484,100.466154987733,"word",0.0913322237590637,0.524175805971026,4.84569298103452,454,888,"lec",1,5152.25763694633,"word",0.422738098900419,0.679285370744765,4.18919577961788,518,888,"lec",1,4960.5240098997,100.360029675584,"word",1.53055606628522,0.282243256689981,1.97947875130922,187,888,"lec",1,4926.23427477704,98.4816812127106,"word",-1.04064814540057,0.0759809506125748,8.7919365009293,63,888,"lec",1,4853.37550657707
"889",99.5252170702608,"word",0.114935741638221,0.236715427599847,2.70594708388671,582,889,"lec",1,5254.53739036249,100.425227744862,98.4160714551468,"word",-1.12481575434689,0.326900871004909,0.159592148847878,321,889,"lec",1,4794.94114749057,"word",-0.305683454679904,0.122864229837433,1.19389030849561,705,889,"lec",1,4785.84626842877,99.0760773682167,"word",-0.871329445225691,0.537957686232403,2.26562328170985,614,889,"lec",1,4670.50399113887,100.198141700098,"word",-0.0651879975999235,0.0739670994225889,0.567907656077296,579,889,"lec",1,4807.86034550717
"890",100.16326708802,"word",-1.32335140259576,0.750092638190836,6.78929595043883,399,890,"lec",1,4711.46276606122,101.265974859831,99.4905300498471,"word",1.64679369500652,0.765678646741435,7.58073510834947,879,890,"lec",1,5173.15482658912,"word",0.729936916480072,0.169823058648035,1.38552965596318,373,890,"lec",1,5129.43928762348,99.3117311679325,"word",0.327894650208384,0.511369487503543,2.93020027922466,466,890,"lec",1,4876.03734521091,100.442551956628,"word",-2.31187938446854,0.465635048225522,9.78085149545223,942,890,"lec",1,4993.09433650954
"891",100.482208375246,"word",-1.52859403920689,0.0573140892665833,0.271889553405344,81,891,"lec",1,4921.28881155514,99.8278818395958,99.667334995805,"word",-0.474807862824973,0.95603643823415,6.21178118046373,62,891,"lec",1,5225.94809946718,"word",-1.10315998949357,0.432830424048007,1.31441644858569,260,891,"lec",1,5231.35279190077,102.411801945388,"word",-1.28588992206772,0.633419514633715,8.64000133704394,572,891,"lec",1,4952.80840692002,101.080935426088,"word",1.95563448600594,0.914968472672626,5.64776986371726,816,891,"lec",1,4799.31942008878
"892",101.397845630238,"word",-1.14008163302607,0.326521502807736,7.03384415479377,282,892,"lec",1,4841.76992405134,98.8838468048733,99.1311985766783,"word",0.108746086879018,0.0167763091158122,2.81940914690495,335,892,"lec",1,5394.12248050077,"word",0.517960928504566,0.360627482412383,9.48374738683924,347,892,"lec",1,4841.85409896979,101.787462498565,"word",0.0450341625006701,0.429821029538289,9.93616453139111,657,892,"lec",1,5076.01667407888,101.278511562154,"word",-1.13995503244016,0.296173952054232,0.110043217428029,659,892,"lec",1,4964.71575148044
"893",101.668507886218,"word",-1.36753037101898,0.942810929613188,2.81697109108791,153,893,"lec",1,4886.99037853474,100.704790657051,99.5196536456024,"word",0.320375119605621,0.203636836027727,7.8938359208405,228,893,"lec",1,5234.15797619269,"word",-0.375061315845403,0.455794718582183,3.99268574081361,369,893,"lec",1,5293.50821466401,100.949156647637,"word",1.55578500575422,0.308353369822726,7.5138850742951,931,893,"lec",1,4473.44251472185,100.048543217347,"word",-1.32502741082391,0.816053455462679,1.18956368649378,896,893,"lec",1,4743.50498415045
"894",98.7088747196832,"word",0.255990264070489,0.748239959124476,9.40298943780363,134,894,"lec",1,5147.68834952209,99.9462884959843,99.6121918497099,"word",-1.22299644689219,0.408581525320187,3.93635885091498,264,894,"lec",1,5051.07159075657,"word",0.302312938358199,0.346429349621758,6.78329849150032,117,894,"lec",1,5132.81939806636,101.327880670634,"word",-1.66067993830564,0.255122343311086,8.31918192794546,759,894,"lec",1,4879.69552863506,100.989891397744,"word",-2.08589009356799,0.314533456228673,5.86503403959796,653,894,"lec",1,5009.42461896962
"895",99.9828187307029,"word",1.22625358985526,0.986522004706785,5.88728464208543,343,895,"lec",1,4966.5541990283,100.548503759543,101.882638170548,"word",1.58271699150233,0.810618681600317,9.46593777276576,7,895,"lec",1,5110.65513480912,"word",0.46147760973084,0.325513873482123,1.78829333046451,454,895,"lec",1,4912.94061068395,99.635623660905,"word",-1.1884659996906,0.130192406708375,2.58690419374034,872,895,"lec",1,4928.62232974387,99.7117217433158,"word",-0.4878797961271,0.199810781283304,0.226591432001442,494,895,"lec",1,5143.02671510546
"896",100.943057654722,"word",-0.572776702475462,0.992264482192695,6.82382022496313,52,896,"lec",1,5270.34858055763,101.385312600445,98.2327418399761,"word",-0.978963598366098,0.252743053017184,8.4852481354028,91,896,"lec",1,4894.6613692698,"word",-1.05688042793826,0.00612479448318481,8.4552614367567,589,896,"lec",1,4986.60876969244,100.127694972292,"word",-0.282376894762907,0.134814206045121,8.97614639950916,961,896,"lec",1,5098.01583847438,99.3977191696433,"word",-0.557953214967215,0.174047762760893,3.30517211928964,882,896,"lec",1,4839.21819078153
"897",99.6539034065957,"word",1.23999286319896,0.872226270614192,8.06932807667181,542,897,"lec",1,4950.18470755761,100.153786856405,98.5643450399187,"word",-1.30130166439961,0.335202092537656,8.18942092359066,497,897,"lec",1,5112.2895775782,"word",-0.588329389043322,0.533151992596686,9.10073176259175,357,897,"lec",1,4815.16497506423,98.4367496785205,"word",1.12988234474331,0.88407404627651,6.00024238228798,252,897,"lec",1,4882.13470273998,99.285208535736,"word",0.711475895073328,0.889566066674888,7.03719609882683,643,897,"lec",1,5193.97724217228
"898",100.825586413173,"word",-1.41103691826125,0.970863073132932,7.19169071409851,956,898,"lec",1,5162.80676418255,100.864423003385,99.8960307314173,"word",1.40545968391058,0.882810717215762,7.94638300314546,432,898,"lec",1,4903.07774666833,"word",-0.414961205313649,0.102032745489851,3.35101540433243,985,898,"lec",1,4820.53865830164,100.047620269561,"word",0.64649951258761,0.830369803588837,1.8834268511273,865,898,"lec",1,5352.68692875054,96.7432126310942,"word",-0.0145635691514373,0.285197891062126,7.74917997652665,569,898,"lec",1,4894.29207075614
"899",100.958130254278,"word",-0.859433488675692,0.867424891330302,1.48392785573378,310,899,"lec",1,5188.60424246393,100.147250835719,101.179773329003,"word",1.00909776624371,0.766113102668896,9.28104693535715,44,899,"lec",1,4951.45834350048,"word",0.281490918087476,0.874639099696651,5.57270142016932,798,899,"lec",1,5042.26556537493,100.747018528328,"word",1.40487350007824,0.856897898484021,4.87735939910635,952,899,"lec",1,4855.31109134125,101.236259891957,"word",0.241046271385815,0.481091035995632,2.84347640350461,408,899,"lec",1,5060.46374190347
"900",102.018373389866,"word",1.07376580260327,0.480719862738624,3.59893434215337,980,900,"lec",1,4794.4078506113,99.7640858226915,100.982310017714,"word",-0.723022504677458,0.250691470922902,9.7356904996559,77,900,"lec",1,4970.8591288787,"word",0.603123405312799,0.30558399646543,1.57984273508191,9,900,"lec",1,4766.3038040686,99.0482338771878,"word",-0.974100984062555,0.357230096822605,0.555558418855071,627,900,"lec",1,4900.51391683903,98.8325101143345,"word",-1.22161552993999,0.212805406190455,5.77107551507652,514,900,"lec",1,5248.41157699221
"901",99.9115149079883,"word",1.68790298418753,0.119137730216607,9.28483001654968,877,901,"lec",1,4697.45545504788,100.206684387744,102.184229737473,"word",1.63794790886522,0.405825128313154,3.64065447123721,78,901,"lec",1,4954.04213072223,"word",1.1224289840623,0.805351312970743,0.54754117038101,102,901,"lec",1,5145.5761444897,99.8356089608545,"word",0.802087045096798,0.948750559939072,3.326181541197,105,901,"lec",1,4885.08241395845,99.7127390925334,"word",-1.17598293796157,0.732181675732136,3.27016093069687,540,901,"lec",1,4959.18300757787
"902",99.2696426623304,"word",-0.681709988848759,0.563375108875334,5.20312448497862,605,902,"lec",1,4881.13208367109,100.32234690926,99.9915585922897,"word",0.862405401193454,0.37323310226202,1.49045378202572,910,902,"lec",1,4933.21672376203,"word",-0.0507210543464629,0.864039826206863,3.10644669691101,56,902,"lec",1,5138.34722672927,100.749034930847,"word",0.338536974460793,0.555308725452051,7.85077330190688,911,902,"lec",1,5133.17081694443,101.019346774591,"word",-0.64133043784707,0.261597007280216,1.77306764759123,422,902,"lec",1,5009.90866543435
"903",98.6845084145036,"word",0.8049059847066,0.318154866341501,9.91188421379775,413,903,"lec",1,5261.70089659312,100.816995614699,100.400193880277,"word",0.298545444042791,0.340981746325269,3.25747997034341,40,903,"lec",1,5122.33402638957,"word",0.674328442265226,0.709283601492643,0.609834177885205,863,903,"lec",1,4899.12228525847,99.3378055154754,"word",1.0948590450729,0.0435646926052868,3.10674159554765,233,903,"lec",1,5298.97745232897,100.582636798633,"word",1.4212717721544,0.294302415335551,6.95939600234851,463,903,"lec",1,4913.48801838763
"904",98.6622571169474,"word",-0.360656196514089,0.822566031478345,1.05413695098832,232,904,"lec",1,5182.26559539247,100.340363281455,99.3321568186151,"word",-0.573860522218296,0.507215281715617,0.947366431355476,402,904,"lec",1,4993.5845056712,"word",-2.50598503621571,0.529500552918762,3.94890420604497,538,904,"lec",1,5082.19069097639,101.081875922831,"word",-0.160480832491323,0.864057985600084,6.35079147992656,171,904,"lec",1,4986.04537090223,101.734753818169,"word",-0.219654286179385,0.124081673566252,0.659855904523283,604,904,"lec",1,5399.46778575645
"905",102.541279051464,"word",0.605998975276145,0.797690918203443,7.24172472022474,517,905,"lec",1,4620.83312943331,99.3041603282165,98.8317973527407,"word",-0.443005945399152,0.865713364910334,9.71930244704708,177,905,"lec",1,4679.8312995794,"word",-0.348182616891485,0.0685824695974588,3.08361906325445,322,905,"lec",1,5123.21556006282,99.4532162776137,"word",1.35925255976066,0.937552727991715,4.79067518375814,158,905,"lec",1,5020.43933137541,99.8255669185849,"word",-0.190379135611906,0.320132231106982,7.39358298480511,460,905,"lec",1,5072.73889800484
"906",100.285082636052,"word",-0.451847031946601,0.258689114358276,3.26809038408101,888,906,"lec",1,4768.43022687012,100.733926106695,100.716897928061,"word",-0.153120565672775,0.0451485905796289,6.09760056249797,157,906,"lec",1,5393.75808972111,"word",-0.0665422000099194,0.648212593747303,9.10873778862879,114,906,"lec",1,4864.62339799678,100.29601004103,"word",1.34309185326014,0.801631099777296,6.45636692875996,966,906,"lec",1,5071.90507353359,99.6983304142915,"word",1.22903684063348,0.599725609179586,0.571493543684483,482,906,"lec",1,4644.45395126786
"907",100.243832953996,"word",1.20006593469895,0.980058631626889,0.979902651160955,978,907,"lec",1,5021.4421145145,99.0391400169423,99.9100155895774,"word",0.527529750321655,0.892131048487499,6.76076767267659,632,907,"lec",1,5028.87762420827,"word",1.03044424217444,0.442662052577361,2.40918452618644,992,907,"lec",1,5172.62959315667,99.5824457572913,"word",-0.777778846776828,0.117933788103983,2.6706744520925,121,907,"lec",1,5260.91503693957,99.5407701111977,"word",0.470169358622478,0.0200616270303726,6.98407519375905,345,907,"lec",1,5118.96468173998
"908",101.192462875549,"word",1.59811583906496,0.342149542178959,8.50107169477269,299,908,"lec",1,5058.70112910734,101.052083230887,98.6252358716931,"word",2.30047327716209,0.388855694793165,9.57280810223892,5,908,"lec",1,4602.36194526083,"word",1.15424100640768,0.78897892544046,4.007640380878,321,908,"lec",1,5101.23686975318,100.280743995646,"word",-0.141019106216705,0.0166699478868395,9.47707787388936,39,908,"lec",1,4980.1830166909,98.7020774243832,"word",1.52809450329379,0.703649134840816,5.30755416722968,760,908,"lec",1,5322.05562451245
"909",100.022378487362,"word",0.738463728478365,0.254750315565616,8.49071173928678,45,909,"lec",1,4867.03276961914,99.6402180584503,99.1212330822077,"word",-1.52978610342633,0.700536539545283,3.6179798305966,279,909,"lec",1,4912.02894462564,"word",0.263394700647952,0.644945642678067,2.71768413484097,963,909,"lec",1,4911.25925493701,100.51952789628,"word",0.479434836475206,0.183662429451942,2.78314939234406,700,909,"lec",1,4882.32594205023,99.8743408953933,"word",1.29406173858323,0.790171020198613,3.67534787161276,612,909,"lec",1,5099.06310808729
"910",100.325166581134,"word",0.282050133995151,0.313509196974337,1.39239905867726,753,910,"lec",1,5092.96092961556,98.6885404729184,99.6815870326496,"word",2.12740862862052,0.0493374357465655,9.08404806395993,402,910,"lec",1,5005.07119414489,"word",0.815590310047355,0.189773344667628,0.214188653044403,141,910,"lec",1,5072.93726438438,100.174236841192,"word",-0.380905221466888,0.345411013811827,5.09499526116997,510,910,"lec",1,5250.03347735781,99.8467058435961,"word",0.5107841593523,0.00946855056099594,2.9080867790617,607,910,"lec",1,4631.77577826712
"911",100.341117557877,"word",-1.64237198188011,0.809490545419976,7.67018966842443,955,911,"lec",1,5469.6201061897,98.6222191491606,101.01657678647,"word",0.567566108023321,0.743370772339404,7.19373850850388,929,911,"lec",1,4842.46544947532,"word",-2.1712679632269,0.150942094391212,2.63581751612946,223,911,"lec",1,4861.67660846702,100.775240923868,"word",0.0213441773647987,0.0203002081252635,0.329009550623596,415,911,"lec",1,5023.38248268969,101.046246349638,"word",1.71340683900936,0.124449586961418,3.0740641686134,445,911,"lec",1,5132.19064181732
"912",98.9966274211097,"word",0.716935068970814,0.678787641227245,3.90023099957034,219,912,"lec",1,5102.77727147497,100.256610817054,101.79216314677,"word",-0.337304142843451,0.954218852566555,6.20589280268177,363,912,"lec",1,4841.16924537429,"word",-0.103523318712438,0.917503773933277,4.08747357083485,738,912,"lec",1,4916.75399776557,100.317288785545,"word",1.07294869008844,0.248379069380462,1.48927736328915,544,912,"lec",1,5149.97898070861,100.884652865593,"word",2.26368296009616,0.0767848645336926,4.50618437025696,302,912,"lec",1,4681.35156926445
"913",99.4983440223252,"word",0.389056818516351,0.888149734586477,7.95909306732938,791,913,"lec",1,4530.72219058633,101.233824916152,101.70849315897,"word",0.953625945565568,0.772832425078377,3.72502141166478,710,913,"lec",1,5013.50303599665,"word",0.156814767751652,0.0213583647273481,1.17292102426291,744,913,"lec",1,4642.0095631292,98.9883537223316,"word",0.872658897335105,0.715543491533026,0.295360418967903,413,913,"lec",1,5006.46957359595,99.5930482844258,"word",0.390888467026804,0.352771813515574,6.60390100907534,93,913,"lec",1,5221.32224309614
"914",101.153234968554,"word",-1.05384653264792,0.559110710164532,2.61334941722453,516,914,"lec",1,5152.72717199598,100.874811496625,100.43881933962,"word",-0.117288822120819,0.641375381266698,6.34894236922264,422,914,"lec",1,4567.09804266035,"word",-1.74217269513364,0.605952528305352,4.88886150997132,51,914,"lec",1,4958.29856666112,101.242851569037,"word",1.47366185137034,0.396960529964417,1.07040412258357,202,914,"lec",1,4992.67150150863,100.912004916529,"word",1.21222386782541,0.423179511679336,9.95526569895446,62,914,"lec",1,4574.8599569038
"915",99.6593193236638,"word",0.636622162555161,0.832754898816347,4.91182964527979,511,915,"lec",1,4640.19127714257,99.2738394572506,98.2706710410351,"word",1.18467833596186,0.825365685625002,1.00374147761613,293,915,"lec",1,4957.02570135546,"word",1.03245140079224,0.700217001140118,0.923117073252797,143,915,"lec",1,4757.69300637793,100.664716473561,"word",0.294870948012885,0.462843786925077,7.73398144170642,358,915,"lec",1,5234.13094077276,101.481020874551,"word",-0.941551168990409,0.337680300930515,1.21280623134226,120,915,"lec",1,4994.7252187643
"916",99.9313333968585,"word",1.73701010577989,0.3970366504509,7.95973168453202,771,916,"lec",1,5127.70355181534,98.5294588028902,101.059573201376,"word",-0.972199940125699,0.657288698246703,4.22086786711589,718,916,"lec",1,5007.95378666721,"word",-0.242363577697836,0.187951917294413,1.21337776770815,504,916,"lec",1,4649.22567790585,99.7004717769059,"word",0.795336978562435,0.299660302931443,4.4409685395658,865,916,"lec",1,4947.6781145738,100.459376240101,"word",-1.13741576982764,0.735171723878011,8.10124459443614,756,916,"lec",1,4929.04687168193
"917",98.4621142437852,"word",0.661748519318312,0.849209097214043,9.9382288265042,828,917,"lec",1,5815.29507114553,100.214825763941,98.8756922093197,"word",1.81788678262037,0.338620365131646,0.855192758608609,158,917,"lec",1,5571.88014210867,"word",-0.0492746314768082,0.748581966850907,9.36951429815963,994,917,"lec",1,4801.78212675712,98.1975410876962,"word",0.892303361846824,0.0685471293982118,1.82801082963124,892,917,"lec",1,5218.25303149159,101.70220021855,"word",-0.0883353528614837,0.83397337119095,4.24069422995672,984,917,"lec",1,4947.43881102631
"918",99.9452332661371,"word",-0.351910397088837,0.74634295864962,1.38162983581424,476,918,"lec",1,5013.13881683743,100.20092916572,99.5604765165705,"word",-1.29377954405679,0.321036219596863,4.29323567776009,366,918,"lec",1,4789.7116516309,"word",0.49299299241163,0.874396861996502,3.7405584892258,735,918,"lec",1,5263.88164539408,99.8076794298124,"word",1.7713699109441,0.434901267988607,7.73098470643163,353,918,"lec",1,4846.91829852534,99.9274558697474,"word",1.62765983996705,0.269769564736634,9.71539846388623,238,918,"lec",1,4837.50446738143
"919",100.73305936636,"word",-0.313877560148197,0.623981314012781,6.12438171636313,130,919,"lec",1,5144.31950201518,100.292624551229,100.083263878312,"word",-1.55938861486541,0.907280253479257,4.92474901257083,627,919,"lec",1,4658.4072686814,"word",-0.943174752417615,0.557851140154526,6.46868065465242,144,919,"lec",1,4741.56357736133,100.158603606136,"word",-1.19446544072963,0.850998200243339,7.82832635799423,527,919,"lec",1,5108.76213374204,100.347508448863,"word",0.960844996244344,0.298199723241851,9.50990880839527,653,919,"lec",1,4678.41045913636
"920",100.03274630953,"word",1.77897985977067,0.123239423148334,6.46317216334864,780,920,"lec",1,4856.25711097285,101.511358456263,98.5846500476958,"word",1.05559000188165,0.822102067060769,7.80405234545469,169,920,"lec",1,4730.27261704102,"word",0.0714373407750284,0.444943287875503,5.10692124487832,584,920,"lec",1,5145.02044291938,100.027092527536,"word",0.695658384843625,0.392644071253017,2.72949986159801,153,920,"lec",1,5080.09164082803,99.914120044296,"word",0.51922942981809,0.133948130067438,7.42589476052672,611,920,"lec",1,5081.17299391158
"921",98.2510914560674,"word",-1.31405068940386,0.201450586086139,6.16060727508739,426,921,"lec",1,5131.99862686982,101.279578576251,100.800055049823,"word",-0.422041868822729,0.307003753259778,1.56702253734693,461,921,"lec",1,4972.9409539441,"word",0.736262289323973,0.331415255088359,9.6533287060447,552,921,"lec",1,5048.68325145668,98.4318500152816,"word",-0.184365702989449,0.761758846463636,5.22721173241735,305,921,"lec",1,5032.39872182351,101.093808188675,"word",0.299665816750748,0.61432276898995,8.74298224458471,996,921,"lec",1,5282.31503563548
"922",99.296317001652,"word",0.481998879090019,0.51148454239592,5.29521069256589,694,922,"lec",1,4636.62033518967,101.338950608483,99.8329594177351,"word",-1.2891422796821,0.399671309860423,3.91001744894311,967,922,"lec",1,4973.00604968654,"word",-0.573992005915126,0.757798398844898,0.935702533461154,469,922,"lec",1,4883.06300018217,101.482269617998,"word",0.201841825296512,0.228862709831446,4.72537305904552,599,922,"lec",1,4872.89138953073,99.1912164324346,"word",2.43118327571526,0.0590350325219333,4.19250273844227,959,922,"lec",1,4808.58170523136
"923",101.772836594136,"word",1.02385169411583,0.259209795156494,0.0747810560278594,766,923,"lec",1,4991.90907766921,99.0000831301895,99.9934379367775,"word",-0.0118738607765071,0.303505240241066,1.35586823802441,229,923,"lec",1,5365.67637516635,"word",1.0079007642593,0.410876792157069,9.37394497683272,810,923,"lec",1,4957.76382889929,102.73996578386,"word",0.635498505695042,0.459298525704071,6.42480238340795,771,923,"lec",1,4997.26323817845,100.834322600759,"word",0.348614361710994,0.849845792166889,2.84059658879414,972,923,"lec",1,5106.97872362322
"924",99.3918837649167,"word",1.32674525170308,0.615881316596642,9.83427695231512,292,924,"lec",1,5218.14099061098,100.996663805586,100.734823467861,"word",0.325263299352397,0.405130987754092,4.25631569232792,242,924,"lec",1,4630.9461212193,"word",-2.33876512465542,0.360548404278234,3.03651347290725,838,924,"lec",1,5137.85791555929,98.9834323082224,"word",0.470845994584805,0.80649680737406,1.94725761190057,825,924,"lec",1,5276.36210587948,101.163792875761,"word",-0.75954641291279,0.573143685702235,4.17170332977548,817,924,"lec",1,4718.18556607194
"925",100.823925120596,"word",1.07217193497205,0.646676870761439,7.16763972304761,32,925,"lec",1,5058.17896348072,99.8190185305526,101.505980600974,"word",0.634180861061163,0.220342233777046,7.85837126662955,973,925,"lec",1,4967.6024499949,"word",-0.875525481555876,0.43890679301694,2.0773291005753,231,925,"lec",1,5195.19044839342,100.74997494501,"word",0.43743639974427,0.578765560407192,2.21432457910851,541,925,"lec",1,4897.87244151648,100.829452461567,"word",1.33161832125333,0.626045391196385,7.65584123088047,245,925,"lec",1,4790.04746182503
"926",101.233707579235,"word",1.43916368753742,0.249074847903103,4.04601426795125,389,926,"lec",1,4995.3345704017,100.445731550867,100.02621831685,"word",-0.767367196703542,0.277610005112365,7.3449699068442,496,926,"lec",1,5136.36063360053,"word",0.258012559758729,0.916669210651889,0.987139272037894,219,926,"lec",1,5320.2592971693,99.0989683437404,"word",0.834969419123163,0.108585021691397,4.15181654272601,603,926,"lec",1,5099.63977566956,100.607683198191,"word",-1.182036200295,0.423290379811078,1.71071615302935,774,926,"lec",1,5036.15575883609
"927",100.011724362647,"word",1.55483997179162,0.731107115512714,3.23377410182729,75,927,"lec",1,5459.63759382166,99.8655349071618,100.235187039413,"word",-0.637372399637279,0.390421242918819,3.51998943369836,855,927,"lec",1,4906.02581422865,"word",1.35775915984644,0.180003927322105,5.91526436619461,988,927,"lec",1,4740.78508967798,100.017636175528,"word",-0.143737985163101,0.50074845761992,2.72203058702871,122,927,"lec",1,4945.97754339321,100.610446230716,"word",-0.577619059045989,0.734512774739414,3.44320375472307,185,927,"lec",1,4870.45908798575
"928",101.141140397837,"word",-0.754707093284797,0.799620090518147,6.70896968338639,474,928,"lec",1,4696.20333059291,99.5275691521378,99.3815992174257,"word",-1.64385014308891,0.828326308168471,6.66609620675445,140,928,"lec",1,4506.39075700004,"word",0.209367042924096,0.260088350623846,6.9357583927922,174,928,"lec",1,4968.92906121658,100.216198024906,"word",0.0916059187421221,0.0899430869612843,3.00835795002058,460,928,"lec",1,5273.15264613324,99.6595360301995,"word",0.460769611481434,0.629271056735888,7.41258644964546,293,928,"lec",1,5014.61777468832
"929",99.8615377264256,"word",0.246530602118101,0.933308056555688,8.01427345722914,573,929,"lec",1,4816.77821347436,100.549274242214,99.94952319983,"word",-0.353183192462746,0.717608613194898,2.93235927121714,556,929,"lec",1,5011.40306542416,"word",0.393507885252084,0.115223112748936,6.80922420462593,638,929,"lec",1,4980.02113266977,100.261636519457,"word",0.915325356815335,0.219887081999332,6.81181109510362,154,929,"lec",1,5117.14959188001,100.611891948362,"word",-0.608891174956472,0.340066432254389,1.28769923001528,85,929,"lec",1,5031.19763174312
"930",101.021833770707,"word",0.0993603353311024,0.495871847961098,1.31150286877528,990,930,"lec",1,5070.28366639007,98.8638474151675,100.171769697347,"word",-0.194033092358262,0.574816044885665,7.87850211141631,179,930,"lec",1,5079.40732922179,"word",0.340162210448743,0.746088513638824,5.79925659578294,270,930,"lec",1,5161.89432892688,99.515532935458,"word",-0.562284446863548,0.178436817601323,3.98176052374765,572,930,"lec",1,5105.14352078591,99.9316415348103,"word",-1.33065377673122,0.312901324825361,7.49281960073858,951,930,"lec",1,5157.29954172942
"931",99.6910251023614,"word",-0.228073192250038,0.941270596114919,9.29695455823094,57,931,"lec",1,4549.51755195334,99.890082760369,98.6754425884837,"word",-0.218550481938345,0.822324842214584,6.18419526377693,927,931,"lec",1,4731.12732879567,"word",0.714961517771453,0.569159429753199,8.20212497841567,266,931,"lec",1,5321.91834475617,98.8660135986266,"word",-0.235255086338732,0.797519098501652,6.01357741514221,506,931,"lec",1,5013.17798166265,99.8426056166476,"word",-0.167635367732861,0.573708292096853,5.41864721570164,226,931,"lec",1,4544.19152638251
"932",100.368682884946,"word",1.83920978020545,0.580815821653232,1.7484392086044,677,932,"lec",1,5100.36078545874,100.695183034186,100.917442671049,"word",-0.496254200852759,0.456707837060094,3.7550627370365,359,932,"lec",1,4694.18485142146,"word",0.0603482074466196,0.110095877666026,5.75972496997565,179,932,"lec",1,5300.2715265656,102.535578927848,"word",0.980995057783431,0.991216592956334,4.8368967929855,534,932,"lec",1,4973.58565030624,100.722897387449,"word",1.40358982290785,0.192789046792313,1.94765727035701,282,932,"lec",1,5084.20249718046
"933",99.4361100805372,"word",0.225032755200192,0.53134009684436,1.34764357469976,466,933,"lec",1,5342.70410890575,100.49292286546,100.285299367479,"word",2.88742119304037,0.961008695885539,3.27828551176935,502,933,"lec",1,5109.6253837695,"word",-0.962681206254582,0.760752231813967,7.31512398459017,779,933,"lec",1,4749.54072129155,100.001192206033,"word",-2.26545738106272,0.997292062733322,4.51755399815738,519,933,"lec",1,5237.97446787495,99.787220780747,"word",-0.572116261034086,0.601207031169906,9.97593721374869,427,933,"lec",1,4754.07043138665
"934",98.7843367136251,"word",-0.882575191894654,0.104303637519479,5.96727293916047,825,934,"lec",1,5143.7212406878,99.7428099614404,99.2420887441293,"word",-0.900344219714308,0.323530093766749,2.0131099387072,362,934,"lec",1,5094.97137102835,"word",-1.49909986522383,0.456095586996526,6.62490030750632,548,934,"lec",1,5071.55720224203,101.135678532357,"word",-1.57373175776922,0.107858441071585,1.22806263156235,144,934,"lec",1,4742.79789221768,99.1461831096305,"word",0.462089863095178,0.321195289026946,7.17246587388217,451,934,"lec",1,4780.06769156054
"935",100.386931867073,"word",-0.333085368738806,0.468352823518217,0.572763690724969,911,935,"lec",1,5167.19049445104,98.9986646899137,100.822979039651,"word",0.667606013070336,0.0306949717923999,5.76347089372575,757,935,"lec",1,4795.79681791389,"word",0.57705247925142,0.0431173567194492,7.67589500173926,124,935,"lec",1,5028.7464408015,99.5437660538285,"word",0.0760679667557991,0.659205001080409,9.00885745184496,7,935,"lec",1,4839.85561688857,97.9721226962516,"word",1.87145659154868,0.717333569657058,9.15263090515509,325,935,"lec",1,5030.46081448929
"936",100.820254943973,"word",0.617790888810471,0.0712043296080083,5.52166945533827,142,936,"lec",1,5026.10516493628,100.632717813707,98.6349798900016,"word",1.03729932990106,0.361255798721686,9.59517615614459,708,936,"lec",1,4979.93428902332,"word",0.774250602136987,0.857483346946537,7.01714593684301,556,936,"lec",1,4893.08918121642,99.9743818170894,"word",-0.982204175141865,0.595530805410817,5.7537888083607,280,936,"lec",1,5216.80182396719,100.37757934187,"word",0.0211414329267698,0.635366890346631,2.73827119963244,435,936,"lec",1,5283.32878794948
"937",100.156910429966,"word",0.243758811320622,0.327242069644853,4.19374399119988,50,937,"lec",1,5097.15467371788,100.818479827705,100.545503640064,"word",0.422550891710686,0.159455850254744,2.39314752630889,375,937,"lec",1,4899.92298254035,"word",0.37313354379332,0.681929987389594,9.76307356730103,232,937,"lec",1,4943.17183454308,99.191787387878,"word",0.234200637619265,0.726679164450616,7.66817210242152,973,937,"lec",1,4816.9847482867,101.328582491126,"word",0.669856867332522,0.717999605229124,4.9295542598702,549,937,"lec",1,5392.0720762587
"938",99.8625727288389,"word",1.83323343324894,0.280604108469561,4.58717070985585,272,938,"lec",1,5207.17733110674,100.116096230727,98.7686198259364,"word",1.16120486712183,0.68875044467859,9.50954400235787,727,938,"lec",1,5087.23841032959,"word",0.68779548273168,0.552617022534832,4.51147080166265,83,938,"lec",1,4907.3978928918,101.662449506517,"word",0.837171346737039,0.119979417184368,7.15764959109947,490,938,"lec",1,5121.13818957652,100.840240489396,"word",1.20274532201365,0.626498306170106,3.95906338933855,147,938,"lec",1,5079.05721845003
"939",98.9087108309134,"word",1.80077429516382,0.069830470951274,0.659299325197935,657,939,"lec",1,5255.95486027214,98.3663898638952,100.518238394495,"word",-0.738360508917763,0.951883506961167,1.06000673025846,156,939,"lec",1,5217.58139595851,"word",0.00267513895432659,0.213059951551259,4.55239058006555,143,939,"lec",1,5392.70547737436,98.3426998138767,"word",-0.46173686209931,0.222192472778261,6.80535329505801,508,939,"lec",1,4997.33012717878,100.688075212339,"word",-0.713645130814053,0.739045702619478,2.55485246656463,361,939,"lec",1,5014.20311402629
"940",99.4373436437344,"word",1.08643895633303,0.752785224700347,3.94618124002591,108,940,"lec",1,5003.33274186766,99.919748791025,100.534241411627,"word",0.463286826739315,0.227409650338814,1.35173679096624,404,940,"lec",1,5098.3206247168,"word",-0.620962805461628,0.966495399363339,8.74802916776389,304,940,"lec",1,5072.63822906623,100.925382246518,"word",1.56437755157056,0.311276221415028,0.766559296753258,876,940,"lec",1,5165.84410281989,101.515244965004,"word",0.141810398761864,0.34753672988154,5.29161397833377,247,940,"lec",1,4500.5420580051
"941",102.320152902175,"word",0.954721908445801,0.373664284590632,2.70065941149369,466,941,"lec",1,4811.80442471357,100.425197778346,100.252446831845,"word",-0.83201397433125,0.825426811585203,6.40329588204622,752,941,"lec",1,5054.63126037623,"word",2.38090170545784,0.855214826529846,4.83275539474562,400,941,"lec",1,5021.68272281096,98.9441953286776,"word",-0.6304668814607,0.765576336765662,8.8234555744566,347,941,"lec",1,4834.0490103841,100.650215910819,"word",-0.535643002678826,0.0108457270544022,0.803167533595115,881,941,"lec",1,5055.86255012988
"942",98.8093657614073,"word",-1.00808134048278,0.989751133834943,8.82960641290992,774,942,"lec",1,5161.87534569508,100.687531079081,99.4073974915092,"word",-0.0268902501957081,0.287331500090659,3.56281980173662,552,942,"lec",1,4775.43117871269,"word",-0.996951686516057,0.310250106733292,1.16972086951137,441,942,"lec",1,5204.15324746711,99.2854504285915,"word",-0.348764476865553,0.980804896913469,0.486701827030629,584,942,"lec",1,4962.95916139711,99.8920479266667,"word",0.387010423342898,0.983673169510439,9.5538499369286,514,942,"lec",1,4989.61698998474
"943",100.220131464568,"word",-1.53885149858725,0.640663656638935,9.0747390431352,74,943,"lec",1,4929.56041877666,100.175645519675,100.562796063289,"word",0.232486126196826,0.00352312671020627,4.04674992663786,490,943,"lec",1,4707.23820492518,"word",-0.584899114850413,0.154188320040703,9.85273103928193,888,943,"lec",1,4796.18787914214,100.012559199217,"word",0.817886572745697,0.689898409647867,1.91250364063308,250,943,"lec",1,5049.19550377115,100.169684730486,"word",0.377664630350551,0.41218682564795,0.0156756234355271,741,943,"lec",1,5029.43714155484
"944",99.9335758114476,"word",-0.00476185384429998,0.238407404860482,5.37700833752751,696,944,"lec",1,4825.01167706342,98.4192789343324,98.7631492511102,"word",1.38954610286257,0.191358521580696,3.39294345118105,95,944,"lec",1,5009.39019881544,"word",-0.168851327950368,0.693804030306637,7.4119282932952,761,944,"lec",1,5111.45176774897,100.254965548315,"word",-2.02957443269756,0.359857999021187,7.65027798013762,955,944,"lec",1,5219.4171223467,100.263839064004,"word",-1.25456876069442,0.708788036601618,0.967896319925785,230,944,"lec",1,4959.35750714664
"945",99.6579137329336,"word",0.441417354505152,0.647154410602525,4.94875422213227,248,945,"lec",1,5288.18884203417,98.911797208232,100.952018424524,"word",-0.621157745188884,0.220404439605772,6.82410879293457,89,945,"lec",1,4968.6595429428,"word",-0.68827660338566,0.885135723510757,6.25043865526095,963,945,"lec",1,4847.31106619544,103.593201291422,"word",0.301000386063285,0.132542985724285,3.14407489029691,248,945,"lec",1,4881.57702154756,100.924170558707,"word",-2.01912611108779,0.812160825356841,9.21635045902804,204,945,"lec",1,5164.5396009437
"946",100.449251634496,"word",-2.05051522775908,0.248890985967591,7.480523805134,78,946,"lec",1,5222.05490254595,99.8744914655612,99.9883042024831,"word",1.30176499205743,0.519277539802715,3.27040698612109,177,946,"lec",1,4939.04403873342,"word",-0.322705703183183,0.188815239118412,8.67651721928269,531,946,"lec",1,4850.8725030313,99.0619903141375,"word",-0.453544263963864,0.713982454268262,8.41063316678628,860,946,"lec",1,4896.5066639678,100.233416028578,"word",-1.57729529014072,0.595984507584944,2.19687320059165,686,946,"lec",1,4997.99021441606
"947",99.0741970960587,"word",0.28759620303906,0.552956412313506,8.59038702910766,537,947,"lec",1,4761.17289553506,99.1174312623303,97.2678383223738,"word",-1.65398279623421,0.121712996158749,3.06160995038226,839,947,"lec",1,4857.94204792597,"word",-0.51865080731373,0.797286091372371,4.41836535930634,726,947,"lec",1,5137.60362776363,98.4807779878955,"word",1.02913061402005,0.355223294114694,7.54462080309168,461,947,"lec",1,5124.79856952575,98.8825256057814,"word",-0.0424153821143398,0.35330203268677,5.93622300075367,106,947,"lec",1,5065.22166648033
"948",98.8825879048549,"word",-0.104540234331732,0.775124998763204,8.12071559252217,115,948,"lec",1,4816.6802387986,99.3946516009834,98.1439389737024,"word",-0.185374106248923,0.0221872448455542,9.10106817260385,240,948,"lec",1,5404.94577893804,"word",0.212329043200882,0.616222499404103,3.60651669558138,402,948,"lec",1,5018.12543882398,99.7179438376582,"word",0.43061420839888,0.378596452530473,8.66636141436175,940,948,"lec",1,4926.8052710769,98.7023335938215,"word",0.341928885209875,0.198073080508038,7.88729064166546,326,948,"lec",1,4548.3502526252
"949",98.4253683307993,"word",1.18035869316633,0.710029285866767,8.75534838531166,741,949,"lec",1,5072.40261770614,99.5143346410666,99.8496338801588,"word",-0.736113716219701,0.440174143761396,0.859115778002888,896,949,"lec",1,5061.16415392293,"word",-1.76166440824158,0.171350768534467,5.07518298458308,558,949,"lec",1,5020.83789925976,100.040987554689,"word",1.20799152922673,0.832905736286193,6.86212909640744,471,949,"lec",1,4952.90991587601,99.7598352358034,"word",-1.20314726023243,0.633837834699079,8.36765666492283,423,949,"lec",1,4868.23329926513
"950",100.310950830597,"word",-0.693538405112259,0.396635250654072,5.95010087825358,180,950,"lec",1,4850.91134475021,100.142413087873,99.51773331809,"word",-0.573594373371599,0.498229847988114,7.76920997770503,900,950,"lec",1,5135.1122879294,"word",-1.15648749644489,0.410509974462911,9.98195163905621,545,950,"lec",1,4945.81559359482,99.2832276831287,"word",-0.359939836254013,0.376834728522226,3.38890739483759,715,950,"lec",1,4645.53723640466,99.546581274735,"word",1.20522167714217,0.948942758142948,7.37005535047501,837,950,"lec",1,5132.9443890374
"951",101.104267219408,"word",-0.85827545980811,0.282560232328251,0.293070569168776,77,951,"lec",1,5036.4681261575,99.3278647943646,99.4249536702302,"word",0.0999966436509978,0.923067203024402,4.20762581052259,588,951,"lec",1,4925.37888907289,"word",-0.719598102855552,0.391999547835439,3.64123409148306,466,951,"lec",1,5184.49381912787,100.613689762164,"word",2.70706419032909,0.461668307660148,4.88441295223311,60,951,"lec",1,5103.23728294173,99.5242459646363,"word",-0.527186665276907,0.972568157827482,1.61477860528976,555,951,"lec",1,5140.74907626598
"952",100.382764131537,"word",-0.511752252047038,0.0804111745674163,4.54630630323663,929,952,"lec",1,4772.35058323951,99.962727062686,101.396829740569,"word",-1.34046923612158,0.156044877832755,9.60125197889283,3,952,"lec",1,4847.941641064,"word",0.0280354867896216,0.401550802169368,0.369975699577481,105,952,"lec",1,4890.8771808709,101.020299316232,"word",0.296282321440774,0.315278777852654,0.849590604193509,969,952,"lec",1,5095.56429899274,98.0764819481111,"word",1.58493993999005,0.674972475972027,5.2366951527074,667,952,"lec",1,4774.75205657847
"953",101.219279540962,"word",-0.891056626676972,0.160294022411108,1.92510547116399,723,953,"lec",1,5080.57695002483,100.281013863985,100.22453173486,"word",0.979376989530941,0.66459919931367,9.17230520630255,121,953,"lec",1,4986.94072792972,"word",-0.291521535398476,0.730069215642288,9.77109255502,454,953,"lec",1,5267.95750823766,98.7100271823087,"word",0.755963159377452,0.864295464940369,2.21197901992127,790,953,"lec",1,4948.6600163882,100.39991234705,"word",0.321287031400147,0.546569313621148,9.94414017302915,464,953,"lec",1,5380.73085885178
"954",97.6327056241645,"word",0.14584510091972,0.256650385679677,5.72014240082353,305,954,"lec",1,4514.99011109005,101.743925727562,100.539560824724,"word",0.529799617243352,0.121411253931001,4.47316692676395,78,954,"lec",1,4951.58156552427,"word",0.345014382107695,0.865938942646608,4.01377361034974,217,954,"lec",1,4954.41035975341,99.5039722661651,"word",0.802326552802681,0.149847048334777,1.53677506139502,57,954,"lec",1,5362.92344482133,99.4086748287501,"word",0.866566004888999,0.00649389601312578,4.51675823889673,821,954,"lec",1,5278.06296094722
"955",100.307046256564,"word",1.41297102613087,0.66424995334819,5.7031018845737,428,955,"lec",1,4829.09786032694,100.823480554207,100.794102399529,"word",-1.0123571638266,0.234848658088595,8.06528453947976,108,955,"lec",1,5070.41358419298,"word",-0.33854818436472,0.902707284316421,6.4948276639916,602,955,"lec",1,5365.34845517169,99.9753296217681,"word",-0.499442405276392,0.118677248014137,3.98002612171695,762,955,"lec",1,4892.49936765963,98.5832824701358,"word",-0.86562641907373,0.677774494281039,2.37668542191386,179,955,"lec",1,5041.78611856205
"956",99.5995211671708,"word",0.0588147971134278,0.0482558035291731,6.4906713902019,108,956,"lec",1,5073.94016057543,100.031306912523,99.4575613263743,"word",-1.93568002669022,0.586964258691296,1.91047721775249,368,956,"lec",1,4771.8976639169,"word",-0.682945979447651,0.901604680111632,7.181695131585,659,956,"lec",1,4889.39846303452,100.772021502234,"word",-0.04900350114443,0.911885658279061,4.91214345674962,880,956,"lec",1,4725.31958024504,101.719061708284,"word",1.30355919405355,0.912454084027559,4.70677277306095,499,956,"lec",1,4971.97579823286
"957",100.518259089253,"word",-0.197135505019823,0.563774897716939,9.76984241046011,751,957,"lec",1,4973.83845687751,102.206979488803,100.675818344744,"word",-1.05332266545762,0.585603641811758,1.16261841729283,451,957,"lec",1,4755.26231643424,"word",-1.21219367613191,0.3899528067559,4.65175578836352,547,957,"lec",1,5119.63305424644,101.103891791825,"word",-0.503581634846106,0.925153893884271,3.58937351731583,391,957,"lec",1,5054.44902616832,100.037605884258,"word",1.56940720925634,0.360925765475258,2.95136866392568,319,957,"lec",1,4948.57355442425
"958",99.0890684590928,"word",0.466518936847224,0.745805564336479,8.7122314167209,5,958,"lec",1,5223.00753416193,98.7788480873283,100.368234669393,"word",0.618363965537958,0.113384348107502,9.44937558146194,724,958,"lec",1,4970.74794402853,"word",-1.17250788212078,0.469747841591015,7.43617121130228,322,958,"lec",1,4623.55422435213,99.7577066541039,"word",1.11357059149661,0.180376682896167,8.50810683798045,956,958,"lec",1,4774.33814203376,102.438352312192,"word",-1.09196261804429,0.424921924713999,1.4750461676158,723,958,"lec",1,5474.21710176752
"959",101.417502805584,"word",0.114780115247285,0.0139889779966325,2.6071078912355,383,959,"lec",1,5100.37215508295,99.2560933807099,100.780251339288,"word",-1.52451030078975,0.555010375101119,2.66542084515095,63,959,"lec",1,4843.13114642814,"word",0.148939505568168,0.147664377233014,4.98289118753746,97,959,"lec",1,4957.69325170265,99.7482811677684,"word",-2.31844729880304,0.831037944648415,6.9748577196151,747,959,"lec",1,5301.16306373159,99.2712697594189,"word",-0.214235988086827,0.935005377512425,3.02920460933819,728,959,"lec",1,4971.45779646171
"960",100.561360908375,"word",-0.260474042811378,0.448761701118201,7.28194752940908,50,960,"lec",1,4423.07270466669,99.3441881358923,101.854697061368,"word",-0.579868371782583,0.944217064185068,5.97446767846122,636,960,"lec",1,4735.25232172571,"word",-0.987135536238931,0.680001664441079,9.97897223569453,990,960,"lec",1,5007.9501281545,100.577124049847,"word",-1.78380902204854,0.224425974301994,8.57514810981229,553,960,"lec",1,5067.27562128559,100.448224960306,"word",0.156599813739584,0.19088463135995,8.42840584460646,708,960,"lec",1,4712.94712798928
"961",102.124556398986,"word",-1.76412637337518,0.673895529238507,3.86977934511378,578,961,"lec",1,5046.050662634,101.561714242515,99.2088429503574,"word",0.767876069586917,0.086910525104031,6.08398069860414,305,961,"lec",1,4894.28252108756,"word",1.90220831452409,0.995952037163079,3.28996303025633,850,961,"lec",1,5137.3271306503,102.350263707583,"word",0.345876622685482,0.147822797764093,5.84740934194997,265,961,"lec",1,5062.49860899653,99.2897909237626,"word",-0.337477238824086,0.962068150518462,7.84125084290281,325,961,"lec",1,4729.64075627398
"962",100.306026652092,"word",1.07773574401549,0.694109801901504,0.222689232323319,289,962,"lec",1,5029.75103832965,100.029409491178,101.299945424671,"word",-1.20946458070446,0.486102511640638,9.00230918079615,602,962,"lec",1,5030.52347390951,"word",0.291184443133717,0.284203365677968,1.11019442789257,466,962,"lec",1,4958.58545338836,99.9242691869238,"word",0.702332232803198,0.725059043848887,1.79735871497542,568,962,"lec",1,4846.6874588673,98.8826309087125,"word",1.61017990245287,0.898659933358431,5.17624545376748,835,962,"lec",1,4933.23733278323
"963",99.4475707904693,"word",-1.1733604904837,0.156367495888844,5.17684164457023,486,963,"lec",1,4913.06616966837,100.512083285242,98.8514807493077,"word",1.72107145742279,0.365310436347499,0.0664572417736053,627,963,"lec",1,5155.1832435232,"word",-0.638152785585085,0.832328104414046,4.22010733280331,680,963,"lec",1,4618.50220382866,100.628093197976,"word",-0.813262528576741,0.535258858697489,5.12065328424796,267,963,"lec",1,4842.61115396253,102.222742638295,"word",0.056084890345146,0.315692947013304,3.26176769565791,220,963,"lec",1,4812.29487483953
"964",99.3070459668909,"word",1.67127311159076,0.783229097025469,9.71248068381101,979,964,"lec",1,4903.26626946523,98.7905582955144,101.567989525852,"word",0.866645766251893,0.391054967651144,5.69312623236328,451,964,"lec",1,4771.38477701913,"word",0.554703661060448,0.557372050825506,0.683593261055648,237,964,"lec",1,5059.70793435798,99.8457909374451,"word",0.432634242305436,0.514612535713241,5.72251071222126,173,964,"lec",1,5325.5702712837,99.8652153596721,"word",0.00920592711931696,0.108071313006803,9.50649441918358,373,964,"lec",1,4735.6009507484
"965",99.5070552743649,"word",-0.658879861062172,0.999921830138192,1.7317818920128,976,965,"lec",1,4795.79404149259,98.9793655920915,97.9097629655128,"word",2.22376694167881,0.286549983080477,2.16773031046614,708,965,"lec",1,4879.14981793579,"word",-1.30845148183721,0.938769654138014,6.14405178464949,370,965,"lec",1,5486.24243881042,99.2215875570443,"word",-0.538601036559621,0.582423036918044,8.38862023316324,166,965,"lec",1,4809.06581467406,99.4843407605241,"word",-2.19114440984491,0.760785352205858,8.60040183644742,776,965,"lec",1,5046.63235553457
"966",98.703961160094,"word",0.917386100633029,0.122074739309028,6.94491787813604,179,966,"lec",1,4999.23485938951,100.625278823441,98.9941230930562,"word",0.896946244777898,0.012800824129954,6.94316122215241,156,966,"lec",1,4989.59225546326,"word",1.57143807159562,0.158917222870514,5.56205620290712,261,966,"lec",1,4492.80476265212,100.592162586776,"word",0.766132992575171,0.882670642109588,5.78749554464594,682,966,"lec",1,4960.09801326252,99.971852647297,"word",-1.16920926347339,0.741790090454742,3.84092023130506,891,966,"lec",1,5093.35652709723
"967",99.8360220026879,"word",-1.65653955066311,0.639315609820187,6.43496264703572,658,967,"lec",1,5201.74395447152,100.239695877093,99.9177120665173,"word",0.779610989733947,0.954686215380207,4.06974159413949,417,967,"lec",1,4986.63847489495,"word",0.150235673245963,0.204564921325073,9.2090578074567,425,967,"lec",1,4916.54423045246,100.050647950339,"word",0.134327266195129,0.324072438292205,2.68864885903895,16,967,"lec",1,5165.04753644044,101.257067545869,"word",0.876201972269763,0.274453462101519,3.73323931358755,656,967,"lec",1,5064.10764679058
"968",101.967916593904,"word",-3.2959535627741,0.151328094070777,5.7546787825413,723,968,"lec",1,5016.3795376889,98.6871198626777,101.347734594772,"word",0.354257693306526,0.958465804345906,8.06831685826182,808,968,"lec",1,4797.58330735694,"word",0.84271068182743,0.562243886990473,1.99181667529047,289,968,"lec",1,4805.00748323971,98.8077179729854,"word",1.66372743735655,0.995672052027658,8.18568884162232,764,968,"lec",1,4942.64598136017,100.222977229159,"word",-0.792245186994072,0.738144542090595,4.50790708884597,932,968,"lec",1,4991.24909237109
"969",100.280983010276,"word",2.76684029223863,0.964103211415932,3.16405766876414,561,969,"lec",1,5342.56089394963,102.630044963209,98.5563703112357,"word",-0.984495204907782,0.0189094238448888,5.36446186248213,710,969,"lec",1,4948.27583792752,"word",0.377240746489122,0.443029718939215,9.22294998308644,225,969,"lec",1,5094.08515096335,101.36545116013,"word",1.16473523534891,0.73750061984174,4.82288314960897,163,969,"lec",1,4737.29331390084,99.8567886764647,"word",0.447992286339427,0.744835990481079,1.60823237616569,580,969,"lec",1,5087.56219470166
"970",101.744160228782,"word",-0.328159442982655,0.622223694110289,1.59046950517222,157,970,"lec",1,4945.9345247324,101.816791042567,99.4579251778203,"word",1.84236699214635,0.704138074535877,5.54053081665188,202,970,"lec",1,4919.97365909783,"word",0.351681022875761,0.911181629169732,1.38082062825561,484,970,"lec",1,4784.66498145273,99.6814834141667,"word",0.16072895350282,0.146498665679246,8.60104003222659,272,970,"lec",1,5041.64771347199,99.706714477081,"word",-0.500310411389059,0.187450045719743,7.94695359189063,623,970,"lec",1,4962.39038174573
"971",99.1611569022135,"word",1.17806242771077,0.299816070822999,9.67459796695039,309,971,"lec",1,5209.4223948299,101.915590868697,100.372367654303,"word",1.03857939947937,0.577215876197442,1.16002301452681,300,971,"lec",1,5204.1780197961,"word",1.09510159442392,0.667648069327697,9.21014197636396,254,971,"lec",1,5066.98890383581,98.0086436472813,"word",-0.989422006174806,0.674849591683596,1.83315058471635,403,971,"lec",1,5077.3986187573,99.3473630536436,"word",1.19098614097318,0.470702074700966,4.48346480960026,256,971,"lec",1,5068.59172147165
"972",99.0621310161291,"word",0.0657500375573164,0.596201300388202,2.99684211844578,405,972,"lec",1,4587.31632899344,100.890553704258,98.8190844388188,"word",-0.18961232039602,0.964517737738788,8.059818954207,129,972,"lec",1,4812.57620557464,"word",0.0440486687917797,0.995167352026328,3.51013935171068,497,972,"lec",1,5404.05172975169,98.4873928322104,"word",0.59554009553451,0.747233100468293,1.41222006408498,747,972,"lec",1,4840.83791754263,100.733378843704,"word",0.712277998841979,0.388614544877782,8.71698246570304,990,972,"lec",1,5175.2316977981
"973",99.3319275298182,"word",-1.277570165568,0.648655965458602,4.91114426171407,616,973,"lec",1,4690.39767217898,100.111333992213,98.0910870537589,"word",1.24188784636032,0.490756695857272,5.22200607694685,848,973,"lec",1,5149.29489688275,"word",1.88160831266795,0.365694250445813,5.07339167874306,3,973,"lec",1,4964.18043364971,101.476716860148,"word",0.59748359584003,0.923231806140393,1.76582196494564,418,973,"lec",1,5013.43462835473,99.081507284136,"word",-0.916702215630399,0.707597311586142,5.51907300483435,967,973,"lec",1,5318.69312564239
"974",99.1024699415153,"word",-0.902220021840817,0.256826684111729,1.25219517154619,274,974,"lec",1,5029.86126812688,100.387196350602,98.2571835409539,"word",1.56098946114577,0.708288996480405,0.163283196743578,291,974,"lec",1,5220.67657555311,"word",-0.712257051811957,0.237637058598921,0.602451602462679,61,974,"lec",1,4835.99445970718,101.344561450634,"word",0.605535920610428,0.528964207042009,6.89203952439129,385,974,"lec",1,4945.69493378371,100.501464105962,"word",0.317614701080781,0.46210989006795,6.46194753935561,794,974,"lec",1,4877.94236972659
"975",100.365809046629,"word",-0.0215678385019747,0.323758170707151,7.97156614018604,506,975,"lec",1,5358.04446178969,99.3429060792465,100.548606400004,"word",-0.365667164457979,0.392162766074762,8.58715086709708,54,975,"lec",1,5084.61717704214,"word",1.23595413642121,0.137840889859945,1.32202722132206,812,975,"lec",1,5111.61648002278,98.9275560730423,"word",-1.50512945406851,0.399994112085551,0.672774412669241,447,975,"lec",1,4738.66994275824,100.721215077547,"word",1.53793958509776,0.95168853434734,3.07174745481461,794,975,"lec",1,4862.71963299633
"976",102.114595714254,"word",0.949137687550373,0.181768292561173,5.80500430194661,170,976,"lec",1,5194.29844580376,98.3864905514963,100.994162173065,"word",0.310946697327401,0.401494569610804,8.95524938125163,962,976,"lec",1,4781.33806101587,"word",-0.724085414037909,0.130883912090212,3.82357726572081,528,976,"lec",1,4925.16867826969,100.163951795666,"word",0.17468876826402,0.944594178115949,2.00142464833334,331,976,"lec",1,4740.32991075796,98.3448298431093,"word",-1.10287945769695,0.782390663633123,2.39395847776905,186,976,"lec",1,5207.85494568614
"977",100.199164840036,"word",0.998190934544977,0.324767529033124,8.78234999720007,142,977,"lec",1,4971.95858926674,100.607935592288,100.025991097047,"word",0.689741180894747,0.859306025085971,2.02564873965457,514,977,"lec",1,5134.74401022035,"word",0.920773798868143,0.837613890878856,5.86397682316601,286,977,"lec",1,5146.73452426972,99.129931843934,"word",0.793660487385817,0.687976823654026,2.9400600050576,459,977,"lec",1,4909.25965513743,100.824181107893,"word",-1.57167671137718,0.591398142278194,4.71022590063512,668,977,"lec",1,4676.80324432025
"978",99.844581720873,"word",0.236967055225902,0.859830115223303,3.89105583075434,605,978,"lec",1,5228.711929964,102.54135083269,100.286762167553,"word",-0.735670912558024,0.972764880163595,1.13805141998455,927,978,"lec",1,5164.98938372351,"word",0.803299980421616,0.975630222121254,5.08020061999559,693,978,"lec",1,5111.28522774991,99.3090822754637,"word",0.961500782026189,0.0239603060763329,7.91602189652622,155,978,"lec",1,5116.36198831036,100.690354261497,"word",-1.49360079806427,0.598437851527706,3.03767752600834,907,978,"lec",1,4801.10164326498
"979",100.238711930305,"word",0.812754514359323,0.336843387456611,2.3611519834958,128,979,"lec",1,5049.76968087384,99.8833041501738,101.749840597267,"word",-0.32939973678939,0.830786342266947,4.94945200392976,292,979,"lec",1,4980.54942128322,"word",1.12692794163973,0.400776763213798,1.65659129852429,53,979,"lec",1,4989.27568483499,100.376297520248,"word",0.0955063699209098,0.431832747999579,1.27731445012614,334,979,"lec",1,5142.08910164658,99.4574325720872,"word",0.586120404009265,0.566561015555635,7.74964394746348,605,979,"lec",1,4817.02551317061
"980",100.06072270965,"word",-0.695005800455994,0.936106152134016,5.35611496074125,607,980,"lec",1,4754.29639637695,101.666555337894,100.663539957583,"word",1.36965294625638,0.168686084216461,6.18309873621911,338,980,"lec",1,5208.63875832013,"word",1.20142228713819,0.489144343882799,1.92565946141258,227,980,"lec",1,4950.72814994083,99.8592372845078,"word",-0.14781583852636,0.21722084726207,2.9688395280391,81,980,"lec",1,5222.68769809383,100.712486575286,"word",0.515858655758993,0.723519585793838,5.47956015914679,673,980,"lec",1,5223.390464509
"981",98.9772505972024,"word",0.390445457105813,0.350460436427966,1.27242611255497,328,981,"lec",1,4981.03779309426,99.3550040772234,100.236593883577,"word",-1.15174829303389,0.697220935719088,8.60134042799473,420,981,"lec",1,5120.4077706005,"word",-0.506445028143464,0.383036714047194,1.86075340025127,999,981,"lec",1,4772.68429276524,99.7130763521573,"word",0.564048851442359,0.384998575318605,5.94013390364125,629,981,"lec",1,5189.12821746153,100.952511280222,"word",1.48198209035063,0.0789636413101107,2.06136843655258,500,981,"lec",1,4988.05992717182
"982",98.5670293771565,"word",-0.037807718944913,0.676253945799544,6.02203218732029,600,982,"lec",1,5093.27045212491,99.0873908383851,100.178923993584,"word",0.335390229216276,0.603448409121484,8.1064138840884,188,982,"lec",1,5245.76388411319,"word",0.948515577892041,0.174299065256491,7.53938554553315,271,982,"lec",1,4552.76388999026,99.8774662364079,"word",1.40530705613939,0.399064364144579,3.8046685163863,367,982,"lec",1,4611.90600857846,98.3095033051294,"word",0.880642384146931,0.667844285489991,2.52214247826487,653,982,"lec",1,4921.65875220405
"983",100.158372336886,"word",1.1764101737535,0.283526617567986,6.62515803938732,465,983,"lec",1,4771.9022222753,100.255637030155,97.8988204817463,"word",0.714003958763822,0.612114064861089,6.51543368585408,658,983,"lec",1,4896.15667968429,"word",-0.73420491088399,0.677442679181695,3.9505551266484,750,983,"lec",1,5000.19143849676,99.5753657251475,"word",-0.248865007026724,0.804453543853015,5.68123354809359,572,983,"lec",1,4789.88758111782,101.16846391052,"word",0.565801371866638,0.79416427295655,0.422123686876148,279,983,"lec",1,5150.95753788624
"984",101.327572727254,"word",0.666505221625705,0.194808153901249,8.41778794070706,957,984,"lec",1,5317.83967155715,100.274542042541,100.478085863896,"word",0.056123058150551,0.585487026721239,9.43450220162049,140,984,"lec",1,5066.89607739267,"word",-0.18794627137452,0.639194736490026,6.84403033694252,955,984,"lec",1,4942.86947156058,100.213686863946,"word",-0.182993542258112,0.451063907472417,1.98946400545537,638,984,"lec",1,5012.78724560332,99.2319303839954,"word",0.269347232357872,0.539439129643142,9.7896900284104,628,984,"lec",1,5115.40381643576
"985",100.455893048315,"word",-0.673778977011823,0.0446548101026565,1.24987383373082,908,985,"lec",1,5145.94450475674,99.8347253973111,98.7321937899209,"word",-0.417274703471673,0.570375862298533,5.92033324530348,931,985,"lec",1,4983.38232296201,"word",-0.584272356734316,0.236445497488603,5.906324647367,759,985,"lec",1,5164.83109403831,100.267308492726,"word",-0.422840285266033,0.281214522197843,2.87170684663579,642,985,"lec",1,4961.49895888465,99.3275863085737,"word",-1.4062909938628,0.626364682335407,8.97379000671208,943,985,"lec",1,5209.4947760182
"986",99.5889539399645,"word",-0.383317088273764,0.687190728494897,9.31887727230787,188,986,"lec",1,5300.07927808556,99.3414786034165,100.884821248923,"word",-0.919717935350702,0.146127783227712,3.66251775529236,501,986,"lec",1,5001.08176529895,"word",1.81992852538174,0.220238613896072,6.25036417972296,790,986,"lec",1,5244.99771591937,97.4902397882321,"word",0.756021710723495,0.744212484452873,3.73422243865207,658,986,"lec",1,5428.80457408091,100.035093905671,"word",0.732797305004376,0.377824184251949,2.99855950986966,445,986,"lec",1,4912.76339783677
"987",100.869918933595,"word",-0.264025178896119,0.987134389579296,5.66089804051444,153,987,"lec",1,5221.81231912368,100.403999512442,100.151728402998,"word",0.688401513798666,0.496188790537417,4.92133084917441,30,987,"lec",1,5404.64633023216,"word",-1.82218312915237,0.37287800014019,9.4798997300677,731,987,"lec",1,4860.76277180206,100.133177072187,"word",0.0819284441343757,0.953618828672916,7.04884126316756,749,987,"lec",1,4941.14324638022,99.6001225489728,"word",1.46260839684174,0.955105069093406,8.9597022626549,959,987,"lec",1,5030.34006063303
"988",102.634169459074,"word",0.263476037213468,0.187890521017835,4.24038312863559,252,988,"lec",1,5131.91970464813,102.062556469367,99.2432262661225,"word",-1.27879759275999,0.0628141404595226,1.98811733862385,126,988,"lec",1,4552.79394936154,"word",1.6324106594272,0.971742498222739,3.81729470333084,180,988,"lec",1,4606.6338486945,99.954299303923,"word",-0.59427882032721,0.331609335029498,3.99742062436417,576,988,"lec",1,4886.19132684601,101.628734270239,"word",1.24950552817208,0.152700829086825,8.8777464767918,992,988,"lec",1,5255.28619241823
"989",99.3964090159695,"word",-1.12739521156747,0.477453463943675,7.92195423971862,649,989,"lec",1,4785.97991417152,99.3955864404523,99.1552327632489,"word",-0.329416830619872,0.730284467805177,2.93338123243302,733,989,"lec",1,4951.95661954094,"word",-0.0428695184555879,0.349698937730864,5.65511504886672,709,989,"lec",1,5130.83901899776,100.700883773278,"word",-1.24407367410476,0.41129417414777,5.87199441390112,769,989,"lec",1,4706.52435391677,100.006874824005,"word",0.0442953609096105,0.248766621109098,8.76068602083251,55,989,"lec",1,5070.30577729244
"990",99.5387052650086,"word",-0.59266071142235,0.949057498946786,9.47210778715089,514,990,"lec",1,4933.6011063091,98.8625380384824,100.606457844964,"word",-0.221534897937239,0.136106192599982,1.47523009683937,270,990,"lec",1,4879.97526490334,"word",-1.44907167338035,0.63697642320767,4.30975208990276,937,990,"lec",1,4991.52185103478,98.5142868655965,"word",1.52466606894426,0.148405064595863,8.39021938387305,273,990,"lec",1,4779.11805146089,100.859448004902,"word",-1.06309661956944,0.268622000003234,6.75058994907886,536,990,"lec",1,4908.78689157102
"991",100.379612143044,"word",0.999610906419711,0.3249641652219,9.80359941488132,278,991,"lec",1,4968.28113336552,101.145857556492,101.811972519837,"word",-0.41034911723745,0.84324500663206,7.72033990127966,423,991,"lec",1,5181.73672827575,"word",-0.563603172392985,0.0824787886813283,8.25771054252982,273,991,"lec",1,5198.23158418938,100.521816000784,"word",-0.512554441678823,0.561933735851198,6.47590483771637,801,991,"lec",1,4951.7973771179,101.24735639093,"word",0.73700664720193,0.666018720716238,3.62957913428545,862,991,"lec",1,5102.10326722479
"992",102.474897403314,"word",2.19635750493243,0.478859770577401,3.94007631577551,44,992,"lec",1,5031.58322233535,97.272333056458,99.774280742516,"word",-0.972152784394256,0.0548123302869499,7.14774076128379,515,992,"lec",1,5272.70483594179,"word",-1.62584602353237,0.201384319690987,6.63711647037417,664,992,"lec",1,4821.25151669351,100.206067032206,"word",0.117269371845517,0.619789560092613,0.284479330293834,15,992,"lec",1,5134.26571407821,101.365245024892,"word",-0.960295103512863,0.50728675397113,6.61263153888285,65,992,"lec",1,4774.89414889458
"993",102.11402502648,"word",-0.789268595158064,0.569060088135302,5.17906161490828,16,993,"lec",1,4866.74235492149,99.4118551718965,98.5935043476963,"word",1.50262384989246,0.647926647914574,8.05365209234878,703,993,"lec",1,4787.03834176143,"word",-0.813733787785698,0.447147373808548,5.57699925033376,91,993,"lec",1,4956.76588204569,101.092599616718,"word",0.11489167231033,0.393127894494683,8.37648473447189,537,993,"lec",1,5026.29362479121,101.369893327998,"word",1.41938217350572,0.750686566578224,5.88022917509079,922,993,"lec",1,4684.98115861861
"994",99.5546688231948,"word",-0.440444719561407,0.297685818979517,8.30767595209181,760,994,"lec",1,5073.08483194433,100.471054290542,99.5974279513064,"word",-0.51723851186649,0.199550500605255,1.21616773540154,287,994,"lec",1,5072.77670886458,"word",1.3283247353357,0.926363094942644,4.98325004242361,338,994,"lec",1,5353.31423633129,100.519795962804,"word",-0.535960455717003,0.0120773653034121,2.70262118661776,526,994,"lec",1,4974.76264139307,100.356029525143,"word",1.82351347262539,0.693979980656877,5.30600008089095,550,994,"lec",1,5155.73566089233
"995",99.8983846633897,"word",0.322330312278947,0.843770174309611,5.29398877639323,758,995,"lec",1,5169.91256298133,100.367967070526,100.197206750396,"word",-0.0501220646595746,0.722824768396094,3.65989328129217,836,995,"lec",1,5151.26158102458,"word",-0.448453835464599,0.930839028675109,6.27708305371925,683,995,"lec",1,4906.25347849012,98.5704032326108,"word",2.21168774472149,0.265889056725428,7.4028728553094,814,995,"lec",1,4719.51542438183,99.2111148961783,"word",0.57835529922707,0.349700373364612,4.07338322838768,572,995,"lec",1,4812.39994308866
"996",100.165906280165,"word",0.402091831313453,0.704022564692423,5.70036680903286,83,996,"lec",1,4575.44423159,98.2660874861713,98.7025809818099,"word",1.73668356321847,0.908082820242271,8.10606088954955,566,996,"lec",1,4763.9227484687,"word",1.3427109393141,0.155705613782629,9.10642646020278,624,996,"lec",1,5072.6966532144,101.244602822761,"word",0.165062444491191,0.10423830896616,3.78826877102256,25,996,"lec",1,5218.66593150608,98.3102358720537,"word",-0.543669480794575,0.430094524053857,7.94734163442627,568,996,"lec",1,4882.77409715467
"997",100.016830334458,"word",1.29760333041248,0.581989419646561,6.03522161953151,55,997,"lec",1,5132.5180118535,99.8918479735193,100.897911964461,"word",0.34206601617363,0.018445038003847,6.02883814601228,310,997,"lec",1,4852.43701672163,"word",-1.87298183452488,0.904724141350016,0.0142911006696522,291,997,"lec",1,4926.02750286795,97.9253078818166,"word",0.860879133049646,0.142319658771157,1.85214939061552,829,997,"lec",1,5091.43152422526,100.251940514991,"word",-0.172144673221735,0.65595707623288,2.37015805440024,657,997,"lec",1,4920.2943195597
"998",99.6348307293795,"word",0.834645722634365,0.127324398374185,5.33705852692947,213,998,"lec",1,4821.40248148202,99.5180557140406,99.3323243638969,"word",-0.569508436398744,0.00723985955119133,6.16367943584919,688,998,"lec",1,4950.05059076361,"word",0.714981342128356,0.0589667649473995,2.19263568520546,750,998,"lec",1,4640.77888610222,102.393338372848,"word",1.46904713846447,0.0482648706529289,9.59806967061013,944,998,"lec",1,4970.39334096629,100.78986013173,"word",0.958234485006059,0.778129646088928,4.97698111925274,768,998,"lec",1,5144.06923965187
"999",100.006507098973,"word",-0.411901011271253,0.761661121156067,3.28342265449464,593,999,"lec",1,5279.57016992892,99.141778921715,98.8036647546176,"word",-0.306504903997591,0.851124372566119,0.770714920945466,136,999,"lec",1,4894.31619333483,"word",0.184456080822037,0.713433285010979,3.68757277028635,481,999,"lec",1,5260.25177184045,98.9042012598822,"word",0.0873475752696653,0.598823358537629,4.36416919110343,291,999,"lec",1,4751.78653601633,98.9380711869786,"word",1.95883466738641,0.544473345158622,2.67564906040207,46,999,"lec",1,4652.1363831797
"1000",99.6307076814034,"word",1.37826331952642,0.860002875793725,0.470394406002015,683,1000,"lec",1,5173.72127742849,99.8664805765603,100.096640664418,"word",1.56387298550302,0.640180729096755,6.68122083181515,460,1000,"lec",1,4872.25875103496,"word",-0.309875494090374,0.151258895173669,2.06167421769351,788,1000,"lec",1,5120.62877295298,98.1105883694712,"word",-0.683322234050381,0.240792780881748,0.523620441090316,267,1000,"lec",1,5027.51664039503,100.999684994689,"word",-0.746693217652491,0.302606919547543,4.71360946539789,574,1000,"lec",1,5025.27394352385
